"No.","Ticker","Performance (Week)","Performance (Month)","Performance (Quarter)","Performance (Half Year)","Performance (YTD)","Performance (Year)","Performance (3 Years)","Performance (5 Years)","Performance (10 Years)","Volatility (Week)","Volatility (Month)","Average Volume","Relative Volume","Price","Change","Volume"
1,"AA",-2.14%,15.37%,-34.55%,-22.06%,-6.91%,55.57%,75.24%,12.10%,,4.47%,3.83%,5716.06,0.03,49.47,-0.50%,7781
2,"AAAA",-0.26%,2.76%,0.51%,8.38%,12.10%,18.49%,,,,0.23%,0.35%,6.26,0.00,30.65,0.00%,0
3,"AAAC",0.05%,0.20%,0.15%,0.07%,0.30%,,,,,0.00%,0.00%,75.28,0.00,20.11,0.00%,0
4,"AAAP",0.08%,0.32%,,,1.13%,,,,,0.15%,0.08%,63.56,0.00,25.41,0.00%,0
5,"AAAU",1.01%,13.15%,1.73%,-12.00%,5.99%,34.47%,137.74%,149.24%,,1.29%,1.26%,1486.08,0.04,45.10,-0.40%,3262
6,"AAC-U",0.00%,0.89%,,,1.19%,,,,,0.25%,0.42%,493.05,0.00,10.19,0.00%,0
7,"AACB",,0.38%,1.44%,2.41%,2.82%,4.54%,,,,0.13%,0.31%,49.38,0.00,10.59,0.00%,0
8,"AACI",0.40%,0.60%,1.21%,,1.01%,,,,,0.12%,0.13%,43.73,0.00,10.05,0.00%,0
9,"AACO",0.19%,0.49%,1.10%,,0.39%,,,,,0.02%,0.07%,23.66,0.00,9.99,0.00%,0
10,"AACP",0.30%,0.40%,,,1.11%,,,,,0.29%,0.13%,172.89,0.00,10.06,0.00%,0
11,"AADR",0.47%,3.64%,-2.83%,-11.29%,-2.32%,1.31%,63.44%,24.22%,107.52%,0.65%,1.14%,2.84,0.00,84.25,0.00%,0
12,"AAEQ",-0.28%,3.53%,2.21%,10.84%,10.87%,,,,,0.11%,0.22%,0.75,0.00,54.69,0.00%,0
13,"AAMI",5.06%,15.94%,28.39%,69.50%,103.51%,86.89%,351.82%,250.88%,617.02%,2.15%,3.37%,468.34,0.00,95.65,0.00%,0
14,"AAPR",-0.10%,1.03%,0.93%,4.03%,4.84%,7.63%,,,,0.15%,0.17%,3.90,0.00,29.79,0.00%,0
15,"AAUA",-0.62%,3.11%,2.63%,,17.80%,,,,,0.24%,0.12%,5.15,0.00,58.36,0.00%,0
16,"AAUB",-0.45%,3.52%,,,2.71%,,,,,0.16%,0.46%,6.98,0.00,50.82,0.00%,0
17,"AAUC",2.09%,37.40%,-13.91%,-25.50%,2.27%,67.74%,,,,3.35%,4.76%,718.04,0.01,23.40,-0.64%,511
18,"AAUS",-0.26%,3.56%,2.31%,10.52%,11.50%,18.63%,,,,0.03%,0.32%,8.66,0.00,61.44,0.00%,0
19,"AAVM",0.56%,4.61%,0.43%,2.73%,17.81%,24.77%,55.32%,25.40%,,0.05%,0.36%,1.17,0.00,34.78,0.00%,0
20,"AAXJ",1.69%,8.27%,-1.49%,8.38%,25.35%,34.68%,80.14%,35.92%,99.66%,0.96%,1.37%,570.63,0.00,116.73,0.00%,0
21,"AB",2.30%,-0.70%,-0.38%,-7.04%,-4.24%,-7.88%,21.34%,-29.19%,68.26%,1.29%,1.49%,289.95,0.00,36.85,0.00%,2
22,"ABBV",-0.74%,-1.30%,18.87%,15.66%,13.74%,24.91%,77.17%,117.33%,302.24%,1.89%,2.25%,6576.21,0.01,259.89,-1.15%,1811
23,"ABCS",0.39%,1.64%,12.68%,15.64%,19.45%,19.69%,,,,0.30%,0.45%,1.98,0.00,36.34,0.00%,0
24,"ABEQ",0.34%,1.76%,5.72%,-0.47%,9.77%,11.66%,41.28%,41.96%,,0.37%,0.44%,13.38,0.00,39.35,0.00%,0
25,"ABIG",-0.40%,3.10%,4.16%,12.94%,9.87%,13.97%,,,,0.13%,0.27%,2.03,0.00,35.17,0.00%,0
26,"ABLD",0.63%,7.55%,6.08%,-2.01%,13.61%,14.27%,19.84%,,,0.79%,0.85%,9.88,0.00,33.05,0.00%,0
27,"ABLG",0.04%,6.22%,-2.06%,-3.56%,0.64%,6.01%,20.45%,-11.66%,,0.35%,1.13%,2.44,0.00,31.91,0.00%,0
28,"ABNB",0.83%,21.91%,38.69%,36.19%,37.44%,43.66%,48.29%,20.99%,,2.10%,3.08%,4248.91,0.02,186.54,-0.81%,3818
29,"ABOT",-0.48%,5.69%,12.86%,27.73%,11.75%,13.69%,74.54%,50.93%,,0.00%,0.35%,0.35,0.00,43.69,0.00%,0
30,"ABSI",0.32%,34.93%,53.13%,231.32%,166.76%,265.10%,454.17%,-52.98%,,6.96%,7.04%,4982.72,0.01,9.31,0.98%,2230
31,"ABT",-0.84%,4.80%,31.15%,-2.65%,-9.67%,-13.91%,8.61%,-9.16%,163.33%,1.80%,2.10%,11756.25,0.00,113.18,-0.81%,2003
32,"ABUF",-0.11%,1.75%,3.13%,,9.81%,,,,,0.13%,0.15%,5.41,0.00,27.59,0.00%,0
33,"ABUS",4.22%,17.69%,11.85%,12.83%,7.90%,42.19%,155.67%,59.69%,40.65%,3.49%,3.76%,2671.08,0.00,5.19,0.00%,0
34,"ACA",0.18%,0.55%,14.57%,14.24%,37.00%,46.92%,90.38%,178.88%,,0.24%,0.30%,736.07,0.01,145.66,0.28%,545
35,"ACAA",0.30%,0.20%,0.91%,,-0.30%,,,,,0.06%,0.02%,26.88,0.00,10.02,0.00%,0
36,"ACAD",1.96%,12.41%,36.89%,20.17%,10.86%,11.44%,3.53%,73.06%,-9.89%,3.08%,3.44%,1618.51,0.00,29.61,0.10%,301
37,"ACCL",-2.25%,31.16%,93.15%,94.48%,4.06%,,,,,4.50%,5.61%,444.20,0.00,2.82,0.00%,0
38,"ACEP",0.47%,5.38%,6.39%,15.22%,28.38%,,,,,0.43%,0.32%,2.53,0.00,20.92,0.00%,0
39,"ACFN",10.01%,9.90%,24.93%,14.43%,39.74%,-25.56%,266.32%,144.21%,624.59%,8.94%,7.34%,26.57,0.00,21.10,0.00%,0
40,"ACGC",0.10%,0.50%,,,0.70%,,,,,0.00%,0.11%,129.66,0.00,10.01,0.00%,0
41,"ACGL",1.28%,-3.79%,10.93%,0.94%,4.86%,9.68%,41.75%,153.36%,300.37%,1.40%,1.90%,2007.88,0.00,100.58,-0.14%,489
42,"ACGO",-0.47%,5.40%,,,-3.64%,,,,,0.03%,0.03%,13.12,0.00,37.99,0.00%,0
43,"ACGR",-0.58%,5.08%,-1.34%,8.17%,4.59%,10.23%,68.08%,62.81%,,0.20%,0.22%,0.31,0.00,69.07,0.00%,0
44,"ACHR",-1.97%,33.26%,-12.33%,-19.11%,-20.61%,-34.75%,3.29%,-40.24%,,5.54%,7.71%,40803.93,0.01,5.97,1.19%,22021
45,"ACHX",-17.47%,37.24%,,,32.56%,,,,,1.77%,3.18%,0.69,0.00,33.76,0.00%,0
46,"ACIO",-0.40%,2.74%,0.41%,6.79%,7.23%,10.41%,51.02%,52.78%,,0.44%,0.64%,138.87,0.00,46.86,0.00%,0
47,"ACLC",0.28%,4.10%,2.87%,8.93%,10.28%,14.82%,57.41%,52.59%,,0.45%,0.58%,12.10,0.00,86.40,0.00%,0
48,"ACLO",0.12%,0.00%,0.02%,-0.02%,0.43%,0.09%,,,,0.04%,0.06%,42.14,0.00,50.49,0.00%,0
49,"ACNB",1.72%,-0.37%,19.33%,26.87%,34.27%,39.46%,92.63%,124.09%,139.72%,2.06%,1.97%,73.41,0.00,64.32,0.00%,0
50,"ACNT",0.65%,-0.26%,10.28%,-10.43%,-4.57%,28.75%,72.43%,35.65%,115.18%,2.66%,2.80%,70.38,0.00,15.45,0.00%,0
51,"ACOM",-0.43%,8.74%,,,14.93%,,,,,0.84%,0.87%,5.52,0.00,23.20,0.00%,0
52,"ACSG",-1.07%,2.92%,4.95%,16.21%,21.14%,,,,,1.48%,0.68%,6.29,0.00,49.47,0.00%,0
53,"ACSI",0.44%,0.92%,6.72%,15.66%,16.46%,18.07%,70.80%,52.15%,,0.09%,0.19%,0.29,0.00,77.68,0.00%,0
54,"ACSV",-0.49%,0.13%,6.84%,13.79%,23.05%,,,,,0.10%,0.31%,2.90,0.00,50.12,0.00%,0
55,"ACT",-1.01%,2.58%,15.44%,16.23%,24.14%,29.06%,74.58%,,,1.39%,1.88%,350.22,0.00,49.21,0.00%,0
56,"ACU",2.00%,4.58%,49.75%,36.97%,54.50%,50.91%,99.68%,60.97%,204.10%,3.80%,3.86%,25.38,0.00,62.28,0.00%,0
57,"ACVF",-0.20%,3.79%,3.94%,10.31%,12.68%,14.82%,64.12%,67.90%,,0.34%,0.56%,5.25,0.00,55.65,0.00%,0
58,"ACVT",0.56%,2.36%,4.21%,7.70%,7.57%,8.28%,,,,0.12%,0.09%,3.82,0.00,28.79,0.00%,0
59,"ACVU",-0.03%,2.16%,6.35%,12.79%,18.12%,25.10%,,,,0.52%,0.51%,7.61,0.00,32.37,0.00%,0
60,"ACWI",1.00%,5.97%,2.10%,9.21%,14.19%,20.86%,71.01%,55.49%,175.95%,0.50%,0.81%,2925.04,0.00,161.57,0.42%,265
61,"ACWV",0.79%,2.00%,4.36%,2.66%,7.31%,6.94%,31.38%,19.80%,67.06%,0.46%,0.56%,102.93,0.00,127.43,0.00%,1
62,"ACWX",1.46%,7.19%,2.59%,5.09%,16.83%,24.89%,63.46%,37.37%,92.01%,0.55%,0.80%,1754.52,0.01,78.43,0.68%,1057
63,"ACYN",0.29%,1.02%,-0.43%,3.15%,3.28%,,,,,0.34%,0.40%,1757.78,0.00,20.78,0.00%,0
64,"ACYQ",-0.03%,6.13%,,,3.66%,,,,,0.63%,0.91%,74.45,0.00,20.94,0.00%,0
65,"ACYS",0.39%,0.88%,0.88%,,2.39%,,,,,0.65%,0.69%,350.18,0.00,20.60,0.00%,0
66,"AD",1.05%,1.89%,-11.22%,-8.05%,1.45%,0.49%,97.87%,149.60%,109.34%,2.22%,2.39%,355.01,0.00,35.66,0.00%,0
67,"ADAC",-0.40%,-0.20%,0.60%,1.52%,1.01%,,,,,0.22%,0.22%,17.70,0.00,10.05,0.00%,0
68,"ADBU",2.66%,7.21%,18.51%,,16.89%,,,,,2.60%,6.88%,56.27,0.04,28.83,1.35%,100
69,"ADIV",1.01%,3.22%,4.77%,3.49%,10.51%,10.21%,51.34%,21.92%,,0.51%,0.48%,5.65,0.00,20.03,0.00%,0
70,"ADME",-0.43%,2.59%,0.43%,7.48%,9.65%,13.52%,55.95%,37.62%,121.97%,0.30%,0.53%,14.73,0.00,56.26,0.00%,0
71,"ADP",-0.30%,1.83%,26.62%,27.49%,8.22%,-8.15%,10.01%,33.22%,210.03%,1.57%,2.48%,2589.90,0.02,278.38,-1.07%,2968
72,"ADPT",4.76%,18.13%,75.44%,61.91%,64.10%,105.47%,332.63%,-24.05%,,4.19%,5.16%,2945.53,0.00,26.65,1.87%,124
73,"ADSK",2.60%,5.02%,6.89%,10.32%,-12.99%,-9.93%,19.28%,-18.40%,273.97%,2.92%,3.48%,2595.57,0.06,257.55,1.09%,7467
74,"ADUR",-0.33%,24.69%,-6.35%,33.54%,52.49%,35.72%,616.95%,649.68%,,5.11%,6.14%,546.31,0.02,15.80,2.38%,681
75,"ADUS",0.57%,1.25%,28.39%,12.18%,12.40%,5.75%,35.07%,35.45%,425.74%,1.97%,2.72%,233.73,0.00,120.71,0.00%,0
76,"ADVE",1.43%,3.52%,0.43%,1.79%,18.85%,25.89%,,,,0.00%,0.22%,1.16,0.00,46.54,0.00%,0
77,"ADX",-0.73%,2.42%,2.55%,10.70%,10.51%,18.92%,61.53%,63.07%,276.69%,0.78%,1.06%,284.43,0.00,25.77,0.00%,0
78,"AEAQ",0.15%,0.90%,1.20%,1.92%,1.61%,,,,,0.09%,0.04%,40.69,0.00,10.10,0.00%,0
79,"AEF",3.80%,13.54%,-2.94%,7.54%,36.57%,54.44%,89.31%,11.81%,79.91%,1.65%,2.23%,139.49,0.00,9.56,0.00%,0
80,"AEG",1.33%,1.22%,8.30%,19.04%,18.42%,16.90%,78.67%,84.44%,137.76%,1.10%,1.12%,4902.38,0.00,9.13,-0.87%,39
81,"AEHR",-7.91%,49.22%,-2.40%,145.20%,383.36%,301.60%,135.16%,1197.74%,4356.16%,7.14%,12.24%,2478.66,0.35,97.59,7.10%,42792
82,"AEM",0.22%,47.13%,19.40%,-13.76%,25.35%,52.33%,349.17%,262.81%,305.38%,3.90%,3.63%,3046.05,0.03,212.50,-0.72%,4294
83,"AER",2.58%,1.31%,8.35%,0.15%,4.74%,22.49%,148.52%,168.37%,286.10%,1.67%,2.28%,1136.38,0.00,150.58,0.50%,3
84,"AESP",0.73%,0.93%,,,1.34%,,,,,0.06%,0.06%,161.88,0.00,10.01,0.43%,11
85,"AFG",0.80%,0.90%,9.70%,8.59%,7.19%,9.19%,40.19%,46.22%,245.52%,1.29%,1.72%,462.63,0.00,144.80,-0.12%,3
86,"AFGR",-0.06%,3.92%,0.91%,10.85%,4.54%,6.50%,76.84%,33.32%,,0.31%,0.47%,6.16,0.00,37.04,0.00%,0
87,"AFK",3.12%,16.29%,8.50%,-2.52%,11.21%,32.58%,102.79%,38.31%,44.63%,1.61%,1.83%,63.91,0.00,29.75,0.00%,0
88,"AFLG",0.00%,2.49%,2.49%,9.63%,14.71%,19.16%,79.03%,69.56%,,0.49%,0.70%,66.23,0.00,44.85,0.00%,0
89,"AFMC",0.17%,1.10%,3.71%,10.16%,19.89%,23.30%,69.00%,60.20%,,0.81%,0.99%,30.92,0.00,41.33,0.00%,0
90,"AFOS",-0.49%,7.87%,3.59%,17.12%,33.86%,63.94%,,,,1.20%,1.26%,10.43,0.00,46.02,0.00%,0
91,"AFRM",3.18%,10.46%,6.08%,53.59%,4.04%,-0.19%,335.30%,14.05%,,2.97%,4.53%,3837.24,0.02,77.44,1.28%,3947
92,"AFSM",-0.59%,1.79%,5.61%,15.89%,23.47%,26.06%,66.31%,55.47%,,0.59%,0.89%,17.35,0.00,40.60,0.00%,0
93,"AG",-1.84%,36.66%,1.07%,-33.12%,24.85%,129.07%,250.76%,61.99%,57.70%,4.67%,4.65%,11039.68,0.07,20.80,-0.91%,41278
94,"AGD",-0.96%,2.74%,-0.64%,-1.38%,6.00%,5.37%,34.79%,0.16%,39.66%,0.91%,1.17%,111.74,0.00,12.36,0.00%,0
95,"AGEM",2.54%,8.18%,0.85%,8.19%,28.94%,40.16%,,,,0.61%,1.27%,16.70,0.00,49.49,0.00%,0
96,"AGI",2.37%,31.42%,-4.96%,-28.39%,-2.64%,26.38%,210.67%,370.68%,390.98%,3.36%,3.48%,4829.85,0.01,37.56,0.03%,2901
97,"AGIQ",-0.89%,7.65%,3.84%,14.48%,9.45%,,,,,1.10%,1.29%,6.38,0.00,24.88,0.00%,0
98,"AGIX",1.81%,13.55%,-3.66%,29.00%,25.36%,38.04%,,,,1.30%,2.11%,307.80,0.01,45.51,1.63%,105
99,"AGM",-3.87%,2.59%,22.65%,36.30%,24.25%,5.89%,30.68%,127.75%,442.10%,2.87%,3.12%,128.80,0.00,218.14,0.00%,0
100,"AGMB",5.36%,14.11%,22.62%,-11.62%,-3.74%,,,,,6.09%,7.53%,104.43,0.01,14.15,-0.91%,68
101,"AGMI",4.76%,32.69%,15.54%,-7.03%,23.28%,92.17%,,,,0.60%,1.29%,1.59,0.00,79.76,0.00%,0
102,"AGNG",-1.03%,2.86%,9.86%,0.98%,8.10%,16.72%,43.77%,26.85%,138.09%,0.81%,0.82%,13.89,0.00,38.80,0.00%,0
103,"AGQ",-0.54%,39.13%,-23.84%,-49.95%,-43.80%,63.20%,191.86%,126.80%,89.73%,4.57%,4.57%,2566.73,0.54,87.18,0.06%,69911
104,"AGQI",0.86%,4.40%,4.90%,2.91%,14.48%,20.00%,,,,0.30%,0.30%,3.69,0.00,18.89,0.00%,0
105,"AGRO",1.28%,14.11%,-12.27%,25.48%,39.72%,31.59%,-2.12%,17.87%,16.63%,5.05%,4.57%,853.17,0.01,11.08,0.00%,401
106,"AGRW",-0.23%,4.47%,0.58%,11.04%,7.18%,10.96%,,,,0.13%,0.44%,1.20,0.00,32.37,0.00%,0
107,"AGYS",-1.80%,3.53%,44.40%,61.42%,-3.56%,5.88%,66.58%,108.19%,978.17%,2.87%,3.93%,331.67,0.00,114.61,0.00%,0
108,"AHD",0.71%,4.58%,6.40%,,7.04%,,,,,1.04%,0.74%,2.47,0.00,26.69,0.00%,0
109,"AHLT",-0.04%,0.71%,-0.84%,-0.30%,10.15%,29.50%,,,,1.20%,1.04%,66.66,0.00,29.01,0.00%,0
110,"AHR",2.49%,-0.63%,15.57%,7.46%,21.46%,33.77%,,,,2.06%,2.36%,3342.66,0.00,57.16,0.00%,2
111,"AHYB",0.15%,0.64%,-0.54%,-1.65%,-1.39%,-1.33%,5.57%,,,0.11%,0.18%,2.51,0.00,46.10,0.00%,0
112,"AIA",1.12%,8.57%,-2.28%,16.61%,42.20%,63.36%,144.62%,73.89%,196.61%,1.03%,1.66%,473.60,0.00,138.66,0.00%,0
113,"AIBU",-0.31%,18.95%,-2.80%,50.40%,28.10%,40.26%,,,,0.85%,2.99%,11.75,0.00,63.25,0.00%,0
114,"AIEQ",0.39%,2.49%,2.22%,9.93%,12.36%,15.30%,65.87%,22.31%,,0.53%,0.70%,4.24,0.00,50.72,0.00%,0
115,"AIHY",0.78%,10.57%,,,4.71%,,,,,1.69%,1.57%,8.14,0.00,20.96,0.00%,0
116,"AII",6.26%,33.73%,63.61%,37.39%,37.65%,47.27%,,,,4.12%,4.03%,148.75,0.00,27.16,1.99%,20
117,"AIIA",0.10%,0.59%,0.89%,2.00%,2.82%,,,,,0.06%,0.18%,14.56,0.00,10.22,0.00%,0
118,"AINT",-1.46%,10.07%,-0.30%,21.82%,16.13%,,,,,1.71%,1.46%,2.81,0.00,29.87,0.00%,0
119,"AIOO",-0.11%,0.54%,0.67%,2.52%,2.89%,4.79%,,,,0.33%,0.27%,14.14,0.00,26.44,0.00%,0
120,"AIQ",2.00%,14.85%,-3.09%,27.26%,26.41%,42.84%,133.62%,104.52%,,1.10%,1.83%,2383.45,0.02,64.29,1.94%,2031
121,"AIQU",-2.18%,31.41%,,,-32.71%,,,,,3.62%,6.01%,11.71,0.00,16.71,0.00%,0
122,"AIR",-0.42%,-1.58%,22.83%,18.38%,67.39%,80.47%,129.17%,318.67%,467.02%,3.54%,4.15%,454.91,0.00,138.58,0.00%,0
123,"AIRT",9.96%,13.37%,48.74%,35.34%,61.20%,36.00%,48.71%,-9.15%,115.82%,6.39%,6.48%,10.16,0.00,30.79,0.00%,0
124,"AIT",-1.08%,-1.61%,9.53%,21.97%,33.36%,28.26%,122.39%,286.76%,623.52%,2.05%,2.44%,277.67,0.00,342.44,0.00%,0
125,"AIUP",0.27%,12.35%,8.16%,22.56%,21.42%,,,,,1.75%,1.48%,1.48,0.00,29.79,0.00%,0
126,"AIVC",0.49%,13.87%,2.85%,50.00%,63.68%,99.02%,214.72%,112.37%,298.74%,1.01%,2.04%,23.25,0.00,110.99,0.00%,0
127,"AIVI",0.81%,4.76%,4.82%,3.45%,16.31%,20.01%,58.75%,41.05%,55.20%,0.30%,0.37%,2.29,0.00,60.46,0.00%,0
128,"AIVL",0.18%,0.81%,6.74%,10.54%,17.59%,18.40%,45.51%,38.75%,72.89%,0.35%,0.42%,3.89,0.00,135.20,0.00%,0
129,"AIZ",2.31%,2.67%,16.62%,25.75%,19.79%,33.48%,107.97%,70.35%,229.01%,1.75%,2.30%,398.46,0.00,288.51,0.00%,14
130,"AJAN",0.10%,0.88%,0.93%,1.94%,2.80%,4.69%,,,,0.13%,0.11%,2.52,0.00,28.63,0.00%,0
131,"AJG",2.94%,-0.11%,30.65%,21.50%,2.41%,-11.72%,16.45%,85.67%,440.66%,2.95%,3.32%,1612.55,0.00,265.03,0.00%,0
132,"AJUL",-0.05%,1.17%,1.37%,3.50%,4.40%,7.03%,,,,0.19%,0.22%,29.46,0.00,30.35,0.00%,0
133,"AKAF",-0.12%,4.72%,3.31%,2.57%,15.48%,22.41%,,,,0.00%,0.03%,0.04,0.00,33.61,0.00%,0
134,"AKO-A",1.83%,6.74%,6.05%,-7.04%,5.36%,24.94%,106.20%,113.59%,22.45%,3.76%,2.10%,1.16,0.00,24.55,0.00%,0
135,"AKRE",0.08%,4.44%,12.17%,8.81%,-7.42%,,,,,1.20%,1.88%,670.41,0.00,60.65,0.00%,0
136,"AKTS",5.96%,15.41%,33.08%,35.95%,-1.81%,,,,,6.76%,5.74%,379.69,0.00,26.51,0.00%,0
137,"ALAI",0.26%,7.70%,-0.24%,26.07%,23.27%,33.75%,,,,1.16%,1.70%,89.23,0.00,44.51,0.00%,0
138,"ALCO",2.26%,6.47%,-2.58%,-2.32%,12.15%,19.44%,70.78%,9.88%,44.68%,1.91%,2.30%,20.96,0.00,40.80,0.00%,0
139,"ALDB",-0.11%,1.93%,2.05%,,2.68%,,,,,0.22%,0.28%,8.05,0.00,25.71,0.00%,0
140,"ALDF",0.09%,0.28%,1.13%,2.09%,2.67%,3.26%,,,,0.00%,0.07%,37.10,0.00,10.77,0.00%,0
141,"ALF",0.18%,0.18%,0.00%,0.93%,1.97%,3.23%,,,,0.04%,0.04%,75.22,0.00,10.86,0.00%,0
142,"ALIS",0.00%,0.49%,1.29%,2.30%,2.82%,,,,,0.14%,0.11%,31.37,0.00,10.21,0.00%,0
143,"ALL",2.33%,-5.08%,25.66%,22.42%,25.13%,27.80%,147.73%,89.41%,281.24%,1.66%,2.25%,1758.32,0.00,260.46,-0.52%,149
144,"ALLE",-1.52%,-0.59%,22.15%,2.99%,0.67%,-6.56%,45.92%,14.45%,123.92%,2.02%,2.24%,1225.39,0.00,160.28,0.00%,0
145,"ALLW",0.60%,3.89%,1.30%,1.37%,10.33%,14.03%,,,,0.48%,0.64%,533.83,0.00,30.33,0.00%,0
146,"ALM",1.58%,64.11%,-13.19%,0.73%,103.97%,326.84%,3094.67%,1481.60%,4437.88%,6.84%,7.89%,6392.66,0.19,17.97,-1.48%,61042
147,"ALMR",-4.11%,37.92%,78.24%,,50.80%,,,,,6.20%,8.62%,323.02,0.00,34.08,0.00%,0
148,"ALNT",-4.08%,20.77%,27.86%,42.07%,77.44%,101.80%,187.79%,176.28%,592.77%,4.56%,5.57%,286.55,0.01,95.37,2.50%,147
149,"ALOV",0.00%,0.60%,0.50%,,1.01%,,,,,0.14%,0.14%,20.89,0.00,10.00,0.00%,0
150,"ALPX",0.51%,0.81%,,,-0.50%,,,,,0.14%,0.13%,117.72,0.00,9.95,0.00%,0
151,"ALRG",-0.36%,2.99%,3.65%,13.77%,12.92%,20.31%,,,,0.19%,0.09%,0.42,0.00,31.18,0.00%,0
152,"ALRS",1.07%,-0.04%,13.97%,32.28%,46.26%,46.58%,76.61%,8.88%,90.94%,1.44%,3.03%,226.26,0.00,32.94,-0.88%,5
153,"ALSN",-0.22%,12.36%,13.49%,3.22%,31.59%,44.43%,119.55%,242.00%,363.75%,3.63%,3.60%,1093.43,0.08,128.83,0.04%,4281
154,"ALTY",0.12%,0.07%,0.03%,-0.75%,3.93%,5.35%,12.21%,-9.16%,-19.45%,0.49%,0.49%,18.94,0.00,12.40,0.00%,0
155,"ALUB",-0.39%,0.15%,1.00%,0.80%,1.30%,,,,,0.00%,0.10%,86.19,0.00,10.11,0.00%,0
156,"ALV",0.99%,-1.51%,-4.69%,1.76%,3.53%,-0.90%,30.78%,36.94%,60.65%,1.72%,1.88%,690.27,0.00,122.89,-0.52%,52
157,"ALX",-0.57%,2.24%,9.33%,12.22%,24.73%,17.86%,44.95%,2.15%,-37.76%,2.06%,2.46%,33.59,0.00,271.84,0.00%,0
158,"AM",0.76%,3.86%,6.01%,1.39%,26.98%,27.12%,89.20%,144.48%,,2.80%,2.49%,2359.21,0.00,22.59,0.00%,0
159,"AMAA",-4.27%,22.95%,,,19.40%,,,,,0.90%,2.05%,1.86,0.00,31.33,0.00%,0
160,"AMAL",-0.82%,-2.49%,17.54%,21.78%,51.89%,63.86%,179.76%,218.60%,,1.48%,1.71%,157.82,0.00,48.65,0.00%,0
161,"AMAN",-0.14%,5.42%,5.42%,,5.42%,,,,,1.64%,1.23%,84.07,0.00,10.70,0.00%,0
162,"AME",3.32%,5.00%,9.56%,4.24%,20.31%,32.41%,56.74%,80.51%,397.40%,1.83%,2.17%,1220.96,0.01,247.01,0.74%,357
163,"AMEI",-0.30%,1.21%,,,2.74%,,,,,0.54%,0.65%,5.74,0.00,26.38,0.00%,0
164,"AMEM",1.14%,7.56%,,,1.30%,,,,,0.23%,6.22%,4.60,0.00,25.27,0.00%,0
165,"AMG",4.27%,0.13%,20.35%,18.54%,28.55%,63.75%,181.88%,120.08%,160.08%,2.90%,3.05%,304.60,0.00,370.59,0.00%,0
166,"AMGN",0.09%,11.99%,29.02%,14.44%,32.63%,50.75%,69.32%,94.86%,152.43%,1.94%,2.64%,2699.67,0.05,434.11,-1.41%,6318
167,"AMGR",-0.75%,2.74%,,,0.17%,,,,,0.46%,1.11%,10.01,0.00,25.25,0.00%,0
168,"AMID",-0.05%,2.57%,6.08%,5.43%,9.81%,6.55%,38.80%,,,0.45%,0.57%,7.65,0.00,36.82,0.00%,0
169,"AMJB",0.96%,3.92%,5.75%,11.28%,26.68%,23.22%,,,,1.65%,1.60%,30.87,0.00,37.89,0.00%,0
170,"AMLP",1.06%,1.24%,5.30%,8.08%,17.99%,15.39%,36.15%,74.03%,-11.52%,1.20%,1.23%,1360.74,0.00,55.48,0.00%,0
171,"AMP",0.09%,2.50%,26.43%,17.15%,14.26%,8.39%,67.68%,107.50%,469.74%,2.13%,1.79%,616.93,0.00,560.28,0.00%,0
172,"AMRX",-0.66%,-4.10%,40.77%,23.39%,42.78%,91.79%,360.10%,247.30%,-24.85%,1.77%,3.45%,1999.69,0.00,17.99,0.00%,0
173,"AMUB",0.69%,3.71%,5.54%,10.48%,25.81%,23.06%,59.20%,117.72%,45.28%,0.17%,0.39%,2.38,0.00,23.77,0.00%,0
174,"AMZA",1.36%,4.62%,8.96%,14.18%,28.60%,19.08%,50.68%,102.35%,-55.78%,1.62%,1.70%,36.05,0.00,50.81,0.00%,0
175,"AMZN",-0.24%,14.48%,-5.30%,24.80%,12.42%,13.25%,94.72%,54.93%,574.85%,1.59%,2.41%,49080.95,0.10,259.48,-0.31%,250165
176,"AMZU",-0.55%,27.11%,-16.50%,37.54%,7.98%,0.94%,68.43%,,,3.11%,4.75%,3106.86,0.15,37.74,-0.42%,23679
177,"AMZZ",-0.88%,27.54%,-15.79%,40.90%,11.22%,6.94%,,,,2.92%,4.53%,161.07,0.28,35.00,-0.67%,2278
178,"ANDG",18.01%,14.14%,41.91%,144.95%,104.90%,,,,,5.14%,4.75%,436.89,0.00,53.13,0.00%,0
179,"ANEL",24.48%,63.51%,54.11%,92.77%,78.14%,,,,,5.95%,8.70%,159.32,0.02,28.85,3.98%,130
180,"ANET",12.06%,30.35%,32.61%,58.09%,57.15%,54.51%,355.30%,783.59%,4070.86%,3.54%,4.76%,8012.68,0.04,205.91,1.81%,17653
181,"ANEW",0.54%,6.17%,7.26%,11.32%,8.96%,7.33%,54.41%,16.79%,,0.05%,0.05%,0.19,0.00,54.73,0.00%,0
182,"ANF",38.91%,42.34%,77.51%,47.37%,15.90%,52.98%,190.83%,291.52%,544.92%,6.90%,4.95%,1484.41,0.08,145.88,-1.27%,5875
183,"ANGL",0.10%,0.62%,-0.07%,-2.05%,-0.90%,-0.92%,6.57%,-11.63%,2.37%,0.22%,0.25%,686.04,0.00,29.10,0.00%,0
184,"ANGO",-2.36%,9.41%,32.52%,37.15%,22.20%,60.27%,88.13%,-43.11%,-5.25%,2.31%,3.00%,441.04,0.00,15.69,0.00%,0
185,"ANRO",4.70%,33.22%,78.72%,92.36%,105.22%,780.24%,,,,5.75%,6.63%,527.65,0.00,36.53,0.00%,0
186,"ANSC",,-0.17%,0.70%,2.23%,2.32%,5.05%,,,,0.05%,0.20%,69.21,0.00,11.45,0.00%,0
187,"ANTW",2.77%,,,,-0.83%,,,,,1.56%,,47.63,0.04,25.00,3.62%,104
188,"ANV",-0.13%,1.74%,0.16%,0.83%,1.99%,,,,,0.23%,0.44%,3.51,0.00,25.43,0.00%,0
189,"AOA",-0.11%,3.29%,1.55%,5.59%,10.70%,15.68%,52.88%,38.85%,117.14%,0.40%,0.57%,106.52,0.00,99.14,0.00%,0
190,"AOCT",0.22%,0.51%,1.47%,3.43%,3.95%,6.07%,,,,0.13%,0.11%,2.70,0.00,27.62,0.00%,0
191,"AOD",0.00%,2.31%,1.92%,-0.65%,8.92%,16.70%,34.60%,2.71%,37.21%,0.86%,1.05%,410.07,0.00,10.62,0.00%,0
192,"AOHY",0.18%,0.54%,0.05%,-0.80%,-0.05%,-1.11%,,,,0.33%,0.38%,57.53,0.00,11.10,0.00%,0
193,"AOK",0.06%,1.25%,0.15%,0.36%,3.24%,4.81%,20.66%,4.25%,26.67%,0.23%,0.32%,157.96,0.00,41.43,0.00%,0
194,"AOM",-0.24%,1.82%,0.38%,1.44%,4.48%,6.88%,25.65%,9.80%,40.91%,0.29%,0.40%,151.07,0.00,49.87,0.00%,0
195,"AON",1.59%,-7.16%,11.13%,9.03%,0.31%,-4.07%,6.60%,25.93%,221.71%,1.75%,2.16%,1409.81,0.00,353.98,0.00%,0
196,"AOR",0.13%,2.58%,0.98%,3.52%,7.66%,11.36%,38.90%,23.77%,75.67%,0.33%,0.48%,301.67,0.00,69.99,0.00%,0
197,"AORT",-5.62%,0.70%,19.51%,-23.98%,-40.36%,-38.22%,61.52%,9.24%,73.58%,4.30%,4.44%,748.27,0.00,27.20,0.00%,0
198,"AOTG",1.09%,8.44%,2.84%,26.92%,15.13%,23.84%,115.31%,,,0.60%,1.03%,4.39,0.00,64.42,0.00%,0
199,"AOTS",,0.28%,0.08%,5.53%,-7.04%,,,,,0.03%,0.44%,3.57,0.00,23.25,0.00%,0
200,"AP",0.11%,8.51%,-18.97%,-6.20%,67.54%,205.82%,152.97%,91.22%,7.80%,5.64%,7.25%,177.00,0.00,8.93,0.00%,0
201,"APAC",0.76%,0.96%,1.56%,2.47%,3.40%,,,,,0.06%,0.08%,13.59,0.00,10.29,0.00%,0
202,"APAM",2.42%,6.48%,14.58%,6.14%,8.26%,-6.20%,20.55%,-8.49%,93.06%,1.98%,2.66%,855.85,0.00,43.53,0.00%,0
203,"APD",2.11%,4.21%,8.11%,11.02%,24.14%,4.10%,6.37%,14.21%,115.04%,2.40%,2.17%,1253.23,0.00,306.66,0.00%,35
204,"APDB",-0.06%,1.72%,1.83%,,2.79%,,,,,0.06%,0.04%,0.62,0.00,26.11,0.00%,0
205,"APGE",0.18%,0.58%,73.57%,90.37%,78.79%,256.35%,468.21%,,,0.09%,0.13%,2746.06,0.00,134.95,0.00%,0
206,"APH",7.31%,9.31%,11.25%,10.66%,21.58%,49.19%,280.76%,328.14%,968.44%,2.51%,3.56%,7845.72,0.01,164.30,1.83%,4797
207,"APHU",15.52%,17.18%,15.97%,4.32%,1.78%,,,,,4.06%,5.73%,15.87,0.11,25.85,4.52%,86
208,"API",3.24%,13.05%,4.94%,-4.90%,9.58%,27.07%,55.94%,-85.02%,,3.04%,3.85%,414.35,0.00,4.46,7.99%,2
209,"APIE",0.70%,3.40%,3.02%,1.76%,11.67%,15.76%,59.38%,,,0.83%,0.90%,76.80,0.00,39.65,0.00%,0
210,"APMC",0.20%,0.30%,,,0.30%,,,,,0.20%,0.13%,84.03,0.00,9.94,0.00%,0
211,"APMD",2.56%,,,,33.09%,,,,,11.09%,,545.14,0.00,29.28,-1.01%,45
212,"APO",5.93%,14.96%,7.98%,20.36%,-4.88%,1.45%,65.59%,134.76%,645.88%,2.31%,3.57%,4112.25,0.00,137.69,3.01%,26
213,"APOC",0.13%,0.55%,1.24%,0.28%,1.19%,2.76%,,,,0.36%,0.26%,13.49,0.00,26.51,0.00%,0
214,"APPF",3.70%,25.19%,36.90%,33.89%,-4.07%,-18.47%,21.41%,82.89%,1106.38%,3.21%,4.37%,406.39,0.00,223.18,0.00%,0
215,"APRB",0.22%,1.61%,2.47%,5.56%,7.03%,,,,,0.03%,0.09%,1.80,0.00,27.39,0.00%,0
216,"APRH",0.16%,0.86%,-0.49%,1.51%,2.14%,0.83%,1.31%,,,0.22%,0.22%,4.19,0.00,25.25,0.00%,0
217,"APRJ",0.00%,0.56%,-0.60%,0.56%,1.22%,0.36%,0.79%,,,0.11%,0.11%,3.53,0.00,24.95,0.00%,0
218,"APRP",0.05%,1.70%,2.38%,10.51%,11.70%,15.55%,,,,0.08%,0.12%,3.43,0.00,33.20,0.00%,0
219,"APRT",0.07%,1.71%,2.39%,10.94%,12.26%,16.24%,49.31%,64.57%,,0.04%,0.10%,9.81,0.00,46.74,0.00%,0
220,"APRW",0.13%,1.18%,1.89%,7.16%,8.09%,11.12%,33.80%,41.46%,,0.14%,0.13%,15.45,0.00,37.68,0.00%,0
221,"APRZ",-0.31%,2.57%,1.46%,7.44%,8.48%,10.05%,41.69%,49.78%,,0.05%,0.15%,1.37,0.00,40.59,0.00%,0
222,"APT",-1.49%,6.00%,-8.93%,3.52%,19.37%,9.05%,16.48%,-35.52%,73.77%,3.32%,3.79%,52.55,0.00,5.30,0.00%,0
223,"APUE",-0.29%,3.41%,2.91%,11.28%,13.61%,19.82%,76.77%,,,0.42%,0.62%,133.01,0.00,47.34,0.00%,0
224,"APUR",0.00%,0.30%,,,0.61%,,,,,0.00%,0.05%,121.02,0.00,9.97,0.00%,0
225,"APXM",0.00%,0.90%,1.22%,2.58%,3.19%,4.98%,,,,0.17%,0.07%,2.28,0.00,32.03,0.00%,0
226,"APXT",-0.05%,-0.05%,0.85%,1.45%,2.28%,,,,,0.12%,0.18%,254.68,0.00,10.11,0.00%,0
227,"AQEC",-0.04%,0.22%,6.81%,3.09%,0.69%,,,,,0.35%,0.49%,25.20,0.00,26.05,0.00%,0
228,"AQLG",-0.44%,2.09%,,,4.88%,,,,,0.00%,0.00%,0.06,0.00,26.42,0.00%,0
229,"AQLT",-0.18%,3.15%,1.09%,6.43%,13.70%,22.08%,,,,0.45%,0.59%,44.41,0.00,31.96,0.00%,0
230,"AQST",21.02%,51.11%,35.32%,32.36%,-15.79%,41.30%,203.91%,34.65%,,6.45%,5.93%,2569.42,0.00,5.44,0.93%,507
231,"AR",2.31%,9.65%,7.60%,12.07%,11.81%,23.10%,46.17%,178.40%,44.80%,2.76%,2.92%,4584.91,0.00,38.53,0.00%,409
232,"ARB",0.14%,0.32%,0.66%,1.66%,2.39%,3.06%,14.82%,15.67%,,0.13%,1.01%,14.91,0.00,29.76,0.00%,0
233,"ARCI",0.16%,0.59%,1.91%,,2.63%,,,,,0.06%,0.17%,44.49,0.00,10.16,0.00%,0
234,"ARCL",0.00%,0.50%,,,1.01%,,,,,0.17%,0.11%,67.64,0.00,9.97,0.00%,0
235,"ARCM",0.06%,0.01%,-0.03%,-0.13%,0.21%,-0.15%,0.60%,0.28%,,0.02%,0.02%,0.36,0.00,100.32,0.00%,0
236,"ARCP",-0.03%,,,,0.28%,,,,,0.00%,,60.33,0.00,25.12,0.00%,0
237,"AREC",3.11%,57.38%,11.67%,-12.63%,8.51%,23.45%,107.01%,23.45%,-77.57%,8.10%,8.60%,2967.69,0.00,2.65,-0.75%,108
238,"ARES",-0.78%,11.01%,12.17%,19.13%,-12.16%,-20.65%,42.02%,94.54%,726.98%,2.73%,3.76%,2375.30,0.00,141.98,0.00%,0
239,"ARGT",3.34%,1.37%,-1.17%,2.05%,3.34%,18.15%,106.24%,166.23%,319.26%,1.75%,1.93%,181.75,0.00,94.46,0.00%,0
240,"ARGX",1.63%,19.54%,25.83%,36.75%,25.46%,49.03%,108.07%,213.36%,,2.37%,2.75%,333.94,0.00,1055.04,0.76%,39
241,"ARIA",1.35%,,,,2.09%,,,,,0.30%,,0.08,0.00,25.28,0.00%,0
242,"ARIS",1.77%,47.83%,19.88%,-8.47%,26.61%,152.43%,847.36%,424.52%,1422.09%,3.51%,4.15%,1525.70,0.00,20.55,-0.44%,197
243,"ARKD",1.97%,9.63%,5.10%,8.46%,3.80%,,,,,0.31%,0.28%,0.23,0.00,21.02,0.00%,0
244,"ARKE",1.79%,9.61%,,,0.81%,,,,,0.05%,0.25%,0.97,0.00,20.67,0.00%,0
245,"ARKF",5.05%,15.57%,9.98%,17.41%,-2.58%,-13.03%,132.70%,-13.51%,,1.93%,2.09%,155.84,0.07,46.40,0.43%,573
246,"ARKG",3.88%,31.97%,45.05%,61.94%,70.83%,100.20%,61.94%,-41.35%,194.80%,3.86%,3.57%,3671.23,0.02,49.49,0.08%,3101
247,"ARKI",2.00%,11.05%,5.77%,,13.15%,,,,,0.00%,0.15%,0.14,0.00,23.03,0.00%,0
248,"ARKK",4.23%,22.97%,7.13%,16.32%,12.83%,14.92%,111.84%,-28.29%,345.53%,2.30%,2.63%,6120.66,0.01,86.79,1.18%,3546
249,"ARKT",1.57%,8.22%,4.75%,7.63%,5.39%,,,,,0.35%,0.23%,0.31,0.00,19.75,0.00%,0
250,"ARKW",2.41%,15.01%,3.20%,21.74%,4.94%,-1.41%,181.57%,5.57%,663.77%,1.47%,2.01%,77.32,0.11,155.03,0.01%,410
251,"ARKX",-1.09%,10.30%,-13.73%,0.49%,12.35%,23.38%,133.41%,56.13%,,1.76%,2.33%,1164.57,0.00,32.56,0.34%,49
252,"ARKY",3.32%,,,,2.76%,,,,,1.40%,,302.79,0.00,20.85,3.27%,2
253,"ARLI",0.35%,3.17%,3.24%,,7.50%,,,,,0.07%,0.13%,0.84,0.00,26.99,0.00%,0
254,"ARLP",0.46%,1.08%,5.01%,-1.10%,12.74%,15.12%,29.33%,219.78%,29.53%,1.53%,2.11%,308.35,0.00,26.19,0.00%,0
255,"ARLU",-0.39%,2.78%,1.29%,5.92%,7.23%,12.72%,,,,0.25%,0.34%,3.45,0.00,32.50,0.00%,0
256,"ARMK",-0.43%,3.69%,11.54%,45.21%,61.48%,50.95%,121.28%,141.29%,119.16%,1.33%,1.96%,2599.43,0.00,59.52,0.00%,0
257,"ARMP",7.50%,15.22%,-31.62%,-48.73%,-13.22%,110.02%,86.01%,43.42%,-97.70%,12.70%,11.11%,149.64,0.00,5.45,0.00%,0
258,"ARMS",0.06%,,,,0.58%,,,,,0.12%,,60.73,0.00,25.20,0.00%,0
259,"ARMY",-4.11%,2.09%,-0.58%,-5.61%,8.33%,,,,,0.45%,0.66%,2.18,0.00,25.83,0.00%,0
260,"ARP",-0.03%,5.51%,2.06%,1.16%,12.67%,16.61%,35.73%,,,0.11%,0.29%,6.66,0.00,34.03,0.00%,0
261,"ARTC",-0.12%,-0.10%,0.30%,,0.91%,,,,,0.32%,0.12%,47.21,0.00,9.95,0.00%,0
262,"ARTW",-4.61%,15.54%,9.85%,20.83%,23.40%,-4.92%,9.43%,-13.95%,-1.69%,4.66%,11.99%,545.37,0.00,2.90,0.00%,0
263,"ARTY",2.15%,23.14%,3.86%,45.82%,56.75%,76.49%,143.85%,71.25%,,1.55%,2.56%,719.35,0.00,75.52,1.00%,172
264,"ARVR",-0.26%,5.40%,0.34%,20.04%,15.79%,17.75%,90.88%,,,0.08%,0.07%,0.41,0.00,56.67,0.00%,0
265,"ARWG",-0.34%,1.59%,5.25%,3.62%,7.16%,,,,,0.43%,0.60%,1.64,0.00,26.32,0.00%,0
266,"ARWR",2.09%,3.57%,12.97%,40.87%,34.51%,309.82%,219.96%,35.16%,1184.89%,2.97%,3.44%,2016.42,0.00,89.30,0.20%,5
267,"ARX",0.61%,33.63%,20.31%,92.09%,20.31%,-32.71%,,,,0.34%,4.13%,3692.17,0.00,19.67,0.00%,0
268,"ARXS",0.37%,26.91%,15.10%,,41.84%,,,,,4.56%,6.25%,989.62,0.00,53.90,0.13%,1
269,"ASA",3.36%,28.40%,7.09%,-17.04%,7.83%,73.05%,341.33%,217.92%,344.78%,3.02%,3.08%,78.29,0.00,64.34,0.00%,0
270,"ASCE",2.24%,5.61%,8.52%,21.85%,32.50%,34.51%,,,,0.72%,1.29%,71.79,0.00,35.55,0.00%,0
271,"ASCI",1.09%,4.41%,-2.48%,2.25%,7.48%,,,,,0.27%,0.36%,2.36,0.00,37.07,0.00%,0
272,"ASD",-1.47%,3.52%,,,13.96%,,,,,0.25%,0.21%,0.58,0.00,28.10,0.00%,0
273,"ASEA",0.68%,2.97%,8.89%,5.04%,18.34%,25.74%,45.08%,52.10%,51.15%,0.36%,0.70%,26.16,0.00,21.69,0.00%,0
274,"ASGI",-1.68%,4.46%,1.53%,-1.29%,9.93%,18.00%,42.41%,18.46%,,1.81%,1.75%,178.51,0.00,24.58,0.00%,0
275,"ASGM",0.57%,5.71%,2.00%,10.98%,22.25%,29.67%,,,,0.32%,0.23%,0.80,0.00,32.55,0.00%,0
276,"ASIC",9.11%,4.42%,32.80%,12.36%,27.18%,17.19%,,,,3.63%,4.09%,76.91,0.00,26.72,0.00%,0
277,"ASLV",-0.25%,1.57%,4.70%,5.16%,11.11%,13.67%,,,,0.14%,0.23%,3.64,0.00,31.14,0.00%,0
278,"ASM",1.18%,45.92%,7.40%,-16.77%,23.83%,75.17%,1066.03%,646.60%,241.78%,5.51%,5.51%,3877.50,0.02,7.69,1.32%,3929
279,"ASMB",3.11%,37.68%,24.68%,16.84%,1.65%,33.54%,222.73%,-21.50%,-55.33%,4.79%,5.69%,232.41,0.00,34.57,-2.39%,1
280,"ASRV",-0.60%,10.44%,30.45%,32.18%,55.80%,61.89%,58.28%,26.79%,57.28%,4.08%,5.16%,18.03,0.24,4.97,-2.17%,214
281,"ATAI",-0.94%,2.37%,66.67%,97.05%,79.71%,60.83%,377.27%,-55.72%,,1.17%,0.72%,11985.39,0.00,7.35,-0.54%,2046
282,"ATAT",-4.68%,0.57%,4.19%,-13.83%,-10.48%,-5.06%,82.27%,,,3.91%,3.09%,957.63,0.00,35.27,0.00%,0
283,"ATC",5.67%,5.99%,0.74%,,-3.24%,,,,,0.23%,0.23%,0.54,0.00,23.64,0.00%,0
284,"ATFV",1.37%,12.34%,-1.49%,16.66%,14.08%,23.61%,169.00%,82.40%,,1.69%,1.99%,61.83,0.06,39.78,1.12%,179
285,"ATI",1.81%,19.72%,24.90%,30.24%,85.60%,177.49%,386.97%,1060.76%,1179.28%,3.62%,4.24%,1661.54,0.00,213.00,0.07%,164
286,"ATLO",0.16%,2.42%,9.16%,12.86%,36.45%,58.31%,70.92%,33.66%,14.84%,2.75%,2.52%,62.96,0.00,31.33,0.00%,0
287,"ATMP",1.22%,3.72%,6.03%,12.07%,29.65%,28.95%,80.45%,149.56%,64.83%,1.06%,1.01%,15.28,0.00,37.30,0.00%,0
288,"ATR",2.29%,-0.17%,17.25%,-4.08%,11.51%,-2.47%,6.63%,1.09%,73.31%,1.73%,2.10%,468.22,0.00,136.00,0.56%,7
289,"ATRO",-5.09%,13.43%,14.27%,23.21%,79.09%,164.76%,473.10%,629.28%,206.88%,5.75%,6.01%,728.32,0.00,77.51,0.00%,0
290,"ATTR",0.00%,0.81%,0.81%,3.90%,5.13%,,,,,0.06%,0.07%,3.36,0.00,95.09,0.00%,0
291,"AU",1.75%,50.46%,21.65%,-7.07%,37.38%,111.67%,577.23%,596.14%,560.80%,4.07%,3.90%,3182.86,0.06,117.16,-0.80%,9883
292,"AUAU",5.73%,37.81%,18.97%,-7.58%,20.02%,,,,,1.83%,1.52%,2.10,0.00,44.16,0.00%,0
293,"AUBN",1.84%,0.99%,6.44%,6.87%,-1.26%,8.70%,19.54%,-22.49%,-7.79%,0.88%,0.86%,1.80,0.00,26.61,0.00%,0
294,"AUGM",0.31%,0.65%,1.52%,3.45%,4.15%,6.31%,,,,0.20%,0.14%,8.55,0.00,35.44,0.00%,0
295,"AUGO",2.33%,62.77%,16.91%,-1.15%,75.96%,209.85%,1229.98%,688.53%,9830.17%,4.49%,4.94%,1061.55,0.00,88.71,-0.66%,119
296,"AUGP",-0.03%,1.72%,3.45%,7.68%,9.02%,13.64%,,,,0.20%,0.35%,5.66,0.00,33.92,0.00%,0
297,"AUGT",-0.09%,2.01%,3.63%,8.42%,9.84%,14.58%,61.09%,,,0.25%,0.38%,4.23,0.00,39.15,0.00%,0
298,"AUGU",-0.25%,2.64%,1.27%,8.30%,9.31%,14.39%,,,,0.22%,0.40%,6.55,0.00,32.21,0.00%,0
299,"AUGW",-0.12%,1.34%,2.47%,5.61%,6.56%,10.09%,41.34%,,,0.30%,0.57%,27.32,0.00,34.67,0.00%,0
300,"AUGZ",-0.29%,2.58%,1.13%,7.92%,8.94%,10.18%,39.47%,43.71%,,0.05%,0.24%,5.12,0.00,46.05,0.00%,0
301,"AUMI",6.09%,37.39%,21.50%,-9.42%,16.56%,68.64%,,,,2.07%,1.67%,3.91,0.00,107.17,0.00%,0
302,"AUPH",-4.91%,8.18%,6.98%,17.55%,2.96%,35.61%,79.28%,-7.22%,742.15%,3.47%,3.47%,1472.17,0.00,16.42,-0.71%,130
303,"AUSF",0.04%,-0.27%,6.09%,5.15%,12.68%,13.51%,62.07%,73.46%,,0.61%,0.78%,56.05,0.00,52.25,0.00%,0
304,"AUST",3.17%,41.30%,-2.26%,-36.59%,-12.16%,-16.67%,57.58%,,,6.10%,9.20%,111.76,0.00,1.30,-0.76%,4
305,"AVAH",6.71%,41.95%,88.81%,91.69%,69.40%,76.31%,871.23%,47.23%,,5.04%,5.21%,2585.94,0.00,13.84,1.62%,5
306,"AVAL",-0.91%,11.68%,14.50%,24.43%,34.57%,64.16%,146.61%,32.11%,-10.95%,2.93%,3.81%,235.84,0.00,5.45,0.00%,0
307,"AVBC",0.09%,-1.61%,16.32%,16.51%,30.99%,45.35%,,,,1.39%,2.25%,138.50,0.00,22.02,0.00%,0
308,"AVDE",0.77%,4.97%,3.10%,2.25%,14.63%,22.40%,67.75%,47.90%,,0.47%,0.66%,1028.63,0.00,94.36,0.00%,0
309,"AVDS",1.19%,6.74%,2.14%,2.18%,15.70%,22.87%,70.45%,,,0.46%,0.64%,26.94,0.00,80.77,0.00%,0
310,"AVDV",1.50%,8.72%,2.41%,2.41%,19.58%,31.00%,94.99%,72.90%,,0.60%,0.81%,852.44,0.00,112.37,0.00%,0
311,"AVEE",1.87%,8.41%,-3.01%,0.12%,11.03%,10.39%,,,,0.43%,1.07%,14.96,0.00,69.29,0.00%,0
312,"AVEM",1.12%,10.15%,-2.46%,6.46%,22.81%,32.74%,76.77%,43.58%,,0.81%,1.27%,1849.93,0.00,94.59,0.00%,20
313,"AVES",1.61%,6.68%,-2.10%,-1.22%,13.38%,18.49%,52.26%,,,0.61%,0.95%,100.21,0.00,66.11,0.00%,0
314,"AVGE",0.36%,3.61%,3.01%,8.64%,18.60%,25.08%,70.50%,,,0.56%,0.73%,80.52,0.00,101.89,0.00%,0
315,"AVGV",0.45%,3.26%,3.55%,7.48%,20.83%,27.91%,72.05%,,,0.65%,0.77%,51.34,0.00,88.42,0.00%,0
316,"AVIE",0.01%,3.96%,9.59%,10.05%,23.28%,30.88%,42.40%,,,0.36%,0.28%,1.43,0.00,81.09,0.00%,0
317,"AVIV",0.75%,5.12%,4.87%,3.77%,17.32%,26.77%,74.68%,,,0.41%,0.59%,100.15,0.00,83.57,0.00%,0
318,"AVLC",-0.33%,3.39%,2.74%,11.60%,16.52%,23.21%,,,,0.57%,0.78%,76.52,0.00,91.61,0.00%,0
319,"AVLN",-4.95%,33.29%,38.11%,,42.46%,,,,,5.99%,6.94%,317.29,0.00,37.04,0.00%,0
320,"AVLV",0.10%,2.48%,4.58%,12.35%,24.84%,32.28%,77.04%,,,0.58%,0.74%,2145.69,0.00,94.59,0.00%,0
321,"AVMA",0.13%,2.31%,1.58%,4.75%,11.67%,16.02%,46.46%,,,0.26%,0.44%,9.33,0.00,74.05,0.00%,0
322,"AVMC",-0.25%,1.63%,3.44%,6.37%,14.95%,17.16%,,,,0.56%,0.82%,25.22,0.00,81.20,0.00%,0
323,"AVMV",-0.45%,0.67%,4.01%,6.51%,15.84%,19.28%,,,,0.87%,0.94%,48.47,0.00,82.48,0.00%,0
324,"AVNM",1.17%,6.03%,1.77%,2.75%,16.76%,25.30%,70.84%,,,0.49%,0.77%,59.48,0.00,85.84,0.00%,0
325,"AVNV",1.09%,6.43%,2.16%,1.85%,16.78%,25.36%,73.09%,,,0.26%,0.42%,9.78,0.00,87.34,0.00%,0
326,"AVO",-2.04%,0.78%,13.20%,-10.32%,11.64%,3.93%,35.60%,-36.18%,,2.64%,3.07%,1280.73,0.00,12.95,0.00%,0
327,"AVOS",0.94%,4.32%,3.77%,,14.05%,,,,,0.10%,0.27%,2.44,0.00,28.07,0.00%,0
328,"AVPT",1.45%,2.30%,29.70%,28.32%,-4.10%,-15.70%,103.98%,35.64%,,3.12%,3.48%,2281.16,0.19,13.32,0.83%,21933
329,"AVRE",0.15%,-2.09%,0.96%,2.52%,11.05%,8.22%,20.91%,,,0.65%,0.83%,63.98,0.00,48.34,0.00%,0
330,"AVRY",-0.08%,2.51%,7.16%,15.90%,0.87%,,,,,0.61%,0.86%,9.74,0.00,25.58,0.00%,0
331,"AVSC",-0.69%,0.59%,6.38%,13.45%,25.18%,29.50%,60.83%,,,0.61%,0.94%,124.09,0.00,73.53,0.00%,0
332,"AVSD",0.47%,3.81%,3.37%,2.52%,12.24%,19.06%,67.19%,,,0.42%,0.54%,56.63,0.00,83.35,0.00%,0
333,"AVSE",1.85%,7.32%,-1.88%,5.56%,21.95%,30.28%,74.14%,,,0.39%,0.89%,13.99,0.00,79.23,0.00%,0
334,"AVSU",-0.12%,2.78%,3.17%,12.65%,17.21%,24.39%,75.75%,,,0.33%,0.61%,8.68,0.00,89.43,0.00%,0
335,"AVT",4.13%,8.24%,3.86%,36.78%,88.19%,64.48%,82.86%,119.93%,117.71%,3.18%,4.22%,1299.42,0.00,90.48,0.21%,85
336,"AVTM",-0.36%,3.75%,3.54%,11.03%,11.31%,,,,,0.42%,0.40%,3.80,0.00,55.61,0.00%,0
337,"AVUQ",-0.53%,3.63%,0.20%,9.74%,10.76%,16.77%,,,,0.45%,0.76%,23.76,0.00,66.64,0.00%,0
338,"AVUS",-0.36%,2.92%,2.74%,11.01%,16.77%,23.17%,74.19%,71.69%,,0.50%,0.74%,338.16,0.00,130.52,0.00%,0
339,"AVUV",0.88%,1.28%,4.65%,10.59%,24.26%,26.43%,60.41%,66.32%,,0.78%,0.99%,1278.77,0.01,126.72,0.72%,344
340,"AVXC",1.90%,8.18%,-2.08%,8.36%,28.83%,43.72%,,,,0.54%,1.25%,41.27,0.00,82.16,0.00%,0
341,"AWAY",-0.58%,4.74%,19.89%,18.61%,-3.31%,-8.81%,14.81%,-24.17%,,0.92%,1.10%,16.37,0.00,20.03,0.00%,0
342,"AWI",-0.46%,-0.49%,11.28%,3.23%,-6.97%,-10.01%,141.38%,70.57%,304.23%,1.87%,2.04%,467.74,0.00,177.78,0.00%,0
343,"AWX",-0.73%,5.02%,5.43%,3.82%,1.12%,7.09%,14.29%,-36.30%,-16.05%,2.61%,4.12%,43.79,0.00,2.72,0.00%,0
344,"AX",2.01%,-1.11%,12.61%,3.05%,13.83%,7.60%,136.00%,103.53%,328.48%,1.97%,2.50%,368.46,0.00,98.08,0.00%,0
345,"AXGN",10.51%,24.05%,26.97%,60.88%,56.80%,217.97%,709.46%,205.11%,479.23%,6.32%,5.90%,1228.21,0.02,51.32,-0.50%,1406
346,"AXIN",0.10%,0.39%,-0.39%,1.67%,2.58%,3.51%,,,,0.31%,0.20%,94.18,0.00,10.32,0.00%,0
347,"AXON",-1.28%,14.15%,38.03%,10.21%,6.77%,-21.22%,205.59%,224.25%,2026.90%,5.00%,6.36%,1026.43,0.01,606.38,-0.18%,668
348,"AXTA",3.24%,5.23%,21.40%,9.04%,13.43%,16.50%,33.03%,17.09%,29.41%,1.89%,2.02%,2201.16,0.01,36.65,0.11%,794
349,"AXTI",-2.22%,93.40%,-38.20%,92.62%,337.31%,2391.29%,3035.96%,666.35%,1510.36%,7.89%,15.04%,10404.65,0.93,71.50,9.70%,484262
350,"AYA",4.53%,46.41%,44.53%,37.87%,95.85%,200.45%,374.54%,255.75%,4528.29%,5.02%,5.80%,658.07,0.02,28.14,1.33%,665
351,"AYI",-2.14%,-0.82%,15.03%,11.36%,-5.19%,2.50%,115.85%,84.16%,25.01%,2.08%,2.85%,363.80,0.00,341.35,0.00%,0
352,"AZ",4.80%,33.27%,7.93%,36.55%,10.75%,-18.99%,29.91%,-45.69%,,6.27%,9.02%,382.40,0.00,7.21,4.19%,4
353,"B",1.08%,28.63%,12.19%,-7.11%,7.39%,76.96%,193.97%,137.81%,165.69%,2.95%,3.02%,11022.08,0.06,46.77,-0.49%,33328
354,"BABA",-9.65%,2.52%,-6.52%,-20.34%,-19.55%,-3.52%,33.47%,-24.82%,26.11%,3.95%,2.69%,12671.40,0.33,117.93,-1.59%,209886
355,"BAC",0.27%,1.57%,22.18%,18.60%,12.78%,23.12%,117.65%,45.99%,292.84%,1.68%,1.65%,34017.69,0.01,62.03,-0.32%,13137
356,"BAFE",-0.04%,3.56%,5.28%,12.53%,10.36%,12.79%,,,,0.40%,0.66%,62.09,0.00,30.15,0.00%,0
357,"BAGX",0.45%,4.34%,,,3.28%,,,,,0.14%,0.51%,2.90,0.00,100.39,0.00%,0
358,"BAIV",0.55%,3.88%,14.30%,,14.59%,,,,,0.37%,0.61%,26.02,0.00,29.06,0.00%,0
359,"BALI",-0.46%,2.91%,1.79%,7.13%,9.56%,11.97%,,,,0.68%,0.75%,260.20,0.00,34.71,0.00%,0
360,"BALT",-0.01%,1.09%,1.73%,2.68%,3.63%,6.68%,24.24%,34.65%,,0.16%,0.21%,474.28,0.00,34.72,0.00%,0
361,"BAM",0.95%,9.84%,6.12%,6.73%,-0.73%,-13.88%,56.52%,,,1.51%,2.73%,2673.03,0.00,52.01,0.00%,425
362,"BAMA",0.03%,3.15%,0.70%,5.83%,8.91%,12.45%,,,,0.19%,0.32%,4.49,0.00,36.93,0.00%,0
363,"BAMD",0.20%,2.16%,8.93%,7.90%,17.42%,12.01%,,,,0.30%,0.48%,11.92,0.00,35.25,0.00%,0
364,"BAMG",-0.20%,3.56%,2.47%,14.82%,11.10%,22.68%,,,,0.32%,0.47%,13.72,0.00,44.58,0.00%,0
365,"BAMO",-0.10%,1.77%,2.08%,6.29%,7.69%,10.48%,,,,0.27%,0.32%,4.79,0.00,35.08,0.00%,0
366,"BAMU",0.04%,0.30%,0.02%,0.44%,0.82%,-0.22%,,,,0.15%,0.14%,8.64,0.00,25.34,0.00%,0
367,"BAMV",0.91%,5.32%,9.59%,15.48%,18.97%,18.64%,,,,0.37%,0.44%,15.19,0.00,38.56,0.00%,0
368,"BAMY",0.20%,1.06%,-0.38%,-1.28%,-0.43%,-0.30%,,,,0.08%,0.18%,6.01,0.00,27.68,0.00%,0
369,"BANR",-1.63%,0.76%,7.57%,14.17%,12.50%,4.21%,63.32%,20.91%,68.93%,1.78%,1.86%,335.89,0.04,70.49,0.18%,724
370,"BANX",0.24%,2.70%,3.37%,3.63%,-5.33%,1.98%,30.32%,0.47%,18.75%,1.17%,1.19%,31.95,0.00,20.56,0.00%,0
371,"BAPR",0.13%,1.81%,2.54%,11.81%,13.23%,17.34%,52.54%,68.20%,,0.17%,0.25%,8.49,0.00,54.33,0.00%,0
372,"BAR",0.92%,12.95%,1.67%,-12.09%,5.91%,34.33%,137.72%,149.03%,,1.31%,1.23%,226.97,0.05,45.00,-0.53%,603
373,"BASG",0.24%,7.16%,10.50%,20.19%,10.74%,9.80%,,,,0.37%,0.56%,13.54,0.00,28.65,0.00%,0
374,"BASV",0.11%,1.96%,9.31%,12.10%,15.29%,19.20%,,,,0.47%,0.49%,19.49,0.00,32.02,0.00%,0
375,"BATRA",-1.21%,2.76%,4.88%,16.00%,33.09%,19.51%,39.22%,120.90%,234.22%,2.13%,2.22%,63.16,0.00,56.55,0.00%,0
376,"BATRK",-3.57%,1.45%,3.47%,17.84%,30.93%,15.57%,43.11%,102.63%,210.58%,2.38%,2.56%,564.65,0.00,51.65,0.00%,0
377,"BATT",2.98%,14.48%,-8.15%,-1.97%,15.14%,44.32%,33.08%,-9.82%,,1.31%,1.90%,58.07,0.00,15.89,-0.50%,9
378,"BAUG",-0.13%,2.15%,3.88%,8.84%,10.33%,15.28%,64.22%,72.38%,,0.29%,0.33%,27.59,0.00,55.21,0.00%,0
379,"BAY",0.15%,4.64%,4.21%,,9.49%,,,,,0.00%,0.08%,0.48,0.00,28.97,0.00%,0
380,"BBAX",0.60%,2.39%,6.19%,1.46%,15.79%,14.75%,42.93%,13.79%,,0.49%,0.61%,233.88,0.00,65.19,0.00%,0
381,"BBB",3.47%,8.23%,3.61%,12.19%,7.36%,5.77%,,,,0.43%,0.41%,2.28,0.00,31.64,0.00%,0
382,"BBC",-1.56%,12.90%,26.60%,29.00%,43.02%,141.04%,156.31%,19.42%,175.06%,2.82%,2.49%,22.07,0.00,55.15,0.00%,0
383,"BBCA",0.59%,3.83%,7.22%,8.44%,15.34%,28.41%,82.40%,66.23%,,0.79%,0.80%,224.20,0.00,107.27,0.00%,0
384,"BBDC",-0.53%,12.65%,7.84%,6.49%,1.85%,-4.40%,3.66%,-12.49%,-44.08%,1.58%,2.13%,742.15,0.00,9.35,0.00%,6
385,"BBEM",1.37%,6.99%,-1.76%,5.41%,21.31%,30.43%,64.28%,,,0.32%,0.71%,43.34,0.00,77.19,0.00%,0
386,"BBEU",0.30%,3.60%,3.39%,1.72%,10.27%,17.85%,53.64%,34.67%,,0.49%,0.60%,278.99,0.00,80.83,0.00%,0
387,"BBH",-0.55%,15.50%,31.40%,23.45%,28.22%,46.62%,49.84%,12.62%,110.52%,1.31%,1.35%,5.81,0.00,242.67,0.00%,0
388,"BBHL",-0.46%,2.12%,2.78%,8.90%,7.75%,,,,,0.55%,0.58%,46.46,0.00,17.37,0.00%,0
389,"BBHM",-0.41%,1.93%,6.96%,2.45%,7.73%,,,,,0.65%,0.99%,127.50,0.00,12.14,0.00%,0
390,"BBHY",0.15%,0.57%,-0.48%,-1.53%,-1.25%,-1.92%,3.47%,-11.98%,,0.13%,0.16%,59.97,0.00,45.92,0.00%,0
391,"BBIN",0.57%,4.39%,3.31%,1.73%,12.53%,17.43%,53.06%,34.45%,,0.39%,0.61%,176.30,0.00,81.38,0.00%,0
392,"BBIO",-3.91%,-4.60%,16.44%,17.88%,4.20%,60.72%,168.53%,57.88%,,2.23%,3.25%,3242.52,0.01,79.70,0.42%,1134
393,"BBJP",1.29%,6.77%,2.27%,2.17%,16.99%,18.67%,54.10%,35.21%,,0.68%,1.08%,1446.41,0.00,77.11,0.12%,6
394,"BBLU",-0.40%,3.52%,4.39%,13.83%,13.83%,20.71%,76.83%,,,0.58%,0.78%,69.24,0.00,17.37,0.00%,0
395,"BBMC",-0.71%,2.23%,4.45%,11.07%,20.16%,24.30%,64.79%,42.98%,,0.26%,0.64%,18.89,0.00,128.11,0.00%,0
396,"BBNX",-3.35%,22.41%,66.29%,50.04%,-36.53%,5.51%,,,,6.95%,8.29%,1148.88,0.00,19.34,0.00%,0
397,"BBP",-1.13%,11.22%,24.56%,28.23%,35.97%,60.83%,105.64%,112.78%,253.70%,1.93%,1.92%,8.96,0.00,108.66,0.00%,0
398,"BBSC",-0.73%,1.56%,5.21%,15.12%,22.88%,26.44%,63.80%,40.03%,,0.18%,0.48%,10.50,0.00,91.33,0.00%,0
399,"BBT",-0.17%,5.65%,8.45%,1.53%,19.55%,18.92%,51.27%,23.53%,13.73%,1.79%,1.89%,820.97,0.00,31.53,-0.58%,10
400,"BBUS",-0.37%,3.55%,2.17%,10.64%,12.03%,18.22%,74.43%,68.60%,,0.50%,0.76%,216.73,0.00,138.15,0.00%,0
401,"BBVA",1.01%,12.70%,25.03%,22.23%,24.07%,61.02%,272.20%,340.85%,385.88%,0.92%,1.20%,1588.74,0.01,28.92,-0.38%,408
402,"BBW",4.31%,10.95%,1.31%,-21.32%,-35.68%,-32.70%,53.11%,150.74%,279.63%,5.35%,4.57%,396.54,0.00,39.41,0.79%,14
403,"BCAL",0.33%,-1.12%,12.30%,13.02%,13.92%,25.56%,42.32%,49.26%,150.23%,2.04%,2.16%,213.60,0.00,21.27,-0.42%,10
404,"BCCQ",1.24%,,,,0.70%,,,,,1.15%,,719.43,0.17,10.00,-0.35%,5996
405,"BCD",0.50%,6.47%,3.48%,12.56%,22.77%,14.66%,13.87%,22.18%,,0.68%,0.67%,54.37,0.00,38.01,0.00%,0
406,"BCDF",3.09%,6.52%,5.62%,9.55%,13.12%,9.18%,58.56%,,,0.33%,0.33%,1.17,0.00,34.18,0.00%,0
407,"BCFN",1.97%,3.25%,13.80%,9.47%,-4.26%,,,,,0.59%,0.51%,2.58,0.00,23.84,0.00%,0
408,"BCGD",0.15%,3.61%,1.64%,3.77%,5.29%,,,,,0.33%,0.35%,1.64,0.00,26.77,0.00%,0
409,"BCGS",0.52%,4.92%,3.34%,,10.53%,,,,,0.13%,0.14%,1.02,0.00,28.03,0.00%,0
410,"BCH",-0.31%,2.94%,7.27%,-3.90%,9.55%,46.33%,92.38%,122.62%,95.96%,2.67%,2.50%,310.70,0.00,41.63,0.00%,0
411,"BCHP",0.52%,5.95%,1.97%,10.22%,2.84%,2.57%,55.93%,,,0.58%,0.96%,32.38,0.00,38.54,0.00%,0
412,"BCI",0.52%,6.81%,3.78%,17.22%,29.34%,21.85%,19.32%,-4.57%,,0.87%,0.82%,1651.56,0.00,25.26,0.00%,0
413,"BCIL",-0.16%,5.75%,0.06%,5.57%,7.75%,1.10%,,,,0.29%,0.80%,3.96,0.00,30.08,0.00%,0
414,"BCO",2.14%,-5.68%,5.03%,-13.94%,-4.46%,-0.29%,49.15%,46.03%,201.08%,3.15%,3.83%,502.28,0.00,111.52,0.00%,0
415,"BCPC",0.32%,10.07%,12.44%,-0.05%,17.50%,10.41%,30.89%,30.70%,162.64%,2.16%,2.42%,222.24,0.04,180.20,0.23%,462
416,"BCRX",4.29%,5.71%,10.71%,27.53%,29.16%,18.25%,39.15%,-35.67%,141.02%,3.14%,4.69%,4381.96,0.00,10.07,2.49%,9
417,"BCSM",-0.80%,6.78%,9.95%,10.90%,6.40%,,,,,0.64%,0.72%,6.73,0.00,25.73,0.00%,0
418,"BCSS",-0.19%,0.29%,0.78%,0.98%,1.98%,,,,,0.18%,0.27%,45.25,0.00,10.28,0.00%,0
419,"BCX",1.94%,12.32%,10.06%,0.23%,19.58%,31.43%,42.56%,44.07%,62.59%,1.68%,1.72%,187.13,0.00,13.13,0.00%,0
420,"BDC",-3.77%,16.85%,13.08%,-19.05%,2.29%,-10.29%,34.45%,106.91%,61.55%,3.25%,3.91%,537.22,0.01,119.22,0.96%,167
421,"BDCI",0.59%,0.79%,1.20%,1.20%,1.40%,,,,,0.10%,0.06%,63.03,0.00,10.15,0.00%,0
422,"BDEC",-0.24%,2.34%,2.55%,8.42%,9.79%,16.69%,51.64%,61.94%,,0.16%,0.29%,26.85,0.00,54.41,0.00%,0
423,"BDGS",0.05%,3.59%,0.58%,7.09%,6.38%,8.97%,43.46%,,,0.09%,0.29%,4.03,0.00,36.90,0.00%,0
424,"BDIV",0.26%,1.15%,3.19%,4.64%,10.51%,16.33%,,,,0.25%,0.41%,2.99,0.00,25.15,0.00%,0
425,"BDL",11.50%,31.36%,50.06%,53.62%,74.90%,69.74%,71.57%,113.93%,109.60%,5.20%,6.88%,30.49,0.00,51.77,0.00%,0
426,"BDRY",7.53%,19.43%,16.97%,28.94%,71.72%,75.12%,204.86%,-51.01%,,2.41%,2.70%,48.90,0.00,15.06,0.00%,0
427,"BDVG",0.04%,0.46%,7.44%,10.63%,17.88%,20.46%,50.71%,,,0.60%,1.26%,18.51,0.00,15.11,0.00%,0
428,"BDVL",0.41%,2.33%,3.33%,4.19%,8.77%,,,,,0.49%,0.57%,259.02,0.00,26.75,0.00%,0
429,"BDYN",-0.28%,3.51%,2.15%,7.19%,9.96%,,,,,0.64%,1.21%,353.28,0.00,28.16,0.00%,0
430,"BEAG",0.89%,1.46%,2.32%,2.90%,2.32%,4.49%,,,,0.71%,0.37%,36.69,0.00,10.83,0.00%,0
431,"BEBE",-0.10%,0.00%,0.60%,0.81%,0.40%,,,,,0.00%,0.04%,48.43,0.00,9.99,0.00%,0
432,"BEDY",0.46%,1.15%,5.93%,6.93%,13.77%,,,,,1.04%,1.06%,76.63,0.00,30.26,0.00%,0
433,"BEEX",0.56%,4.52%,4.13%,10.11%,9.28%,14.72%,,,,0.26%,0.43%,5.31,0.00,28.22,0.00%,0
434,"BEEZ",0.95%,3.38%,9.07%,4.78%,8.76%,6.37%,,,,0.08%,0.17%,0.18,0.00,35.67,0.00%,0
435,"BEKE",6.53%,8.57%,10.63%,8.83%,14.84%,1.74%,27.75%,-7.98%,,4.03%,2.25%,3888.26,0.07,18.10,1.28%,13772
436,"BELT",,5.88%,1.72%,15.27%,19.17%,21.11%,,,,0.41%,0.61%,1.75,0.00,40.04,0.00%,0
437,"BEMB",0.26%,0.33%,-0.66%,-2.58%,-1.63%,-0.12%,7.77%,,,0.13%,0.13%,1.06,0.00,53.03,0.00%,0
438,"BEMD",0.02%,,,,-0.32%,,,,,0.01%,,104.51,0.00,24.93,0.00%,0
439,"BEN",2.80%,7.81%,11.89%,27.31%,46.17%,36.19%,35.40%,6.01%,4.94%,1.69%,2.38%,4363.69,0.00,34.92,-0.26%,833
440,"BENJ",0.11%,0.38%,0.99%,1.87%,2.39%,3.83%,,,,0.04%,0.05%,49.30,0.00,53.12,0.00%,0
441,"BESF",0.64%,7.45%,3.19%,7.06%,21.64%,46.57%,,,,0.54%,0.55%,1.88,0.00,40.74,0.00%,0
442,"BESO",16.66%,27.53%,38.36%,,25.02%,,,,,0.48%,0.72%,0.77,0.00,32.68,0.00%,0
443,"BETA",-14.84%,27.95%,18.39%,9.98%,-23.08%,,,,,7.33%,8.00%,1661.61,0.01,21.70,-0.18%,595
444,"BETZ",0.69%,-0.45%,5.01%,7.55%,-6.70%,-21.70%,15.01%,-36.24%,,1.45%,1.58%,39.39,0.00,19.57,0.00%,0
445,"BFC",1.09%,1.45%,9.34%,9.92%,26.40%,18.30%,103.48%,124.53%,426.40%,2.15%,2.03%,94.02,0.00,153.98,0.19%,5
446,"BFEB",-0.06%,2.24%,2.52%,8.00%,10.57%,16.57%,58.18%,72.90%,,0.22%,0.29%,11.19,0.00,53.81,0.00%,0
447,"BFEW",0.11%,1.39%,4.94%,,8.00%,,,,,0.03%,0.03%,1.14,0.00,21.88,0.00%,0
448,"BFH",3.27%,-0.41%,20.45%,34.41%,43.93%,63.02%,187.90%,36.47%,-32.76%,3.52%,2.99%,652.58,0.00,106.55,-0.94%,25
449,"BFJA",5.95%,7.78%,-3.98%,2.11%,-8.34%,,,,,0.14%,0.03%,0.39,0.00,18.69,0.00%,0
450,"BFJL",4.10%,7.07%,10.47%,9.75%,2.03%,-8.64%,,,,0.00%,0.07%,0.30,0.00,18.47,0.00%,0
451,"BFLB",-0.11%,1.60%,2.29%,7.11%,8.51%,,,,,0.07%,0.15%,9.88,0.00,55.37,0.00%,0
452,"BFLX",-0.07%,2.78%,1.37%,,2.40%,,,,,0.57%,0.85%,1364.09,0.00,25.88,0.00%,0
453,"BFLY",-3.93%,24.08%,91.11%,88.65%,131.84%,461.15%,403.43%,-28.20%,,7.62%,8.94%,8207.85,0.00,8.81,1.97%,217
454,"BFOR",-0.10%,2.29%,7.46%,9.86%,17.89%,20.40%,69.68%,61.88%,204.37%,0.61%,0.74%,32.91,0.00,24.27,0.00%,0
455,"BFST",0.26%,-2.96%,10.66%,9.73%,19.09%,23.09%,54.49%,32.30%,,1.24%,1.60%,249.96,0.00,31.13,0.00%,0
456,"BFXU",-0.55%,3.50%,1.76%,,14.51%,,,,,0.23%,0.16%,0.54,0.00,23.70,0.00%,0
457,"BGC",9.38%,1.10%,13.55%,23.70%,33.26%,18.53%,133.33%,125.81%,113.20%,3.60%,3.57%,3218.16,0.00,11.90,0.00%,1
458,"BGCG",-0.15%,8.62%,,,8.67%,,,,,0.46%,0.59%,17.65,0.00,28.63,0.00%,0
459,"BGDV",-0.06%,0.29%,3.10%,6.72%,14.14%,20.03%,,,,0.27%,0.51%,12.11,0.00,31.28,0.00%,0
460,"BGEG",2.11%,7.70%,,,-6.69%,,,,,0.14%,0.35%,8.97,0.00,23.60,0.00%,0
461,"BGGG",-1.19%,3.88%,,,-0.80%,,,,,1.28%,1.16%,67.18,0.00,36.01,0.00%,0
462,"BGIA",1.69%,6.41%,,,2.68%,,,,,0.01%,0.07%,176.40,0.00,25.88,0.00%,0
463,"BGIG",0.41%,1.73%,4.97%,6.98%,14.23%,17.57%,,,,0.56%,0.70%,110.99,0.00,36.96,0.00%,5
464,"BGR",3.15%,11.73%,15.46%,15.31%,32.94%,33.73%,42.18%,103.68%,27.24%,1.53%,1.73%,101.56,0.00,18.00,5.76%,25
465,"BGRO",-1.22%,5.34%,0.74%,14.56%,11.69%,14.07%,,,,0.27%,0.23%,0.77,0.00,42.77,0.00%,0
466,"BGUS",-1.21%,5.89%,,,7.51%,,,,,0.05%,0.49%,16.29,0.00,26.77,0.00%,0
467,"BGY",2.25%,4.59%,2.78%,-4.67%,0.68%,2.42%,13.85%,-6.03%,0.66%,0.84%,0.97%,260.22,0.00,5.92,0.00%,0
468,"BHAV",0.47%,0.70%,1.21%,,1.62%,,,,,0.39%,0.14%,5.73,0.00,10.03,0.00%,0
469,"BHB",-0.35%,-1.18%,12.73%,15.82%,26.38%,21.38%,58.87%,40.15%,65.11%,2.01%,2.24%,116.42,0.00,39.24,-0.17%,4
470,"BHP",1.56%,14.41%,8.30%,17.29%,57.51%,70.20%,72.23%,60.15%,246.53%,2.26%,2.05%,2764.66,0.08,95.09,-1.29%,11435
471,"BHRB",2.09%,-1.56%,13.93%,8.39%,16.33%,13.57%,45.58%,33.86%,52.11%,2.08%,2.00%,165.67,0.50,72.48,1.11%,4106
472,"BHYB",0.19%,0.70%,-0.21%,-1.19%,-0.61%,-0.83%,,,,0.00%,0.02%,212.89,0.00,54.17,0.00%,0
473,"BHYP",15.03%,57.24%,37.23%,,93.17%,,,,,4.72%,4.49%,446.68,0.50,46.92,2.67%,11144
474,"BIB",-1.77%,23.40%,49.27%,41.00%,55.40%,121.92%,139.62%,19.57%,162.00%,2.62%,3.17%,11.61,0.00,123.98,0.00%,0
475,"BIBL",1.42%,2.85%,4.20%,11.85%,24.82%,30.95%,74.50%,47.07%,,0.95%,1.16%,49.18,0.00,56.33,0.00%,0
476,"BID",0.40%,0.71%,,,-0.00%,,,,,0.08%,0.08%,69.27,0.00,9.90,0.00%,0
477,"BIDD",0.84%,6.96%,1.71%,3.66%,13.01%,20.38%,,,,0.50%,0.77%,32.33,0.00,31.03,0.00%,1
478,"BIGY",-0.25%,1.43%,-2.20%,1.99%,-0.28%,2.42%,,,,0.67%,0.68%,9.32,0.00,52.38,0.00%,0
479,"BIII",-0.10%,0.60%,0.70%,0.91%,0.30%,,,,,0.20%,0.13%,25.73,0.00,10.01,0.00%,0
480,"BILD",0.31%,-0.34%,-2.07%,-5.11%,6.52%,8.12%,,,,0.15%,0.09%,0.44,0.00,29.98,0.00%,0
481,"BINC",0.17%,0.31%,-0.40%,-2.07%,-1.19%,-1.46%,4.00%,,,0.11%,0.13%,2312.48,0.00,52.14,0.00%,0
482,"BINT",0.64%,5.31%,1.44%,6.35%,16.55%,23.55%,,,,0.34%,0.65%,45.63,0.00,33.10,0.00%,0
483,"BINV",0.46%,2.70%,6.26%,2.68%,13.75%,22.45%,,,,0.58%,0.65%,38.86,0.00,45.66,0.00%,0
484,"BIP",0.15%,-8.49%,-1.42%,-2.69%,12.26%,24.12%,22.41%,3.45%,102.14%,2.02%,2.82%,860.11,0.00,39.00,0.39%,51
485,"BITA",10.74%,16.43%,,,13.69%,,,,,1.58%,1.59%,46.07,0.00,60.13,0.00%,0
486,"BITC",14.48%,11.78%,4.24%,11.90%,11.45%,-13.92%,80.98%,,,1.41%,0.61%,2.69,0.00,40.63,0.00%,0
487,"BITQ",8.99%,9.98%,-10.49%,23.67%,27.15%,25.01%,258.42%,2.80%,,3.85%,4.28%,107.15,0.00,25.34,0.00%,0
488,"BITS",11.89%,16.23%,-8.00%,13.41%,3.37%,-19.15%,91.47%,,,1.90%,1.88%,2.13,0.00,64.83,0.00%,0
489,"BITW",15.60%,24.15%,6.78%,12.23%,-12.87%,-31.47%,363.35%,7.23%,,1.87%,1.85%,58.48,0.00,51.20,0.00%,0
490,"BIXI",0.00%,0.60%,1.00%,2.02%,2.44%,,,,,1.00%,0.32%,18.31,0.00,10.09,0.00%,0
491,"BJ",1.68%,-3.94%,10.84%,-3.83%,3.67%,-2.93%,44.12%,66.25%,,3.73%,2.75%,2050.08,0.00,93.33,0.00%,0
492,"BJAN",-0.03%,2.24%,2.66%,8.07%,9.42%,16.09%,60.38%,65.74%,,0.19%,0.29%,26.41,0.00,60.24,0.00%,0
493,"BJRI",4.48%,-4.33%,44.32%,67.65%,70.33%,96.11%,126.42%,51.76%,67.90%,4.00%,4.13%,516.25,0.02,67.11,0.46%,522
494,"BJUL",-0.20%,2.31%,2.93%,7.66%,9.14%,13.84%,58.07%,72.68%,,0.22%,0.41%,35.15,0.00,55.40,0.00%,0
495,"BJUN",-0.23%,2.46%,1.56%,4.73%,6.25%,10.44%,48.96%,49.01%,,0.30%,0.43%,100.16,0.00,49.66,0.00%,0
496,"BKCG",0.07%,3.75%,2.42%,6.80%,7.30%,12.31%,,,,0.26%,0.43%,2.12,0.00,39.08,0.00%,0
497,"BKCH",8.00%,7.94%,-22.35%,6.50%,10.57%,13.43%,176.13%,-35.44%,,4.93%,5.65%,92.14,0.00,70.63,0.00%,0
498,"BKCI",-0.90%,1.58%,1.59%,0.40%,5.06%,7.37%,18.50%,,,0.41%,0.42%,6.64,0.00,54.18,0.00%,0
499,"BKDV",0.40%,2.97%,6.49%,13.21%,20.47%,26.99%,,,,0.54%,0.70%,371.01,0.00,34.96,0.00%,0
500,"BKE",2.17%,-3.22%,-11.23%,-18.01%,-12.58%,-15.29%,45.88%,58.63%,207.12%,3.40%,2.54%,507.61,0.00,44.17,0.00%,0
501,"BKEM",1.52%,6.54%,-2.75%,4.51%,22.84%,32.41%,69.23%,30.81%,,1.46%,2.23%,8.04,0.00,30.65,0.00%,0
502,"BKF",0.13%,0.64%,0.26%,-8.60%,-7.19%,-6.08%,20.15%,-16.13%,23.06%,0.35%,0.43%,10.36,0.00,40.66,0.00%,0
503,"BKH",0.81%,-1.36%,-0.97%,0.49%,6.28%,23.46%,33.18%,5.08%,26.03%,1.98%,2.05%,915.04,0.00,73.78,0.00%,0
504,"BKHA",0.14%,-2.09%,-0.02%,2.13%,5.31%,7.70%,,,,0.14%,1.33%,2.68,0.00,11.85,0.00%,0
505,"BKIE",0.55%,4.30%,4.71%,2.94%,13.15%,19.28%,58.35%,40.82%,,0.46%,0.73%,164.72,0.00,34.91,0.00%,0
506,"BKLC",-0.47%,3.60%,2.11%,10.78%,12.25%,18.63%,77.66%,73.41%,,0.52%,0.78%,437.05,0.00,48.94,0.00%,0
507,"BKLG",-0.49%,4.60%,,,3.45%,,,,,0.00%,0.07%,0.37,0.00,25.49,0.00%,0
508,"BKMC",-0.39%,2.01%,3.16%,5.37%,13.75%,15.38%,50.22%,35.46%,,0.51%,0.67%,20.73,0.00,41.31,0.00%,0
509,"BKNG",-1.21%,3.00%,22.09%,21.95%,-3.21%,-7.70%,70.36%,124.82%,265.07%,2.49%,3.22%,6924.56,0.02,207.33,-0.75%,7078
510,"BKR",-1.80%,4.99%,-4.73%,-5.01%,35.38%,37.67%,74.20%,167.23%,74.01%,2.68%,2.40%,8349.16,0.00,61.65,-0.56%,1207
511,"BKSE",-0.74%,0.60%,5.47%,11.52%,19.43%,25.19%,59.87%,41.97%,,0.44%,0.65%,6.10,0.00,44.78,0.00%,0
512,"BKSY",1.05%,31.05%,-47.69%,35.12%,44.05%,48.73%,151.96%,-66.34%,,6.98%,7.49%,1563.67,0.01,27.01,9.44%,596
513,"BKUI",0.07%,0.06%,-0.11%,-0.33%,-0.04%,-0.32%,1.11%,-0.57%,,0.03%,0.05%,51.37,0.00,49.72,0.00%,0
514,"BLCV",0.23%,1.67%,8.50%,12.45%,15.94%,20.64%,66.40%,,,0.42%,0.58%,16.26,0.00,43.27,0.00%,0
515,"BLES",0.84%,3.42%,4.86%,6.59%,16.25%,19.77%,53.20%,37.70%,,0.36%,0.52%,9.55,0.00,50.23,0.00%,0
516,"BLFS",1.45%,15.70%,51.02%,64.66%,53.02%,44.25%,238.83%,-34.59%,1878.61%,3.09%,2.80%,1087.77,0.00,37.00,0.00%,0
517,"BLGR",-0.46%,4.72%,0.47%,11.97%,9.90%,17.11%,,,,0.48%,0.83%,26.74,0.00,32.17,0.00%,0
518,"BLK",2.45%,8.20%,11.58%,7.10%,9.10%,3.19%,72.75%,22.28%,214.67%,1.38%,1.79%,755.68,0.00,1167.70,-0.47%,135
519,"BLOK",5.14%,6.71%,-4.31%,14.95%,11.51%,6.03%,202.38%,32.53%,,2.31%,2.77%,253.93,0.00,63.44,0.00%,0
520,"BLRK",0.05%,-0.30%,1.10%,1.92%,1.21%,,,,,0.13%,0.14%,61.36,0.00,10.07,0.00%,0
521,"BLSM",14.16%,,,,17.21%,,,,,6.63%,,364.20,0.00,18.46,0.00%,0
522,"BLTE",-7.04%,0.47%,10.28%,-16.67%,-2.04%,140.58%,363.17%,,,3.69%,4.10%,207.23,0.00,156.69,0.00%,0
523,"BLUC",-0.45%,3.78%,1.39%,10.97%,10.93%,17.16%,,,,0.46%,0.68%,30.39,0.00,31.80,0.00%,0
524,"BLUI",0.29%,0.17%,0.69%,-0.02%,2.37%,1.68%,,,,0.09%,0.13%,11.65,0.00,25.87,0.00%,0
525,"BLUW",0.10%,0.29%,1.02%,0.68%,0.58%,4.22%,,,,-0.00%,0.03%,23.41,0.00,10.38,0.00%,0
526,"BLUX",-0.48%,2.44%,3.16%,11.30%,16.30%,20.38%,,,,0.36%,0.63%,47.98,0.00,32.62,0.00%,0
527,"BLZE",-5.48%,34.89%,100.65%,299.74%,229.40%,87.20%,219.79%,,,5.90%,8.90%,3538.23,0.00,15.35,2.47%,105
528,"BLZR",0.39%,0.49%,0.99%,1.59%,2.00%,,,,,0.10%,0.09%,40.29,0.00,10.21,0.00%,0
529,"BMAR",-0.13%,1.99%,2.44%,8.42%,10.86%,16.39%,59.17%,75.84%,,0.18%,0.31%,23.05,0.00,58.81,0.00%,0
530,"BMAY",-0.15%,2.29%,2.18%,6.67%,7.94%,11.82%,52.99%,51.79%,,0.21%,0.28%,18.10,0.00,48.38,0.00%,0
531,"BMED",-0.41%,10.35%,23.20%,12.14%,14.29%,33.13%,46.45%,15.02%,,0.92%,0.52%,1.92,0.00,34.65,0.00%,0
532,"BMHL",0.17%,4.09%,33.87%,63.41%,75.68%,46.98%,,,,3.87%,3.83%,8.29,0.00,5.85,0.00%,0
533,"BMNR",21.56%,58.05%,36.21%,28.28%,-3.43%,-43.04%,84.65%,-22.88%,-20.06%,6.73%,6.11%,38316.57,1.06,26.22,5.26%,2025143
534,"BMSI",0.00%,0.80%,,,0.80%,,,,,0.02%,0.01%,0.05,0.00,25.31,0.00%,0
535,"BMVP",-0.07%,1.11%,5.80%,4.79%,12.35%,11.89%,44.84%,32.54%,122.33%,0.09%,0.34%,1.12,0.00,54.87,0.00%,0
536,"BNAV",16.79%,,,,20.71%,,,,,1.84%,,6.59,0.00,30.39,0.00%,0
537,"BNGE",-0.30%,2.92%,6.23%,2.89%,-12.61%,-16.32%,55.25%,,,0.00%,0.17%,0.74,0.00,32.81,0.00%,0
538,"BNKU",-0.27%,-1.08%,41.13%,40.84%,31.74%,70.82%,,,,2.61%,3.12%,10.98,0.00,44.65,0.00%,0
539,"BNMC",51.76%,94.18%,,,146.76%,,,,,2.89%,1.12%,0.49,0.00,65.54,0.00%,0
540,"BNO",-4.94%,0.83%,-0.94%,50.40%,79.56%,68.38%,76.56%,171.63%,247.10%,2.13%,2.33%,2306.29,0.09,50.85,0.61%,9966
541,"BNOV",-0.09%,2.73%,2.74%,8.78%,10.17%,14.99%,45.65%,52.83%,,0.25%,0.37%,12.89,0.00,48.99,0.00%,0
542,"BNS",6.73%,5.94%,16.00%,23.27%,27.01%,52.40%,105.02%,48.58%,76.58%,2.70%,1.76%,2626.14,0.00,93.59,0.00%,0
543,"BNTC",-3.74%,8.33%,11.03%,17.09%,-4.38%,0.94%,425.71%,-81.70%,-97.27%,6.29%,6.39%,138.48,0.00,12.88,0.00%,0
544,"BNY",1.70%,4.86%,13.77%,31.50%,37.75%,52.26%,265.69%,183.49%,291.47%,1.87%,1.75%,3542.10,0.00,159.92,-1.94%,2
545,"BOAT",-1.60%,10.69%,16.52%,17.12%,51.92%,51.01%,72.08%,77.69%,,1.46%,1.63%,29.79,0.00,47.95,0.00%,0
546,"BOBS",-7.15%,0.76%,26.42%,-19.31%,0.76%,,,,,4.28%,5.10%,1019.40,0.00,17.13,0.00%,0
547,"BOCT",-0.03%,2.44%,3.12%,8.76%,10.05%,15.50%,49.66%,66.91%,,0.17%,0.25%,11.34,0.00,54.39,0.00%,0
548,"BOE",1.22%,4.17%,4.09%,3.23%,6.58%,8.24%,26.96%,0.22%,14.73%,0.93%,1.18%,97.77,0.00,12.48,0.00%,0
549,"BOND",5.17%,5.02%,3.49%,0.93%,2.39%,3.00%,6.78%,-13.99%,-10.57%,0.21%,0.27%,544.35,0.00,95.30,4.79%,1
550,"BOSC",0.44%,1.11%,-4.21%,-2.15%,-0.22%,-4.61%,25.69%,9.64%,30.37%,4.43%,2.66%,44.28,0.00,4.55,0.00%,0
551,"BOTJ",-1.58%,-3.71%,16.38%,29.08%,43.81%,74.98%,140.29%,89.69%,135.21%,2.13%,2.93%,29.55,0.00,26.72,0.00%,0
552,"BOTZ",1.51%,7.93%,-9.75%,-7.97%,0.34%,7.55%,41.01%,-1.22%,,0.99%,1.31%,859.03,0.08,36.35,2.03%,3228
553,"BOW",-0.12%,4.51%,24.57%,28.48%,17.76%,7.76%,,,,0.66%,1.57%,285.52,0.00,33.61,0.00%,0
554,"BOX",0.82%,6.00%,35.35%,45.11%,11.63%,7.16%,9.48%,32.82%,155.86%,3.06%,3.29%,2718.26,0.00,33.39,0.00%,0
555,"BOXA",0.15%,0.45%,0.19%,-1.58%,-0.06%,1.47%,,,,0.07%,0.37%,0.82,0.00,105.27,0.00%,0
556,"BOXX",0.09%,0.33%,0.97%,1.92%,2.53%,4.05%,14.70%,,,0.03%,0.03%,2515.48,0.18,118.01,0.02%,23036
557,"BP",-6.38%,-2.45%,1.61%,11.24%,21.68%,21.12%,16.90%,69.45%,23.71%,1.78%,1.89%,8972.23,0.09,42.26,-0.56%,41451
558,"BPAC",0.20%,0.30%,0.89%,2.00%,2.72%,,,,,0.10%,0.09%,16.91,0.00,10.18,0.00%,0
559,"BPAY",2.15%,3.78%,12.41%,15.83%,1.97%,-14.29%,35.43%,,,0.27%,0.62%,2.58,0.00,27.68,0.00%,0
560,"BPH",-2.66%,0.74%,1.44%,11.35%,22.88%,22.44%,,,,0.85%,1.07%,0.68,0.00,66.08,0.00%,0
561,"BPRN",0.50%,1.05%,17.02%,21.91%,21.91%,29.29%,45.33%,38.88%,40.97%,2.03%,2.56%,20.03,0.00,42.29,0.00%,0
562,"BPRO",3.01%,18.69%,3.68%,-11.47%,-10.23%,,,,,1.51%,0.77%,7.16,0.00,22.39,0.00%,0
563,"BRAZ",4.19%,1.31%,0.73%,-8.07%,13.26%,27.59%,20.76%,,,0.00%,0.29%,0.71,0.00,30.95,0.00%,0
564,"BRC",2.26%,-3.71%,8.20%,2.53%,20.06%,23.30%,87.02%,81.85%,180.36%,2.68%,2.57%,272.61,0.00,94.09,0.00%,0
565,"BRCE",0.08%,3.67%,5.55%,12.96%,17.11%,,,,,0.12%,0.17%,1.28,0.00,30.31,0.00%,0
566,"BREE",2.06%,7.31%,0.89%,,10.41%,,,,,0.31%,0.51%,1.10,0.00,27.33,0.00%,0
567,"BRES",0.09%,2.87%,3.37%,8.02%,10.17%,,,,,0.39%,0.55%,14.51,0.00,27.50,0.00%,0
568,"BREW",2.10%,1.57%,3.55%,,9.35%,,,,,0.01%,0.24%,1.05,0.00,27.87,0.00%,0
569,"BREZ",0.20%,0.39%,,,1.01%,,,,,0.02%,0.09%,119.08,0.00,10.00,0.00%,0
570,"BRHY",1.34%,1.68%,0.39%,0.29%,0.31%,0.17%,,,,0.12%,0.16%,30.34,0.00,51.60,0.99%,2
571,"BRIE",1.36%,5.32%,4.86%,5.95%,18.04%,,,,,0.61%,0.89%,142.15,0.00,31.28,0.00%,0
572,"BRIF",-0.42%,1.98%,6.54%,20.22%,24.78%,31.28%,,,,0.73%,0.69%,9.54,0.00,37.48,0.00%,0
573,"BRK-A",0.90%,-1.44%,5.28%,2.01%,0.28%,2.68%,40.17%,76.15%,240.90%,0.86%,1.29%,0.19,0.00,756927.81,0.00%,0
574,"BRK-B",1.02%,-1.42%,5.14%,-0.15%,-0.14%,1.25%,41.02%,75.14%,239.36%,0.89%,1.41%,4721.40,0.04,501.94,-0.59%,10020
575,"BRKH",0.43%,0.50%,,,0.10%,,,,,0.19%,,81.21,0.00,10.01,0.00%,0
576,"BRNY",0.35%,3.60%,4.34%,17.59%,17.80%,28.15%,107.65%,,,0.36%,0.64%,22.69,0.00,59.43,0.00%,0
577,"BROL",-0.50%,4.10%,4.44%,,3.97%,,,,,0.25%,0.38%,3.56,0.00,26.10,0.00%,0
578,"BRSM",-0.34%,2.16%,,,4.87%,,,,,0.18%,0.11%,21.56,0.00,26.19,0.00%,0
579,"BRTMU",0.40%,0.20%,,,0.20%,,,,,0.10%,0.10%,655.85,0.00,9.98,0.00%,0
580,"BRVE",-4.18%,,,,-8.08%,,,,,6.71%,,557.82,0.00,27.76,0.00%,0
581,"BRZL",17.82%,,,,16.05%,,,,,,,0.64,4.53,29.06,3.26%,145
582,"BRZU",8.24%,-2.64%,-3.45%,-22.74%,17.56%,48.11%,14.43%,-9.74%,-91.97%,3.97%,3.40%,23.62,0.00,93.74,0.00%,0
583,"BSAC",1.23%,4.04%,9.90%,-1.56%,13.50%,48.55%,83.71%,70.58%,64.77%,2.51%,2.33%,341.01,0.00,35.31,0.00%,0
584,"BSBR",4.31%,6.02%,5.83%,-13.67%,-4.45%,14.02%,17.83%,-5.76%,26.97%,1.70%,2.14%,2761.63,0.00,5.81,0.00%,0
585,"BSEP",0.14%,1.81%,2.95%,8.11%,9.53%,14.56%,58.32%,67.43%,,0.19%,0.21%,4.55,0.00,53.94,0.00%,0
586,"BSJR",-0.18%,0.37%,-0.13%,-0.80%,-1.10%,-1.61%,3.69%,-12.33%,,0.19%,0.24%,171.80,0.00,22.36,0.00%,1
587,"BSJT",-0.19%,0.59%,0.00%,-0.61%,-1.58%,-1.67%,5.19%,,,0.22%,0.27%,164.24,0.00,21.17,0.00%,0
588,"BSJY",-0.40%,0.91%,,,0.20%,,,,,0.04%,0.09%,0.81,0.00,25.04,0.00%,0
589,"BSMC",-0.03%,-0.23%,7.28%,6.24%,17.09%,22.61%,,,,0.57%,0.71%,11.50,0.00,40.66,0.00%,0
590,"BSMR",-0.09%,0.23%,0.13%,-0.67%,-0.13%,0.25%,1.35%,-8.87%,,0.16%,0.18%,55.28,0.00,23.64,0.00%,0
591,"BSOL",19.57%,44.15%,28.94%,24.67%,-12.80%,,,,,2.67%,2.20%,2805.14,0.95,14.30,7.84%,133041
592,"BSP",5.53%,28.87%,,,35.94%,,,,,5.52%,10.06%,2901.00,0.00,42.14,-0.59%,483
593,"BSR",-0.40%,3.19%,1.60%,-1.05%,4.93%,6.60%,22.00%,,,0.00%,0.16%,1.75,0.00,30.72,0.00%,0
594,"BST",1.60%,11.52%,3.18%,23.37%,22.52%,29.88%,59.28%,-1.00%,212.62%,1.36%,1.68%,99.36,0.00,49.67,0.00%,0
595,"BSTP",-0.17%,2.20%,2.20%,6.75%,8.01%,12.82%,49.01%,,,0.30%,0.33%,3.51,0.00,40.10,0.00%,0
596,"BSTZ",-0.03%,11.70%,3.00%,32.02%,35.12%,41.98%,81.11%,-18.97%,,2.13%,2.60%,218.91,0.00,30.55,0.00%,0
597,"BSV",0.10%,0.10%,-0.46%,-1.87%,-1.41%,-1.56%,3.24%,-5.20%,-3.41%,0.27%,0.21%,2736.86,0.00,77.70,0.00%,7
598,"BSVN",0.76%,3.23%,17.73%,21.89%,26.38%,4.73%,104.22%,148.27%,,2.31%,2.51%,30.73,0.00,51.79,0.00%,0
599,"BSVO",-0.89%,-1.11%,5.18%,12.14%,26.05%,29.42%,58.84%,,,0.68%,0.91%,139.60,0.00,29.37,0.00%,0
600,"BTA",,,,,-0.18%,,,,,,,305.49,0.00,24.66,0.00%,0
601,"BTCK",6.72%,3.84%,,,4.68%,,,,,4.87%,1.99%,3.23,0.00,25.96,0.00%,0
602,"BTCU",18.52%,52.55%,8.64%,,4.28%,,,,,3.85%,3.55%,19.64,0.30,25.34,2.25%,295
603,"BTG",6.88%,53.74%,25.00%,-7.41%,27.49%,41.63%,89.14%,47.44%,98.28%,3.57%,4.07%,24031.05,0.00,5.75,0.17%,2099
604,"BTO",0.20%,-4.05%,8.83%,7.07%,13.54%,6.95%,50.30%,-5.43%,45.26%,1.87%,1.86%,44.52,0.00,39.83,0.00%,0
605,"BTR",-0.25%,1.99%,3.30%,5.85%,12.56%,14.83%,17.26%,,,0.00%,0.12%,2.29,0.00,28.50,0.00%,0
606,"BUFB",-0.26%,2.09%,2.49%,7.92%,9.40%,14.42%,54.38%,,,0.46%,0.68%,31.29,0.00,40.08,0.00%,0
607,"BUFC",-0.13%,1.36%,1.82%,3.80%,4.49%,7.71%,,,,0.23%,0.30%,40.03,0.00,43.18,0.00%,0
608,"BUFD",-0.12%,1.60%,2.14%,5.93%,7.14%,11.07%,40.72%,44.69%,,0.48%,0.47%,281.42,0.00,30.25,0.00%,0
609,"BUFE",1.03%,5.14%,1.51%,,5.54%,,,,,0.13%,0.25%,8.52,0.00,21.80,0.00%,0
610,"BUFF",-0.04%,1.76%,2.23%,6.22%,7.60%,11.19%,41.78%,52.70%,,0.30%,0.40%,93.70,0.00,53.65,0.00%,0
611,"BUFG",-0.17%,2.10%,2.36%,7.29%,8.61%,13.22%,49.45%,,,0.40%,0.60%,42.38,0.00,29.89,0.00%,0
612,"BUFH",0.02%,0.75%,1.26%,3.22%,3.64%,5.96%,,,,1.91%,0.59%,13.98,0.00,21.61,0.00%,0
613,"BUFI",0.40%,2.83%,2.95%,3.87%,8.37%,13.08%,,,,0.27%,0.39%,15.44,0.00,43.46,0.00%,0
614,"BUFM",-0.18%,1.72%,1.77%,3.72%,5.29%,9.49%,,,,0.22%,0.25%,34.15,0.00,41.14,0.00%,0
615,"BUFP",-0.06%,2.02%,2.51%,7.33%,8.65%,13.45%,,,,0.27%,1.12%,42.80,0.00,32.73,0.00%,0
616,"BUFQ",0.03%,3.62%,1.05%,9.47%,10.30%,14.78%,57.74%,,,0.54%,0.69%,146.70,0.00,39.53,0.00%,0
617,"BUFR",0.05%,2.13%,2.67%,7.48%,8.99%,13.84%,49.78%,60.95%,,0.26%,0.38%,1299.01,0.00,37.34,0.00%,0
618,"BUFS",-0.20%,1.20%,2.98%,7.41%,11.08%,15.16%,,,,0.37%,0.36%,33.28,0.00,25.37,0.00%,0
619,"BUFT",0.02%,1.16%,1.51%,5.88%,6.77%,9.53%,32.34%,,,0.35%,0.30%,24.34,0.00,26.27,0.00%,0
620,"BUFX",0.09%,1.28%,2.06%,5.14%,6.03%,9.37%,,,,0.33%,0.23%,5.70,0.00,22.52,0.00%,0
621,"BUFY",0.29%,2.30%,3.26%,4.47%,8.14%,12.10%,,,,0.42%,0.41%,48.72,0.00,24.05,0.00%,0
622,"BUFZ",0.04%,1.61%,2.41%,6.08%,7.20%,11.44%,,,,0.34%,0.34%,150.19,0.00,28.44,0.00%,0
623,"BUG",3.90%,12.44%,23.50%,62.30%,36.88%,23.21%,74.16%,30.84%,,3.30%,3.06%,1264.31,0.14,41.69,4.29%,8669
624,"BUL",0.66%,6.60%,11.89%,14.18%,18.64%,23.66%,81.28%,65.53%,,0.64%,0.87%,8.35,0.00,65.36,0.00%,0
625,"BULD",-0.76%,8.07%,5.68%,16.84%,37.18%,54.32%,81.90%,,,0.55%,0.92%,8.13,0.00,35.73,0.00%,0
626,"BULZ",4.06%,51.85%,-27.29%,78.52%,44.10%,90.11%,473.53%,31.14%,,3.68%,6.48%,923.15,0.15,37.40,4.06%,7149
627,"BUSA",0.47%,2.11%,9.05%,9.39%,16.33%,23.14%,,,,0.49%,0.77%,20.20,0.00,42.52,0.00%,0
628,"BUSM",-0.75%,4.97%,,,4.77%,,,,,0.89%,1.11%,7.93,0.00,17.16,0.00%,0
629,"BUUU",-0.88%,13.23%,73.34%,87.17%,338.47%,281.44%,,,,11.95%,14.25%,61.71,0.00,28.15,0.00%,0
630,"BUXX",0.10%,0.05%,-0.15%,-0.34%,0.10%,-0.87%,0.83%,,,0.09%,0.09%,255.85,0.00,20.26,0.00%,0
631,"BUYB",-0.02%,-0.60%,8.36%,,9.28%,,,,,0.42%,0.52%,3.24,0.00,43.59,0.00%,0
632,"BUYO",-0.52%,2.20%,7.31%,13.89%,20.92%,27.57%,,,,0.11%,0.15%,0.79,0.00,33.63,0.00%,0
633,"BUYW",-0.48%,0.48%,0.90%,1.89%,1.75%,2.75%,8.65%,,,0.43%,0.39%,357.58,0.00,14.57,0.00%,0
634,"BUYZ",0.71%,5.89%,5.93%,10.80%,-8.01%,-13.35%,48.66%,-29.28%,,0.12%,0.25%,0.43,0.00,36.91,0.00%,0
635,"BUZZ",-0.05%,11.49%,-6.82%,16.74%,12.25%,12.43%,133.63%,41.74%,,1.21%,2.17%,69.64,0.00,36.47,0.00%,0
636,"BVAL",-0.11%,2.11%,4.75%,9.62%,15.87%,21.04%,,,,0.36%,0.58%,28.12,0.00,32.30,0.00%,0
637,"BVN",6.47%,19.09%,4.48%,-9.57%,30.00%,90.92%,342.84%,391.58%,169.20%,4.92%,4.21%,1141.11,0.00,36.18,0.00%,0
638,"BVS",-4.84%,5.75%,56.97%,59.66%,87.77%,92.16%,304.93%,-9.23%,,3.13%,5.28%,747.13,0.00,13.97,0.00%,0
639,"BWET",-22.04%,36.50%,111.57%,498.35%,1721.01%,2720.02%,1829.68%,,,9.42%,6.46%,192.76,0.02,350.81,-1.64%,218
640,"BWFG",0.02%,-1.81%,24.62%,36.43%,43.28%,54.07%,150.96%,117.46%,194.79%,2.14%,2.41%,74.37,0.00,65.65,0.00%,0
641,"BWIV",0.00%,0.40%,0.30%,,1.02%,,,,,0.25%,0.09%,25.46,0.00,9.95,0.00%,0
642,"BWLP",-0.04%,7.50%,14.47%,31.73%,79.39%,54.91%,106.32%,330.17%,688.59%,2.38%,2.61%,402.37,0.12,23.50,-0.13%,2367
643,"BWMN",-0.07%,60.79%,29.40%,28.65%,28.77%,2.02%,50.14%,207.00%,,0.37%,1.95%,267.37,0.00,42.52,0.00%,0
644,"BWQG",-0.78%,7.18%,,,1.65%,,,,,0.28%,0.57%,20.55,0.00,25.65,0.00%,0
645,"BWZ",-0.14%,2.52%,0.52%,-1.62%,-0.32%,-1.37%,3.29%,-13.11%,-13.86%,0.36%,0.52%,93.00,0.00,27.32,0.00%,0
646,"BX",0.56%,9.85%,22.39%,20.51%,-7.79%,-17.19%,45.77%,18.74%,437.55%,2.06%,3.12%,4962.74,0.00,142.14,-0.74%,311
647,"BY",0.48%,-1.62%,16.22%,18.40%,32.13%,31.45%,85.17%,50.27%,,1.64%,1.55%,299.28,0.00,38.51,0.67%,1
648,"BYFC",3.88%,18.60%,29.43%,49.86%,62.84%,60.45%,53.70%,-55.96%,-11.40%,0.61%,2.05%,5.83,0.00,12.05,0.00%,0
649,"BYRE",0.54%,-2.16%,0.63%,4.20%,13.32%,9.51%,27.29%,,,0.42%,0.50%,3.20,0.00,27.72,0.00%,0
650,"BZ",17.24%,14.91%,37.34%,13.36%,-9.22%,-19.04%,30.83%,-46.94%,,7.42%,4.51%,4213.92,0.26,18.50,-1.80%,54285
651,"CAAS",10.46%,21.94%,12.58%,15.54%,23.94%,28.78%,53.10%,74.67%,62.13%,6.71%,5.21%,29.13,0.00,5.28,0.00%,0
652,"CAC",-0.59%,-3.94%,12.88%,16.44%,29.48%,36.53%,72.99%,18.70%,84.36%,3.41%,2.70%,103.08,0.00,56.17,-0.73%,2
653,"CACI",-3.45%,27.93%,19.35%,4.50%,17.12%,28.12%,91.84%,142.12%,532.32%,2.68%,3.92%,288.12,0.03,624.04,-0.11%,408
654,"CADL",8.91%,43.09%,66.25%,161.17%,138.05%,127.58%,938.61%,68.12%,,6.58%,6.25%,1630.14,0.00,13.45,1.28%,193
655,"CAES",0.40%,0.40%,,,-0.20%,,,,,0.04%,0.10%,241.57,0.00,10.11,0.00%,0
656,"CAGE",-0.79%,5.61%,2.88%,,15.07%,,,,,0.98%,1.52%,105.72,0.00,28.79,0.00%,0
657,"CAH",4.35%,4.05%,19.29%,4.96%,16.01%,59.74%,172.05%,360.77%,200.44%,2.13%,2.66%,2210.79,0.00,238.40,0.00%,52
658,"CAI",17.84%,72.03%,74.38%,46.48%,-0.59%,-30.14%,,,,8.17%,5.98%,3901.22,0.00,26.82,0.00%,0
659,"CAIE",-0.30%,1.40%,-1.01%,2.41%,2.39%,2.49%,,,,0.57%,0.69%,538.83,0.00,27.06,0.00%,0
660,"CAII",0.20%,0.60%,,,0.81%,,,,,0.09%,0.08%,100.12,0.00,10.00,0.00%,0
661,"CAKE",7.91%,13.66%,78.90%,76.64%,127.73%,85.69%,263.68%,146.27%,119.77%,3.73%,4.03%,1615.62,0.00,114.96,-0.34%,101
662,"CALF",1.10%,4.83%,16.97%,24.88%,30.56%,33.66%,38.75%,30.47%,,0.85%,1.27%,502.17,0.00,57.93,0.87%,4
663,"CALI",0.08%,0.04%,-0.03%,-0.62%,-0.09%,-0.38%,0.87%,,,0.08%,0.11%,110.00,0.00,50.42,0.00%,0
664,"CAML",-0.35%,4.97%,2.51%,7.59%,6.35%,7.73%,60.36%,,,0.64%,0.86%,24.84,0.00,40.59,0.00%,0
665,"CAMX",-0.05%,1.12%,4.44%,7.93%,14.42%,13.51%,45.96%,,,0.16%,0.13%,0.32,0.00,36.06,0.00%,0
666,"CANC",-0.77%,8.89%,17.73%,18.92%,29.16%,67.49%,81.49%,,,2.16%,2.06%,32.96,0.00,44.84,0.00%,0
667,"CAPE",0.34%,0.75%,3.14%,1.36%,3.78%,3.52%,36.83%,,,0.45%,0.93%,28.77,0.00,33.45,0.00%,0
668,"CAPL",-1.81%,5.91%,3.37%,17.75%,13.06%,10.85%,19.07%,24.55%,-10.66%,3.04%,3.08%,44.61,0.00,23.29,0.00%,0
669,"CAPN",0.49%,1.04%,4.04%,3.84%,5.40%,8.04%,,,,0.04%,0.05%,4.66,0.00,11.22,0.00%,0
670,"CAQ",-0.30%,0.40%,1.01%,,-1.19%,,,,,0.10%,0.10%,33.55,0.00,9.98,0.00%,0
671,"CARG",-2.27%,-0.60%,25.26%,19.63%,-5.61%,6.10%,102.12%,23.05%,,2.60%,3.75%,1233.25,0.00,36.20,0.00%,0
672,"CARK",-0.14%,4.67%,1.52%,10.54%,8.42%,12.85%,,,,0.16%,0.27%,4.35,0.00,47.78,0.00%,0
673,"CARL",4.25%,31.44%,38.05%,28.82%,31.01%,17.67%,,,,5.74%,5.77%,147.93,0.00,16.18,0.00%,0
674,"CART",0.65%,12.62%,28.69%,33.71%,14.27%,18.73%,,,,3.27%,3.73%,4231.98,0.00,51.40,1.24%,20
675,"CARX",0.61%,21.01%,,,9.15%,,,,,0.75%,0.52%,0.38,0.00,28.76,0.00%,0
676,"CARY",0.07%,-0.02%,-0.43%,-1.61%,-0.36%,-0.93%,3.35%,,,0.14%,0.26%,400.71,0.00,20.75,0.00%,0
677,"CASS",0.63%,1.97%,23.37%,27.17%,37.43%,31.38%,48.67%,29.27%,31.88%,4.58%,2.84%,85.28,0.00,57.06,0.00%,0
678,"CATH",-0.31%,3.45%,1.82%,9.37%,10.85%,15.98%,70.08%,64.00%,248.08%,0.47%,0.72%,45.20,0.00,91.15,0.00%,0
679,"CBC",3.39%,-0.28%,13.70%,33.17%,34.16%,65.97%,131.83%,178.02%,334.29%,3.46%,2.92%,761.48,0.00,32.36,0.00%,0
680,"CBFV",-0.88%,0.35%,5.68%,7.44%,7.23%,14.10%,73.70%,62.10%,66.93%,0.92%,1.36%,6.64,0.00,37.38,0.00%,0
681,"CBIL",0.08%,0.04%,,,0.28%,,,,,0.38%,0.12%,31.26,0.00,25.10,0.00%,0
682,"CBK",-0.03%,-2.45%,15.99%,26.02%,37.66%,,,,,2.35%,2.25%,75.55,0.00,33.81,0.00%,0
683,"CBL",-3.33%,-8.24%,15.25%,45.56%,49.53%,77.61%,164.71%,,,2.37%,2.98%,288.80,0.00,55.10,0.00%,0
684,"CBNA",-2.98%,4.40%,25.31%,28.18%,30.77%,57.35%,,,,3.00%,4.29%,18.62,0.00,45.30,0.00%,0
685,"CBNK",-1.20%,-4.26%,13.22%,19.54%,28.58%,5.32%,86.13%,52.63%,,1.87%,2.01%,64.32,0.01,36.22,-0.47%,38
686,"CBOE",11.20%,4.98%,-10.21%,7.18%,24.38%,28.60%,106.43%,149.55%,353.11%,3.22%,3.61%,1452.18,0.00,312.19,0.00%,0
687,"CBOL",1.04%,1.77%,1.27%,1.70%,-0.21%,,,,,0.13%,0.10%,0.70,0.00,23.86,0.00%,0
688,"CBON",-0.04%,1.09%,0.57%,2.98%,5.28%,7.95%,11.01%,-1.23%,2.23%,0.42%,0.45%,5.49,0.00,24.05,0.00%,0
689,"CBOO",0.14%,0.31%,0.72%,1.13%,0.65%,,,,,0.04%,0.06%,1.22,0.00,24.62,0.00%,0
690,"CBOX",0.07%,0.38%,1.08%,,1.45%,,,,,0.05%,0.05%,89.10,0.00,101.48,0.00%,0
691,"CBOY",1.07%,1.98%,2.21%,2.75%,1.65%,-1.13%,,,,0.04%,0.19%,1.71,0.00,24.98,0.00%,0
692,"CBRE",-3.04%,2.25%,15.53%,2.12%,-6.49%,-7.99%,82.08%,60.57%,407.46%,2.10%,3.05%,1958.87,0.00,150.36,0.00%,0
693,"CBXY",3.48%,5.78%,6.48%,6.02%,1.03%,-7.57%,,,,0.32%,0.24%,2.71,0.00,23.39,0.00%,0
694,"CCAQ",0.00%,0.67%,0.48%,2.23%,3.23%,4.87%,,,,0.13%,0.22%,76.83,0.00,10.55,0.00%,0
695,"CCBG",-0.65%,-2.78%,10.81%,17.58%,19.81%,16.61%,69.79%,118.81%,266.67%,1.56%,2.09%,92.36,0.11,51.00,-0.15%,504
696,"CCCT",1.02%,,,,-1.39%,,,,,0.04%,,119.54,0.00,9.91,0.00%,0
697,"CCEC",-0.92%,-0.26%,0.85%,-2.80%,8.29%,3.91%,53.64%,88.49%,65.43%,1.68%,2.46%,13.13,0.00,22.60,0.00%,0
698,"CCEF",0.10%,2.37%,1.41%,0.08%,4.25%,5.28%,,,,0.18%,0.28%,3.44,0.00,30.04,0.00%,0
699,"CCEP",1.33%,-2.55%,17.31%,-0.07%,19.37%,22.30%,70.56%,86.32%,180.42%,1.28%,1.75%,1975.46,0.03,108.27,-0.66%,2573
700,"CCII",0.00%,-0.10%,0.68%,0.68%,0.88%,2.08%,,,,0.04%,0.12%,36.34,0.00,10.33,0.00%,0
701,"CCJ",12.77%,27.47%,-2.56%,-8.78%,17.83%,43.20%,196.32%,505.62%,1060.39%,4.32%,3.71%,3352.73,0.02,107.80,0.41%,3767
702,"CCK",1.85%,-1.75%,21.45%,3.95%,15.65%,18.15%,34.51%,8.75%,124.05%,2.05%,2.33%,1070.27,0.00,119.08,0.00%,0
703,"CCLD",0.38%,9.09%,13.79%,5.60%,-9.59%,-28.84%,61.96%,-67.65%,183.87%,5.30%,6.92%,298.58,0.00,2.64,0.00%,51
704,"CCNR",1.53%,11.46%,2.08%,4.01%,27.62%,46.58%,,,,0.56%,0.99%,32.66,0.00,41.83,0.00%,0
705,"CCPX",-0.79%,-1.58%,,,-1.81%,,,,,0.05%,0.03%,1.05,0.00,23.53,0.00%,0
706,"CCXI",6.04%,10.36%,45.99%,46.44%,46.27%,,,,,5.19%,7.95%,3081.54,0.19,14.92,0.67%,28647
707,"CDC",-0.41%,-0.42%,5.76%,5.83%,17.66%,16.98%,39.19%,17.22%,96.02%,0.52%,0.71%,16.48,0.00,77.53,0.00%,0
708,"CDE",0.99%,45.73%,14.69%,-19.73%,19.57%,70.97%,759.68%,206.32%,55.85%,4.71%,4.92%,37691.45,0.02,21.32,-0.56%,29117
709,"CDEI",-0.39%,3.46%,4.75%,13.84%,13.85%,22.07%,69.21%,,,0.07%,0.40%,1.65,0.00,94.17,0.00%,0
710,"CDIG",-0.09%,6.63%,1.99%,1.24%,7.20%,,,,,0.68%,0.86%,8.21,0.00,26.71,0.00%,0
711,"CDL",-0.40%,-0.41%,5.77%,5.79%,17.50%,17.01%,43.95%,39.09%,110.23%,0.58%,0.73%,7.18,0.00,80.90,0.00%,0
712,"CDNA",9.04%,44.70%,125.73%,172.26%,171.97%,285.55%,486.94%,-35.81%,933.06%,5.41%,5.20%,1081.51,0.01,51.24,0.55%,735
713,"CDP",1.36%,-2.41%,15.47%,17.21%,34.24%,30.63%,48.69%,32.91%,31.36%,1.52%,1.68%,967.99,0.00,37.32,0.00%,0
714,"CDPI",0.51%,0.73%,,,2.18%,,,,,0.05%,0.61%,8.27,0.00,20.46,0.00%,0
715,"CDRE",-7.67%,-5.63%,2.67%,-25.85%,-22.82%,2.47%,26.74%,,,4.58%,4.85%,387.31,0.00,31.52,0.00%,0
716,"CDZI",13.52%,35.23%,-7.99%,-24.11%,-28.16%,10.11%,1.00%,-70.30%,-44.95%,7.84%,7.27%,1010.78,0.01,4.03,0.00%,734
717,"CEF",2.90%,17.89%,0.39%,-13.65%,2.31%,48.90%,156.49%,165.65%,239.07%,2.29%,2.04%,730.36,0.00,46.86,0.00%,0
718,"CEFA",0.65%,4.91%,4.61%,3.17%,12.88%,17.56%,52.04%,28.75%,,1.33%,0.90%,7.00,0.00,41.69,0.00%,0
719,"CEFS",-0.69%,2.22%,0.08%,7.61%,9.90%,12.95%,42.34%,28.55%,,0.84%,1.25%,82.16,0.00,25.32,0.00%,0
720,"CEFZ",-0.42%,2.46%,-0.48%,0.06%,1.53%,2.40%,,,,1.55%,1.42%,18.82,0.00,8.31,0.00%,0
721,"CEG",3.32%,9.32%,-1.51%,-12.85%,-20.18%,-10.75%,166.35%,,,2.50%,3.49%,3405.73,0.03,281.99,0.88%,5468
722,"CELC",4.88%,14.09%,-27.44%,-14.52%,-4.76%,90.13%,860.47%,328.85%,,4.09%,5.07%,1500.63,0.00,94.99,-0.09%,9
723,"CEMB",-0.03%,0.22%,-0.73%,-2.12%,-1.05%,-1.07%,6.55%,-13.12%,-10.65%,0.14%,0.15%,68.30,0.00,45.39,0.00%,0
724,"CENT",-0.43%,-0.56%,12.25%,11.45%,37.42%,23.37%,27.68%,22.98%,115.78%,2.82%,3.49%,99.03,0.00,44.18,0.00%,0
725,"CEPO",0.65%,0.94%,1.56%,2.87%,3.36%,2.77%,,,,0.27%,0.19%,180.87,0.00,10.76,0.00%,0
726,"CEPS",-0.10%,-0.10%,1.37%,2.52%,2.57%,,,,,0.00%,0.16%,28.48,0.00,10.39,0.00%,0
727,"CEPV",0.10%,-0.57%,1.56%,2.47%,1.37%,,,,,0.02%,0.21%,63.88,0.00,10.39,0.00%,0
728,"CERY",-0.73%,5.12%,3.52%,18.43%,33.03%,36.57%,,,,1.69%,1.53%,201.30,0.02,37.98,0.00%,171
729,"CET",0.38%,4.29%,3.81%,5.07%,8.80%,14.06%,66.10%,56.71%,273.73%,1.30%,1.31%,35.16,0.00,54.91,0.00%,0
730,"CEW",0.04%,1.63%,2.57%,1.79%,5.51%,6.87%,12.96%,11.30%,10.15%,0.41%,0.38%,5.01,0.00,19.94,0.00%,0
731,"CF",-0.14%,-1.43%,7.75%,29.20%,62.31%,45.37%,70.60%,177.54%,423.48%,3.93%,3.67%,2583.39,0.01,125.53,-0.14%,937
732,"CFA",-0.03%,0.96%,5.97%,6.05%,12.09%,12.88%,45.17%,37.73%,163.40%,0.47%,0.57%,4.62,0.00,102.01,0.00%,0
733,"CFFI",3.08%,8.06%,22.94%,20.01%,26.16%,27.73%,70.92%,71.37%,115.18%,3.72%,3.15%,18.48,2.29,91.58,-0.01%,2116
734,"CFFN",1.88%,-1.14%,10.90%,16.42%,27.77%,34.90%,50.02%,-18.93%,-20.52%,1.75%,2.21%,811.82,0.07,8.65,-0.12%,2646
735,"CFIT",0.07%,1.31%,-0.79%,-0.10%,3.16%,3.76%,,,,0.37%,0.34%,20.01,0.00,25.93,0.00%,0
736,"CFO",-0.01%,0.98%,5.98%,6.06%,11.99%,12.85%,36.11%,13.95%,117.69%,0.26%,0.50%,4.82,0.00,82.70,0.00%,0
737,"CFR",-0.93%,-2.19%,19.82%,13.32%,28.93%,23.75%,71.57%,40.59%,125.42%,1.73%,1.93%,592.52,0.01,163.27,0.00%,440
738,"CG",-0.83%,5.42%,7.29%,-4.97%,-17.12%,-24.48%,63.41%,0.12%,216.48%,2.43%,3.65%,3738.13,0.00,48.99,0.00%,0
739,"CGAU",-0.56%,37.16%,37.00%,16.38%,62.54%,199.46%,295.89%,199.46%,354.43%,4.32%,4.12%,1617.10,0.01,23.36,-1.49%,484
740,"CGBL",0.84%,4.18%,1.78%,4.83%,8.69%,12.61%,,,,0.35%,0.56%,1862.35,0.36,38.40,0.29%,33164
741,"CGCV",-0.15%,0.36%,3.79%,4.74%,9.51%,13.49%,,,,0.45%,0.63%,329.79,0.00,33.39,0.00%,0
742,"CGDG",0.21%,1.12%,3.76%,2.48%,9.12%,13.91%,,,,0.41%,0.56%,594.86,0.00,38.89,0.00%,0
743,"CGDV",0.86%,3.98%,4.05%,10.34%,15.42%,21.20%,86.76%,,,0.54%,0.78%,3709.27,0.00,50.37,0.18%,11
744,"CGEN",5.71%,25.06%,0.77%,56.50%,83.09%,90.56%,143.59%,-58.31%,-58.93%,7.29%,5.33%,342.09,0.00,2.80,-1.36%,58
745,"CGGE",-0.06%,3.45%,3.23%,6.97%,12.01%,18.22%,,,,0.47%,0.74%,595.55,0.00,35.43,0.00%,0
746,"CGGG",0.09%,3.72%,-2.29%,2.38%,-0.47%,2.43%,,,,0.52%,1.10%,62.62,0.00,28.44,0.00%,0
747,"CGGO",0.07%,4.59%,-0.37%,9.79%,17.14%,23.79%,71.34%,,,0.72%,1.16%,1253.30,0.00,40.59,0.00%,0
748,"CGGR",-0.19%,5.12%,-0.55%,7.65%,5.35%,10.55%,88.30%,,,0.72%,1.13%,2650.03,0.00,46.85,0.00%,0
749,"CGHY",0.30%,0.54%,-0.39%,-0.78%,-0.08%,-0.30%,,,,0.25%,0.28%,68.24,0.00,25.34,0.00%,0
750,"CGIC",0.95%,5.06%,1.31%,2.65%,14.31%,23.64%,,,,0.55%,0.77%,590.20,0.00,37.15,0.00%,0
751,"CGIE",0.70%,5.28%,4.61%,3.22%,9.42%,14.90%,,,,0.46%,0.64%,410.08,0.00,38.10,0.00%,0
752,"CGMM",0.12%,3.11%,4.60%,5.64%,15.05%,17.70%,,,,0.63%,0.92%,812.81,0.00,33.18,0.00%,0
753,"CGNG",1.37%,5.76%,0.57%,5.16%,15.60%,25.16%,,,,0.72%,1.09%,709.14,0.00,36.91,0.00%,0
754,"CGON",0.97%,13.37%,29.03%,39.65%,88.73%,195.92%,,,,2.96%,4.26%,995.08,0.02,78.36,-0.08%,1031
755,"CGOV",0.08%,-0.04%,,,0.36%,,,,,0.05%,0.03%,20.09,0.00,25.10,0.00%,0
756,"CGSD",0.04%,0.12%,-0.27%,-1.38%,-0.96%,-1.11%,2.34%,,,0.10%,0.11%,462.60,0.00,25.76,0.00%,0
757,"CGSM",0.11%,0.14%,-0.03%,-1.16%,0.01%,0.19%,,,,0.13%,0.14%,431.06,0.00,26.34,0.00%,0
758,"CGUI",0.06%,0.00%,0.00%,-0.08%,0.26%,0.06%,,,,0.09%,0.12%,138.80,0.00,25.37,0.00%,0
759,"CGUS",-0.31%,2.94%,2.82%,9.85%,12.28%,16.93%,75.76%,,,0.50%,0.82%,1147.16,0.00,45.17,0.00%,0
760,"CGV",-0.12%,5.47%,-0.64%,-4.48%,10.05%,12.69%,25.90%,,,0.30%,0.47%,13.89,0.00,16.21,0.00%,0
761,"CGVV",0.40%,5.13%,6.91%,12.51%,20.33%,24.43%,,,,0.35%,0.66%,54.62,0.00,32.37,0.00%,0
762,"CGW",0.61%,0.21%,4.50%,-4.43%,4.33%,2.06%,32.47%,12.08%,116.32%,0.58%,0.87%,28.13,0.00,65.74,0.00%,0
763,"CGXU",1.35%,6.96%,2.21%,8.02%,19.02%,24.98%,57.36%,,,0.67%,1.06%,924.87,0.00,35.17,0.00%,0
764,"CHAR",0.09%,0.37%,1.86%,3.89%,4.69%,6.01%,,,,0.16%,0.23%,21.91,0.00,10.94,0.00%,0
765,"CHCI",2.80%,27.76%,20.12%,69.48%,67.73%,14.65%,344.98%,245.57%,982.78%,6.21%,5.85%,32.70,0.00,19.49,0.00%,0
766,"CHCO",1.03%,-0.15%,16.19%,17.79%,21.38%,11.61%,58.90%,88.19%,186.72%,1.35%,1.61%,129.48,0.00,144.68,0.00%,0
767,"CHD",4.52%,1.95%,4.28%,-1.79%,21.42%,9.44%,9.12%,23.09%,105.47%,2.06%,2.28%,1916.45,0.00,101.81,-1.02%,455
768,"CHEC",0.29%,0.79%,1.58%,2.04%,3.01%,,,,,0.00%,0.02%,21.91,0.00,10.27,0.00%,0
769,"CHEF",4.33%,11.81%,45.79%,55.31%,79.70%,77.54%,301.18%,283.20%,889.49%,2.92%,4.06%,595.15,0.00,112.01,0.00%,0
770,"CHMG",-0.96%,-1.38%,17.46%,40.63%,44.91%,52.97%,104.86%,74.08%,168.19%,2.38%,2.44%,56.68,0.00,80.86,0.00%,0
771,"CHNL",12.63%,37.74%,23.57%,,27.48%,,,,,0.62%,0.52%,0.66,0.00,26.43,0.00%,0
772,"CHNU",23.44%,76.22%,31.68%,,35.30%,,,,,4.77%,3.41%,7.32,0.00,28.22,0.00%,0
773,"CHPG",0.38%,0.67%,1.25%,2.14%,2.94%,4.69%,,,,0.14%,0.07%,12.56,0.00,10.49,0.00%,0
774,"CHRI",-0.26%,3.45%,2.08%,10.34%,11.70%,,,,,0.06%,0.28%,1.03,0.00,90.97,0.00%,0
775,"CHYG",0.09%,0.83%,,,0.71%,,,,,0.00%,0.07%,42.30,0.00,25.22,0.00%,0
776,"CHYM",0.24%,48.19%,91.95%,57.03%,31.70%,22.23%,,,,3.53%,5.17%,6780.69,0.00,33.15,0.00%,0
777,"CIB",1.34%,13.41%,42.71%,35.82%,58.80%,101.26%,273.83%,216.15%,156.18%,2.72%,3.33%,361.29,0.00,101.01,0.00%,0
778,"CIBR",3.39%,8.82%,15.46%,51.28%,35.23%,32.16%,112.40%,87.25%,412.85%,2.49%,2.56%,1616.38,0.09,96.62,3.16%,6928
779,"CIR",29.14%,86.46%,,,63.18%,,,,,12.12%,5.32%,1.62,0.00,38.77,0.00%,0
780,"CITR",-0.16%,8.91%,-5.27%,-12.46%,-24.38%,0.83%,21.23%,1625.99%,113048.14%,9.75%,8.43%,39.76,0.00,6.11,0.00%,0
781,"CIVG",-0.00%,-0.04%,,,-0.16%,,,,,0.00%,0.00%,2.70,0.00,25.00,0.00%,0
782,"CIX",3.23%,13.96%,30.93%,31.85%,37.52%,24.51%,63.01%,72.20%,221.87%,3.67%,4.37%,6.80,0.00,32.00,0.00%,0
783,"CJUL",-0.05%,1.94%,,,2.11%,,,,,0.20%,0.17%,1.32,0.00,25.60,0.00%,0
784,"CJUN",-0.12%,2.00%,,,0.98%,,,,,0.00%,0.01%,1.45,0.00,25.39,0.00%,0
785,"CLCG",-0.17%,3.45%,-1.13%,10.20%,6.56%,11.86%,,,,0.40%,0.48%,2.48,0.00,28.77,0.00%,0
786,"CLCV",0.55%,2.76%,6.99%,16.28%,18.56%,24.25%,,,,0.33%,0.41%,2.37,0.00,31.55,0.00%,0
787,"CLH",-3.55%,3.29%,10.93%,9.66%,33.77%,28.38%,84.53%,210.41%,549.15%,2.27%,2.44%,481.08,0.00,313.67,0.00%,0
788,"CLIX",-0.28%,4.74%,1.45%,14.08%,-0.89%,7.49%,67.71%,-14.92%,,0.28%,0.46%,0.68,0.00,59.92,0.00%,0
789,"CLLS",7.89%,20.42%,-5.79%,-18.18%,-29.34%,32.05%,80.00%,-74.44%,-87.12%,6.30%,5.80%,29.91,0.00,3.42,0.00%,0
790,"CLMB",-2.43%,-1.81%,32.39%,19.02%,7.68%,-10.18%,164.97%,299.86%,521.45%,4.01%,4.57%,160.26,0.00,27.67,0.00%,0
791,"CLMT",-2.85%,15.21%,40.23%,61.51%,140.51%,198.69%,180.13%,603.83%,772.08%,4.17%,5.11%,1067.12,0.00,47.79,0.00%,0
792,"CLNK",11.26%,35.00%,21.49%,19.26%,-19.21%,,,,,3.39%,2.84%,23.63,0.00,20.52,0.00%,0
793,"CLOC",-0.04%,-0.02%,-0.32%,-0.18%,-0.06%,,,,,0.08%,0.09%,3.24,0.00,25.05,0.00%,0
794,"CLOD",-0.62%,8.91%,8.49%,28.62%,4.22%,3.45%,,,,0.28%,0.57%,0.91,0.00,33.92,0.00%,0
795,"CLOI",0.09%,0.02%,0.03%,-0.04%,0.27%,-0.21%,1.75%,,,0.10%,0.12%,209.08,0.00,52.95,0.00%,0
796,"CLOO",0.10%,0.08%,0.32%,,0.72%,,,,,0.00%,0.01%,15.72,0.00,25.23,0.00%,0
797,"CLOU",-1.33%,13.09%,23.45%,46.17%,21.49%,24.97%,39.63%,-6.82%,,1.81%,2.70%,378.43,0.00,27.48,0.00%,0
798,"CLOX",0.22%,-0.04%,0.02%,-0.06%,0.29%,-0.10%,1.45%,,,0.22%,0.19%,184.85,0.00,25.58,0.00%,0
799,"CLPT",2.57%,12.66%,42.35%,7.98%,19.66%,53.85%,214.20%,-6.62%,151.85%,6.61%,5.13%,740.17,0.00,16.37,0.00%,0
800,"CLSM",-0.27%,4.48%,-0.15%,11.80%,17.95%,23.84%,39.98%,8.08%,,0.25%,0.39%,11.14,0.00,27.41,0.00%,0
801,"CLST",0.17%,2.90%,9.03%,5.71%,10.41%,35.06%,48.00%,,,1.40%,2.47%,2.80,0.00,17.39,0.00%,0
802,"CLUB",0.33%,6.01%,1.01%,,2.49%,,,,,0.04%,0.29%,2.97,0.00,26.07,0.00%,0
803,"CLYM",-5.05%,33.44%,42.50%,118.97%,304.00%,607.22%,509.81%,-39.68%,,7.53%,7.64%,1338.29,0.01,16.16,0.50%,396
804,"CM",4.49%,4.00%,10.39%,16.51%,33.41%,60.57%,204.64%,108.25%,202.50%,1.86%,1.81%,1342.74,0.00,120.88,2.27%,71
805,"CMAG",-0.83%,5.12%,-2.53%,,-0.12%,,,,,0.55%,0.72%,10.92,0.00,25.62,0.00%,0
806,"CMAY",0.02%,1.37%,2.02%,,2.97%,,,,,0.00%,0.07%,2.75,0.00,25.91,0.00%,0
807,"CMBO",0.09%,0.33%,1.06%,2.04%,2.63%,,,,,0.00%,0.00%,0.34,0.00,103.36,0.00%,0
808,"CMCI",0.29%,6.46%,5.78%,19.91%,28.20%,21.49%,21.17%,,,0.00%,0.05%,0.32,0.00,30.73,0.00%,0
809,"CMCL",0.56%,37.64%,5.65%,-23.14%,-4.28%,2.33%,133.46%,109.27%,273.88%,3.10%,3.70%,243.79,0.03,25.05,0.60%,353
810,"CMDB",4.25%,7.63%,17.48%,8.39%,29.07%,96.74%,,,,5.12%,5.74%,70.64,0.00,19.89,0.00%,0
811,"CMDT",0.62%,6.56%,1.97%,15.09%,23.56%,29.03%,26.28%,,,0.70%,0.74%,65.11,0.00,34.09,0.00%,0
812,"CMDY",0.25%,6.50%,3.64%,15.27%,27.54%,22.68%,19.75%,12.35%,,0.71%,0.71%,76.09,0.00,62.17,0.00%,0
813,"CME",3.16%,5.27%,0.73%,-9.96%,4.34%,5.48%,47.29%,55.97%,221.20%,1.97%,2.17%,3183.14,0.00,279.44,-0.55%,541
814,"CMII",0.20%,0.65%,1.51%,,2.24%,,,,,0.20%,0.17%,167.61,0.00,10.06,0.00%,0
815,"CMT",-3.30%,4.30%,6.01%,29.97%,25.89%,30.98%,-6.41%,77.00%,82.11%,3.89%,5.57%,27.02,0.00,25.24,0.00%,0
816,"CMTV",-0.57%,-0.79%,6.02%,27.21%,62.11%,77.44%,137.35%,103.79%,191.13%,3.65%,4.44%,39.98,0.00,40.35,0.00%,0
817,"CNK",0.57%,6.33%,36.20%,38.85%,59.64%,43.08%,136.46%,115.07%,-2.65%,3.46%,3.43%,2495.00,0.00,37.10,0.00%,100
818,"CNL",0.96%,23.80%,3.56%,-21.76%,7.68%,27.00%,251.30%,552.79%,,5.46%,5.99%,67.52,0.00,15.71,0.00%,0
819,"CNO",2.68%,2.26%,18.05%,29.32%,28.87%,39.44%,136.62%,125.60%,245.74%,1.81%,1.91%,780.04,0.00,54.73,0.00%,0
820,"CNQ",-2.17%,7.47%,8.97%,15.85%,47.48%,59.54%,63.92%,203.26%,219.61%,1.90%,2.16%,7937.03,0.00,49.92,0.57%,62
821,"CNS",2.66%,1.09%,17.56%,23.25%,32.73%,9.24%,33.43%,-2.12%,129.40%,2.60%,2.60%,278.98,0.00,83.33,0.00%,0
822,"CNTB",7.85%,19.95%,3.32%,-2.42%,-12.80%,38.14%,199.87%,-86.43%,,8.56%,6.94%,447.52,0.02,2.46,5.53%,445
823,"CNX",0.67%,5.44%,6.88%,-6.92%,-1.93%,23.54%,65.72%,235.75%,138.46%,2.26%,2.63%,1752.96,0.00,36.06,0.00%,0
824,"CNXN",1.85%,-4.46%,18.49%,30.55%,37.45%,25.34%,52.26%,68.08%,228.92%,2.87%,3.31%,157.71,0.00,79.39,0.00%,0
825,"COAG",-4.78%,4.08%,71.99%,,82.19%,,,,,9.65%,8.53%,338.29,0.00,49.19,0.00%,0
826,"CODA",1.19%,2.92%,-18.06%,-31.06%,9.78%,28.43%,30.23%,16.82%,420.92%,2.74%,3.93%,130.30,0.00,10.21,0.00%,0
827,"COF",1.32%,3.15%,15.11%,3.27%,-11.17%,-4.13%,113.47%,22.46%,212.43%,2.25%,2.17%,4350.65,0.00,215.28,-0.89%,186
828,"COIN",8.23%,16.52%,2.35%,3.02%,-17.51%,-39.63%,151.19%,-28.01%,,6.23%,5.64%,8583.29,0.23,186.53,2.62%,96861
829,"COIX",27.14%,11.12%,,,36.15%,,,,,2.21%,0.89%,0.85,0.00,36.72,0.00%,0
830,"COKE",2.88%,0.32%,10.50%,-3.24%,25.90%,64.37%,183.02%,394.51%,1206.87%,2.75%,3.71%,508.59,0.01,193.00,-0.53%,352
831,"COLA",0.00%,0.37%,-1.92%,2.19%,3.10%,4.79%,,,,0.34%,0.27%,29.89,0.00,10.71,0.00%,0
832,"COLO",-0.80%,9.95%,24.87%,20.51%,38.64%,55.48%,145.46%,75.95%,26.95%,1.64%,1.66%,209.36,0.00,49.41,0.00%,0
833,"COM",0.75%,3.25%,2.97%,10.46%,18.19%,25.80%,17.28%,13.54%,,0.60%,0.47%,114.30,0.00,34.96,0.00%,0
834,"COMB",0.57%,6.75%,3.44%,16.87%,29.01%,30.02%,25.51%,-4.03%,,0.73%,0.74%,58.95,0.00,27.24,0.00%,0
835,"COMD",0.61%,7.48%,4.95%,15.25%,17.57%,,,,,0.20%,0.06%,1.08,0.00,29.25,0.00%,0
836,"CON",0.52%,6.91%,35.47%,49.42%,77.59%,52.89%,,,,2.25%,3.13%,962.94,0.00,34.95,0.00%,0
837,"COOL",2.38%,,,,-0.04%,,,,,0.45%,,4.76,0.00,20.11,0.00%,0
838,"COPA",9.28%,24.47%,14.74%,7.50%,35.35%,88.62%,,,,2.06%,1.47%,2.77,0.00,58.48,0.00%,0
839,"COPJ",5.60%,25.90%,6.99%,-1.25%,21.96%,77.55%,156.81%,,,3.11%,2.65%,78.44,0.02,47.92,-1.03%,77
840,"COPL",-0.10%,0.19%,0.87%,1.84%,2.14%,4.07%,,,,0.38%,0.14%,74.47,0.00,10.49,0.00%,0
841,"COPP",7.99%,25.24%,9.13%,5.35%,33.58%,94.20%,,,,2.90%,2.58%,120.19,0.00,46.50,0.15%,27
842,"COPX",5.68%,24.82%,7.46%,0.62%,32.38%,96.03%,160.87%,159.16%,473.19%,2.57%,2.35%,3169.22,0.05,95.03,-0.53%,8697
843,"COPY",0.38%,2.01%,7.20%,11.00%,23.57%,30.44%,,,,0.59%,0.98%,133.93,0.00,15.94,0.00%,0
844,"COPZ",16.62%,52.04%,10.68%,-19.59%,-3.94%,,,,,7.11%,4.96%,30.90,0.00,20.04,0.00%,0
845,"COR",3.75%,2.48%,21.96%,-10.95%,-3.33%,12.37%,81.91%,172.33%,280.76%,1.98%,2.58%,1503.73,0.00,326.50,-0.39%,19
846,"CORO",0.87%,5.69%,2.48%,5.85%,19.49%,27.86%,,,,0.62%,0.94%,2464.02,0.00,37.13,0.00%,0
847,"CORT",0.66%,27.19%,79.74%,230.76%,244.25%,72.20%,277.56%,467.77%,2078.18%,3.61%,4.24%,1105.48,0.00,119.80,0.00%,0
848,"COSO",1.22%,-1.19%,6.25%,7.89%,17.63%,26.33%,70.94%,64.17%,,2.39%,2.32%,113.11,0.00,27.35,0.00%,0
849,"COST",1.45%,-2.78%,-4.84%,-4.03%,9.82%,-0.27%,81.37%,115.07%,530.80%,1.63%,1.64%,2304.34,0.04,947.00,-0.95%,4124
850,"COWG",-0.16%,6.37%,3.37%,11.64%,12.24%,12.95%,82.46%,,,0.97%,1.41%,268.28,0.00,39.52,0.00%,0
851,"COWS",0.66%,3.32%,14.57%,18.02%,21.70%,27.55%,,,,0.77%,1.23%,7.00,0.00,40.49,0.00%,0
852,"COWZ",0.00%,4.95%,10.20%,10.40%,18.36%,22.90%,43.13%,59.34%,,0.83%,1.13%,951.70,0.00,71.22,-0.89%,2
853,"CP",0.24%,4.13%,4.92%,9.12%,29.11%,23.68%,20.97%,32.34%,210.40%,1.97%,2.15%,2700.66,0.00,95.06,0.37%,120
854,"CPAC",6.58%,2.97%,18.54%,18.99%,19.67%,97.00%,134.11%,125.91%,3.94%,2.48%,2.54%,66.64,0.00,12.47,0.00%,0
855,"CPAI",0.30%,5.14%,4.82%,17.28%,30.65%,41.62%,,,,1.00%,1.25%,68.80,0.00,52.39,0.00%,0
856,"CPAY",-1.69%,3.10%,14.94%,21.22%,34.59%,24.53%,52.70%,54.68%,143.15%,1.94%,2.64%,609.69,0.00,405.02,-0.47%,4
857,"CPBI",0.07%,6.00%,14.52%,17.41%,23.73%,35.06%,,,,0.01%,0.53%,3.01,0.00,20.93,0.00%,0
858,"CPER",1.04%,3.68%,1.79%,8.25%,13.73%,43.75%,71.08%,49.61%,191.24%,1.09%,1.17%,525.23,0.06,39.76,-0.75%,1462
859,"CPHY",0.18%,1.03%,0.91%,0.47%,1.31%,2.94%,,,,0.04%,0.04%,0.68,0.00,51.92,0.00%,0
860,"CPIX",17.25%,69.86%,97.40%,182.13%,190.64%,240.22%,584.47%,319.11%,159.94%,7.84%,8.73%,116.47,0.00,8.97,0.00%,0
861,"CPK",-0.83%,-0.25%,10.88%,1.35%,9.36%,10.19%,22.30%,5.64%,111.24%,1.99%,2.06%,193.61,0.07,136.44,1.69%,677
862,"CPNJ",-0.21%,0.87%,-0.10%,1.54%,2.25%,4.46%,,,,0.21%,0.22%,16.28,0.00,27.60,0.00%,0
863,"CPNM",0.04%,0.98%,0.87%,2.94%,3.71%,6.30%,,,,0.02%,0.04%,0.69,0.00,26.99,0.00%,0
864,"CPNQ",0.15%,1.27%,1.13%,3.89%,4.12%,7.01%,,,,0.10%,0.13%,9.00,0.00,27.65,0.00%,0
865,"CPNS",0.03%,0.69%,1.22%,3.61%,4.24%,6.43%,,,,0.07%,0.13%,2.73,0.00,28.37,0.00%,0
866,"CPRA",0.00%,0.61%,1.36%,4.24%,5.18%,7.84%,,,,0.11%,0.10%,0.87,0.00,27.92,0.00%,0
867,"CPRJ",-0.06%,0.57%,0.79%,2.49%,3.75%,6.04%,,,,0.25%,0.28%,15.68,0.00,27.78,0.00%,0
868,"CPRO",0.02%,0.64%,1.78%,3.89%,5.56%,10.11%,,,,0.07%,0.14%,3.33,0.00,28.46,0.00%,0
869,"CPRY",-0.08%,0.66%,1.49%,3.27%,4.61%,9.97%,,,,0.07%,0.09%,10.02,0.00,28.23,0.00%,0
870,"CPSA",-0.01%,0.69%,1.55%,3.53%,4.28%,6.35%,,,,0.17%,0.18%,8.46,0.00,28.09,0.00%,0
871,"CPSD",0.09%,0.91%,1.50%,3.25%,3.88%,7.11%,,,,0.06%,0.10%,1.54,0.00,27.03,0.00%,0
872,"CPSF",0.00%,0.76%,1.24%,2.73%,3.56%,6.32%,,,,0.06%,0.08%,1.33,0.00,26.50,0.00%,0
873,"CPSJ",0.02%,0.78%,1.38%,3.08%,3.91%,5.86%,,,,0.19%,0.20%,9.34,0.00,27.93,0.00%,0
874,"CPSL",-0.02%,0.66%,1.30%,2.93%,3.83%,5.75%,,,,0.24%,0.27%,40.92,0.00,28.25,0.00%,0
875,"CPSM",0.03%,0.79%,1.03%,2.38%,3.14%,5.13%,,,,0.13%,0.15%,3.33,0.00,29.52,0.00%,0
876,"CPSN",0.11%,0.96%,1.61%,3.56%,4.18%,6.24%,,,,0.16%,0.15%,2.82,0.00,28.03,0.00%,0
877,"CPSO",0.16%,0.80%,1.54%,3.41%,4.16%,5.92%,,,,0.02%,0.11%,1.19,0.00,28.19,0.00%,0
878,"CPSP",0.09%,0.68%,1.09%,3.38%,4.23%,6.25%,,,,0.10%,0.13%,2.31,0.00,27.17,0.00%,0
879,"CPSR",-0.00%,0.67%,1.20%,2.55%,3.55%,6.04%,,,,0.04%,0.13%,0.87,0.00,26.10,0.00%,0
880,"CPST",0.14%,0.54%,1.36%,3.18%,3.91%,5.94%,,,,0.05%,0.09%,1.43,0.00,28.08,0.00%,0
881,"CPSU",-0.12%,0.82%,0.76%,2.22%,2.94%,5.01%,,,,0.09%,0.15%,9.98,0.00,27.88,0.00%,0
882,"CPSY",0.02%,0.80%,1.41%,2.97%,3.57%,6.21%,,,,0.03%,0.11%,1.05,0.00,25.98,0.00%,0
883,"CPTL",-0.65%,2.94%,2.34%,11.43%,12.43%,15.69%,58.81%,48.56%,213.77%,0.31%,0.58%,3.69,0.00,48.82,0.00%,0
884,"CPXR",1.08%,5.84%,1.05%,10.67%,19.95%,82.50%,,,,2.16%,2.09%,15.00,2.69,31.75,-2.16%,2016
885,"CQP",-0.19%,8.80%,12.68%,12.93%,28.40%,26.27%,36.91%,77.77%,169.86%,1.99%,3.00%,131.72,0.00,68.54,0.00%,1
886,"CRAC",-0.20%,0.30%,0.79%,2.00%,2.41%,,,,,0.02%,0.03%,46.18,0.00,10.18,0.00%,0
887,"CRAI",-1.52%,-5.16%,17.51%,6.51%,-14.95%,-12.97%,58.02%,85.35%,544.11%,2.30%,3.89%,155.33,0.00,170.69,0.00%,0
888,"CRAK",-1.80%,11.19%,24.88%,32.71%,58.16%,68.51%,76.76%,116.77%,213.69%,1.84%,1.81%,251.77,0.00,59.32,0.00%,0
889,"CRAN",0.00%,0.00%,1.20%,1.71%,2.42%,,,,,0.10%,0.19%,87.11,0.00,10.14,0.00%,0
890,"CRAQ",0.29%,0.29%,1.17%,2.06%,2.37%,3.59%,,,,0.39%,0.14%,43.63,0.00,10.38,0.00%,0
891,"CRBG",1.84%,2.04%,21.84%,16.16%,7.38%,-7.36%,94.98%,,,2.18%,2.84%,4692.79,0.01,32.40,-0.41%,2406
892,"CRBN",0.07%,3.97%,1.86%,7.71%,12.38%,18.10%,68.37%,52.97%,169.03%,0.39%,0.61%,7.98,0.00,259.08,0.00%,0
893,"CRD-A",0.54%,14.96%,20.50%,21.86%,15.47%,15.88%,28.87%,33.92%,44.33%,5.04%,4.78%,69.28,0.00,12.99,0.00%,0
894,"CRD-B",-0.58%,15.63%,15.30%,18.27%,11.10%,9.37%,32.63%,27.79%,5.87%,6.35%,4.87%,8.05,0.00,11.91,0.00%,0
895,"CRDO",3.74%,35.25%,7.94%,109.64%,66.79%,95.55%,1433.55%,,,4.65%,7.90%,7482.74,0.13,240.00,5.96%,48007
896,"CRESY",2.57%,-1.76%,-5.01%,-3.20%,-11.40%,14.62%,82.79%,193.82%,0.09%,3.58%,3.46%,277.18,0.00,11.19,0.00%,0
897,"CRMD",2.07%,16.83%,-0.24%,14.29%,-27.77%,-40.59%,105.88%,33.55%,5.00%,3.54%,4.80%,1312.39,0.00,8.40,0.12%,148
898,"CRNX",0.18%,1.17%,130.61%,95.53%,82.26%,174.30%,396.72%,278.41%,,0.10%,0.24%,3939.74,0.00,84.84,0.00%,0
899,"CRON",10.25%,24.13%,25.00%,32.96%,34.98%,38.67%,110.06%,-45.22%,975.76%,3.76%,3.56%,1204.51,0.00,3.55,0.00%,112
900,"CRPT",19.23%,26.68%,-0.28%,10.96%,-3.53%,-31.67%,174.76%,,,4.96%,4.42%,89.17,0.00,14.48,0.00%,0
901,"CRTC",-0.30%,6.00%,4.92%,9.89%,11.39%,16.18%,,,,0.56%,0.64%,11.50,0.00,40.84,0.00%,0
902,"CRVS",2.23%,12.35%,17.20%,-19.77%,90.26%,166.36%,607.73%,562.90%,3.83%,4.74%,4.93%,1153.72,0.01,14.65,-0.54%,819
903,"CRWD",8.11%,14.71%,22.66%,115.97%,75.59%,94.76%,450.26%,191.55%,,4.95%,4.52%,10661.20,0.18,205.77,8.77%,95943
904,"CRWL",16.60%,27.58%,32.67%,268.22%,123.98%,146.96%,,,,10.11%,8.83%,151.03,0.58,69.00,17.61%,4403
905,"CSB",-0.74%,-1.00%,4.28%,5.76%,14.42%,13.11%,30.96%,13.59%,84.48%,0.47%,0.78%,10.31,0.00,67.07,0.00%,0
906,"CSEN",-1.47%,6.51%,,,4.34%,,,,,1.03%,1.30%,45.25,0.00,25.56,0.00%,0
907,"CSIO",0.86%,-0.19%,-0.48%,0.30%,14.52%,,,,,0.70%,0.54%,11.89,0.00,28.69,0.00%,0
908,"CSL",0.02%,5.18%,6.12%,-7.11%,14.34%,-6.94%,41.05%,73.00%,250.37%,2.70%,3.20%,470.59,0.00,365.72,0.00%,0
909,"CSM",-0.57%,3.16%,2.52%,11.24%,10.96%,19.25%,75.38%,70.53%,232.99%,0.31%,0.53%,6.07,0.00,88.41,0.00%,0
910,"CSNR",2.49%,10.41%,5.20%,3.82%,25.50%,39.02%,,,,0.85%,1.07%,18.28,0.00,38.75,0.00%,0
911,"CSQ",0.10%,4.62%,1.56%,8.37%,8.54%,12.59%,45.94%,12.33%,98.15%,1.07%,1.39%,201.91,0.00,20.84,0.00%,0
912,"CSRA",0.58%,,,,1.86%,,,,,0.22%,,9.25,0.00,25.61,0.00%,0
913,"CSRE",0.52%,-1.59%,1.46%,4.59%,14.33%,12.02%,,,,0.83%,1.11%,145.69,0.00,29.17,0.00%,0
914,"CSSD",0.18%,0.12%,-0.40%,-0.96%,0.42%,,,,,0.09%,0.18%,13.12,0.00,25.18,0.00%,0
915,"CSTK",0.18%,2.29%,4.93%,9.93%,16.60%,21.00%,,,,0.70%,0.90%,7.56,0.00,33.94,0.00%,0
916,"CSTL",3.55%,39.41%,54.23%,6.96%,-12.34%,53.05%,83.04%,-54.10%,,6.25%,6.58%,406.52,0.00,34.10,0.06%,4
917,"CSW",-0.04%,18.30%,13.44%,8.08%,9.87%,19.43%,77.30%,135.33%,904.33%,2.56%,3.94%,147.27,0.16,322.49,-0.17%,1189
918,"CSWC",0.89%,5.46%,7.05%,9.84%,13.01%,11.11%,17.72%,1.06%,106.92%,1.19%,1.52%,652.16,0.00,24.90,-1.35%,60
919,"CSX",1.28%,1.73%,12.68%,21.03%,42.40%,58.64%,67.00%,54.32%,449.34%,1.71%,1.80%,12292.61,0.01,51.62,-0.27%,6656
920,"CTA",-4.02%,2.55%,-7.66%,-9.37%,-0.50%,-2.32%,5.77%,,,1.50%,1.55%,474.76,0.00,26.99,0.00%,0
921,"CTAA",-0.30%,0.00%,0.51%,,1.02%,,,,,0.06%,0.11%,32.08,0.00,9.92,0.00%,0
922,"CTAP",-4.47%,6.14%,-7.09%,-1.44%,9.27%,,,,,1.26%,1.38%,113.01,0.00,27.99,0.00%,0
923,"CTAS",-0.06%,-6.06%,17.53%,2.58%,8.15%,-4.60%,64.03%,107.72%,603.14%,1.38%,1.95%,2293.70,0.00,203.40,-1.16%,558
924,"CTBI",0.14%,-2.43%,14.26%,21.99%,34.90%,29.74%,115.68%,84.06%,107.34%,1.48%,1.69%,118.51,0.00,76.22,0.00%,0
925,"CTIF",0.28%,1.58%,6.24%,4.70%,8.51%,6.34%,,,,0.06%,0.03%,6.43,0.00,54.93,0.00%,0
926,"CTJL",-0.20%,1.63%,,,1.64%,,,,,0.27%,0.08%,1.32,0.00,25.52,0.00%,0
927,"CTJN",-0.04%,2.09%,,,0.79%,,,,,0.00%,0.06%,0.93,0.00,25.34,0.00%,0
928,"CTMA",-0.06%,1.42%,1.06%,,1.74%,,,,,0.00%,0.01%,2.30,0.00,25.73,0.00%,0
929,"CTO",-1.45%,-0.91%,5.18%,11.16%,17.93%,28.01%,26.81%,20.95%,59.68%,1.09%,1.66%,375.67,0.00,21.71,0.00%,0
930,"CTRN",-2.57%,2.94%,48.26%,47.47%,66.24%,103.51%,189.93%,-17.08%,249.29%,6.03%,4.50%,180.53,0.00,69.09,0.00%,0
931,"CTW",10.42%,14.86%,16.73%,89.40%,65.32%,30.00%,,,,11.86%,9.86%,20.63,0.00,2.86,0.00%,0
932,"CTWO",2.45%,2.04%,8.99%,-2.08%,-5.53%,12.14%,,,,0.16%,0.21%,1.27,0.00,18.80,0.00%,0
933,"CUB",0.00%,0.46%,0.46%,1.46%,2.16%,3.53%,,,,0.10%,0.19%,417.32,0.00,10.86,0.00%,0
934,"CURI",-5.78%,11.24%,1.09%,-18.29%,-27.11%,-36.61%,248.61%,-77.47%,,6.79%,7.04%,922.93,0.02,2.77,0.36%,922
935,"CUST",0.02%,0.06%,,,0.08%,,,,,0.04%,0.02%,6.32,0.00,25.06,0.00%,0
936,"CVAR",0.39%,5.05%,10.55%,5.59%,11.82%,14.79%,35.34%,,,0.08%,0.13%,2.42,0.00,31.75,0.00%,0
937,"CVE",-3.48%,7.84%,11.80%,42.05%,85.28%,85.17%,67.31%,277.94%,113.02%,3.36%,3.10%,7704.25,0.00,31.35,-0.41%,352
938,"CVEO",-1.74%,-3.00%,-3.31%,20.14%,45.82%,41.19%,79.30%,60.03%,113.78%,3.81%,4.37%,145.83,0.00,33.35,0.00%,0
939,"CVGD",0.05%,1.87%,6.35%,,7.02%,,,,,0.38%,0.29%,3.61,0.00,26.94,0.00%,0
940,"CVIE",0.88%,5.44%,2.44%,6.76%,20.29%,29.27%,72.82%,,,0.46%,0.74%,24.11,0.00,85.77,0.00%,0
941,"CVLC",-0.45%,3.10%,2.69%,12.18%,14.03%,20.62%,75.26%,,,0.35%,0.69%,30.66,0.00,96.06,0.00%,0
942,"CVMC",-0.13%,1.37%,7.81%,13.86%,21.57%,23.49%,58.34%,,,0.39%,0.49%,4.30,0.00,77.96,0.00%,0
943,"CVNA",3.10%,11.19%,0.34%,4.18%,-12.63%,0.37%,794.90%,9.24%,,4.58%,5.37%,10683.10,0.00,73.74,-0.28%,2137
944,"CVSA",4.43%,9.09%,12.44%,43.42%,33.16%,1.38%,218.94%,274.20%,486.80%,4.24%,4.96%,349.87,0.00,137.78,0.00%,0
945,"CVSB",-0.03%,0.11%,0.06%,-0.26%,0.12%,-0.09%,1.21%,,,0.10%,0.10%,46.77,0.00,50.81,0.00%,0
946,"CVSM",-0.65%,-1.96%,2.64%,,4.59%,,,,,0.19%,0.35%,2.62,0.00,26.43,0.00%,0
947,"CVU",-4.41%,8.79%,3.17%,30.65%,31.31%,113.99%,38.67%,67.20%,-20.97%,4.10%,5.24%,77.16,0.04,5.20,-1.70%,142
948,"CVX",-3.50%,3.49%,8.48%,7.82%,30.28%,24.69%,24.79%,101.30%,95.97%,1.62%,1.90%,8528.14,0.02,198.56,-0.82%,6465
949,"CVY",1.10%,0.39%,6.57%,7.48%,14.37%,13.83%,38.15%,27.57%,55.68%,0.52%,0.55%,4.16,0.00,30.67,0.00%,0
950,"CWCO",2.07%,2.14%,-0.17%,-20.45%,-14.71%,-9.83%,12.06%,150.83%,140.80%,2.30%,2.80%,98.35,0.00,30.10,0.20%,4
951,"CWI",0.78%,5.17%,1.94%,3.77%,15.62%,22.94%,64.02%,39.88%,94.25%,0.64%,0.82%,220.45,0.00,41.53,0.00%,0
952,"CWK",-5.66%,6.23%,12.49%,5.38%,-10.44%,-8.52%,65.90%,-18.22%,,3.60%,4.13%,2079.01,0.00,14.50,0.00%,0
953,"CWS",0.30%,4.07%,8.47%,6.09%,6.46%,5.25%,35.06%,50.76%,,0.89%,0.82%,5.43,0.00,73.17,0.00%,0
954,"CWST",0.96%,2.90%,8.70%,5.22%,-4.29%,-5.83%,16.84%,29.23%,917.81%,2.32%,2.92%,648.01,0.00,93.74,0.00%,0
955,"CXII",1.03%,1.60%,,,7.13%,,,,,1.07%,1.30%,93.11,0.00,10.82,0.00%,0
956,"CXW",1.43%,14.25%,56.13%,94.45%,77.86%,65.48%,234.55%,252.59%,94.12%,3.56%,4.87%,1387.55,0.00,33.99,0.00%,101
957,"CZA",0.28%,0.02%,8.35%,8.14%,14.64%,15.96%,45.16%,35.94%,141.96%,0.48%,0.42%,2.93,0.00,127.03,0.00%,0
958,"CZNC",-1.75%,0.80%,19.33%,8.79%,25.18%,24.75%,31.44%,-1.71%,18.12%,1.99%,2.29%,69.56,0.00,25.25,-0.43%,8
959,"DAAQ",0.05%,0.05%,0.92%,1.81%,2.51%,2.21%,,,,0.27%,8.45%,45.41,0.00,10.41,0.00%,0
960,"DAC",0.12%,5.25%,15.89%,29.37%,56.91%,60.96%,122.76%,77.49%,204.20%,2.22%,2.79%,104.53,0.00,147.78,0.00%,0
961,"DACL",0.10%,,,,0.04%,,,,,0.03%,,0.84,0.00,25.03,0.00%,0
962,"DADS",1.53%,3.04%,-6.46%,2.06%,6.57%,0.45%,,,,0.28%,0.35%,4.45,0.00,20.18,0.00%,0
963,"DAK",-0.10%,3.01%,2.09%,11.02%,12.47%,18.26%,,,,0.06%,0.08%,0.19,0.00,29.96,0.00%,0
964,"DALI",1.23%,6.72%,-4.76%,-3.49%,2.73%,6.76%,15.67%,15.00%,,0.57%,0.49%,7.46,0.00,29.55,0.00%,0
965,"DAN",-2.40%,9.86%,-16.54%,-15.93%,26.60%,47.81%,93.07%,31.35%,110.20%,3.27%,4.28%,1667.01,0.00,30.08,0.00%,0
966,"DAO",0.84%,5.07%,41.21%,64.45%,66.57%,84.10%,353.78%,58.25%,,7.02%,7.03%,76.63,0.00,16.79,0.00%,0
967,"DAPP",8.55%,10.81%,-12.34%,19.27%,19.06%,11.44%,226.37%,-26.10%,,3.94%,4.83%,661.53,0.00,19.68,0.00%,0
968,"DAPR",-0.04%,1.57%,1.84%,4.83%,5.62%,8.50%,35.64%,34.63%,,0.26%,0.28%,9.20,0.00,41.56,0.00%,0
969,"DARP",-0.17%,9.51%,-2.51%,10.92%,27.23%,51.71%,131.90%,,,0.75%,1.39%,8.96,0.00,57.51,0.00%,0
970,"DASH",5.23%,20.91%,49.33%,29.70%,3.32%,-4.74%,199.92%,24.51%,,3.51%,3.68%,4553.37,0.01,234.00,-1.24%,2084
971,"DAT",-0.70%,11.96%,22.18%,34.55%,8.20%,11.42%,81.39%,,,0.69%,1.12%,2.82,0.00,49.12,0.00%,0
972,"DAUG",0.04%,0.93%,2.20%,6.02%,7.21%,10.84%,41.87%,37.60%,,0.20%,0.16%,22.03,0.00,47.54,0.00%,0
973,"DAVE",19.56%,5.69%,49.00%,108.26%,80.90%,92.74%,5459.20%,26.75%,,6.06%,6.46%,569.55,0.00,400.54,7.59%,76
974,"DAX",-0.24%,3.95%,1.37%,-1.31%,2.69%,5.65%,64.78%,38.27%,88.82%,0.60%,1.03%,37.33,0.63,46.85,-1.26%,1174
975,"DB",7.19%,13.50%,21.59%,9.64%,4.41%,14.90%,275.56%,224.15%,224.21%,1.43%,1.34%,2314.50,0.20,40.26,0.07%,23561
976,"DBA",0.95%,4.22%,3.88%,9.98%,12.26%,7.24%,37.30%,53.64%,44.59%,0.88%,0.86%,1038.93,0.04,28.65,0.21%,1969
977,"DBAW",1.21%,3.16%,2.56%,6.99%,18.01%,26.43%,70.22%,62.99%,147.88%,0.44%,0.61%,29.55,0.00,48.65,0.00%,0
978,"DBB",1.03%,3.82%,-0.78%,4.89%,11.29%,32.72%,44.41%,28.62%,92.12%,0.76%,0.77%,273.98,0.00,25.53,0.00%,0
979,"DBC",-2.51%,3.09%,2.05%,22.49%,35.64%,42.24%,28.43%,63.28%,110.83%,0.89%,1.04%,978.10,0.00,30.33,-0.56%,102
980,"DBCA",0.20%,0.35%,0.70%,1.62%,0.81%,,,,,0.09%,0.11%,74.72,0.00,10.01,0.00%,0
981,"DBE",-2.73%,7.82%,5.18%,58.50%,81.51%,75.04%,47.44%,115.56%,166.92%,1.63%,1.67%,47.10,0.00,31.70,0.00%,0
982,"DBEF",0.81%,2.04%,5.46%,6.73%,16.42%,22.27%,61.09%,67.37%,156.99%,0.54%,0.79%,431.02,0.00,56.01,0.00%,0
983,"DBEM",1.61%,6.34%,-3.80%,6.70%,23.54%,35.40%,77.34%,45.32%,112.44%,0.61%,2.18%,12.47,0.00,39.33,0.00%,0
984,"DBEU",0.69%,1.41%,5.38%,6.36%,14.69%,20.78%,54.59%,56.84%,136.43%,0.47%,0.61%,41.49,0.00,55.05,0.00%,0
985,"DBEZ",0.46%,2.57%,4.95%,6.78%,15.37%,21.56%,61.09%,63.31%,159.84%,0.16%,0.25%,3.18,0.00,63.59,0.00%,0
986,"DBJP",1.49%,3.43%,3.37%,5.94%,21.89%,39.07%,97.67%,139.63%,263.40%,0.58%,0.93%,37.77,0.00,115.38,0.00%,0
987,"DBO",-2.45%,5.14%,-0.61%,49.79%,72.62%,62.04%,36.32%,76.60%,143.96%,1.92%,2.33%,506.75,0.00,21.06,0.00%,0
988,"DBP",1.82%,14.88%,0.21%,-13.93%,2.99%,39.81%,118.24%,123.49%,168.65%,0.80%,0.88%,17.63,0.00,105.89,0.00%,0
989,"DBX",0.41%,2.43%,30.36%,37.44%,22.81%,18.46%,25.10%,9.60%,,2.18%,3.58%,3960.26,0.00,34.14,-1.90%,689
990,"DC",-3.17%,29.79%,11.31%,-9.76%,7.39%,46.28%,105.39%,,,4.32%,4.54%,1562.13,0.00,6.10,0.00%,0
991,"DCI",2.63%,-0.13%,13.76%,-8.79%,7.42%,25.93%,55.60%,39.36%,153.50%,2.34%,2.32%,784.84,0.00,95.24,0.00%,0
992,"DCMT",-0.93%,6.29%,2.28%,22.31%,33.64%,31.55%,,,,0.78%,0.88%,5.71,0.00,34.88,0.00%,0
993,"DCO",-1.10%,10.28%,22.84%,52.79%,96.58%,102.81%,322.72%,251.06%,711.67%,4.43%,4.25%,271.10,0.08,187.01,0.89%,1034
994,"DCOM",1.20%,-1.00%,8.89%,21.10%,34.26%,31.68%,91.47%,23.06%,35.21%,1.42%,1.61%,316.40,0.00,40.40,0.00%,0
995,"DCOR",-0.39%,2.61%,3.64%,10.63%,14.82%,20.26%,,,,0.46%,0.69%,127.34,0.00,84.54,0.00%,0
996,"DCRE",0.03%,0.11%,-0.21%,-1.24%,-0.44%,-0.87%,2.91%,,,0.18%,0.14%,41.54,0.00,51.67,0.00%,0
997,"DCTH",-4.37%,41.99%,50.32%,60.63%,62.38%,47.48%,220.94%,77.87%,-100.00%,2.97%,4.74%,568.40,0.00,16.40,0.00%,0
998,"DDDD",0.18%,3.11%,5.39%,,11.19%,,,,,0.57%,0.82%,6.26,0.00,34.31,0.00%,0
999,"DDEC",0.07%,1.78%,2.38%,6.21%,7.16%,12.45%,42.87%,50.15%,,0.27%,0.27%,8.30,0.00,48.32,0.00%,0
1000,"DDFA",-0.03%,1.21%,1.69%,,6.53%,,,,,0.21%,0.30%,10.24,0.00,20.46,0.00%,0
1001,"DDFD",0.07%,1.19%,2.01%,4.97%,5.90%,,,,,0.20%,0.15%,22.00,0.00,20.28,0.00%,0
1002,"DDFF",0.17%,1.28%,1.85%,4.65%,4.92%,,,,,0.21%,0.18%,15.26,0.00,20.25,0.00%,0
1003,"DDFG",-0.03%,,,,0.78%,,,,,0.57%,,115.84,0.00,19.41,0.00%,0
1004,"DDFJ",0.28%,1.03%,1.86%,4.46%,5.34%,,,,,0.33%,0.29%,9.39,0.00,20.04,0.00%,0
1005,"DDFL",-0.30%,1.22%,1.94%,3.87%,4.63%,7.66%,,,,0.34%,0.37%,98.76,0.00,21.50,0.00%,0
1006,"DDFM",0.23%,1.14%,1.86%,,4.40%,,,,,0.20%,0.22%,4.72,0.00,20.05,0.00%,0
1007,"DDFN",0.07%,1.30%,1.97%,5.15%,6.40%,,,,,0.29%,0.30%,43.77,0.00,20.40,0.00%,0
1008,"DDFO",0.15%,1.09%,2.03%,4.71%,5.55%,,,,,0.30%,0.24%,11.06,0.00,22.82,0.00%,0
1009,"DDFS",0.02%,0.76%,1.59%,4.11%,4.99%,,,,,0.22%,0.18%,13.08,0.00,22.25,0.00%,0
1010,"DDFY",-0.20%,1.40%,1.50%,,1.65%,,,,,0.44%,0.43%,22.75,0.00,20.33,0.00%,0
1011,"DDFZ",0.08%,1.92%,,,1.71%,,,,,0.54%,0.55%,155.65,0.00,19.68,0.00%,0
1012,"DDIV",0.17%,-1.33%,5.32%,8.59%,13.25%,20.05%,66.56%,49.07%,111.53%,0.49%,0.55%,6.77,0.00,47.04,0.00%,0
1013,"DDLS",1.29%,2.92%,0.18%,-1.24%,7.82%,10.57%,49.92%,31.64%,81.65%,0.42%,0.57%,18.44,0.00,46.34,0.00%,0
1014,"DDM",2.54%,6.85%,9.84%,13.55%,19.36%,30.54%,102.96%,78.21%,464.49%,1.21%,1.44%,176.54,0.04,67.87,-0.12%,346
1015,"DDNQ",0.05%,4.62%,0.51%,4.12%,4.64%,,,,,0.35%,0.52%,18.10,0.00,20.74,0.00%,0
1016,"DDS",5.49%,7.07%,3.63%,2.95%,4.03%,19.93%,115.56%,297.93%,1163.81%,3.27%,4.37%,133.01,0.00,630.78,-0.20%,9
1017,"DDSQ",0.09%,1.94%,2.63%,10.75%,12.10%,,,,,0.26%,0.35%,32.15,0.00,21.49,0.00%,0
1018,"DDTA",0.09%,1.59%,2.28%,,8.86%,,,,,0.08%,0.14%,1.50,0.00,20.81,0.00%,0
1019,"DDTD",0.12%,1.84%,2.60%,7.26%,8.38%,,,,,0.17%,0.19%,8.29,0.00,20.75,0.00%,0
1020,"DDTF",0.15%,1.63%,2.23%,6.46%,7.06%,,,,,0.30%,0.19%,5.40,0.00,20.61,0.00%,0
1021,"DDTG",0.08%,,,,-2.62%,,,,,0.52%,,93.50,0.00,19.48,0.00%,0
1022,"DDTJ",0.07%,1.71%,2.45%,6.78%,7.53%,,,,,0.14%,0.17%,6.84,0.00,20.49,0.00%,0
1023,"DDTL",0.15%,2.32%,2.63%,5.83%,7.15%,11.26%,,,,0.49%,0.57%,73.40,0.00,22.42,0.00%,0
1024,"DDTM",0.10%,1.64%,2.33%,,6.40%,,,,,0.03%,0.11%,0.91,0.00,20.44,0.00%,0
1025,"DDTN",0.08%,2.06%,2.66%,7.58%,8.77%,,,,,0.26%,0.25%,16.51,0.00,20.85,0.00%,0
1026,"DDTO",-0.02%,1.69%,2.59%,6.83%,8.09%,,,,,0.20%,0.26%,6.21,0.00,23.40,0.00%,0
1027,"DDTS",0.11%,1.26%,2.31%,6.23%,7.43%,,,,,0.34%,0.27%,6.03,0.00,22.94,0.00%,0
1028,"DDTY",-0.05%,1.97%,2.27%,,2.99%,,,,,0.41%,0.45%,11.78,0.00,20.60,0.00%,0
1029,"DDTZ",-0.34%,2.27%,,,1.87%,,,,,0.33%,0.43%,109.37,0.00,19.74,0.00%,0
1030,"DDV",0.06%,0.75%,0.51%,0.04%,1.88%,,,,,0.13%,0.15%,3.53,0.00,25.52,0.00%,0
1031,"DDWM",1.05%,1.42%,1.58%,-0.35%,9.22%,14.68%,55.86%,53.35%,89.05%,0.55%,0.51%,89.68,0.00,47.55,0.00%,0
1032,"DDX",0.24%,1.62%,1.24%,1.38%,5.37%,7.08%,19.18%,,,0.12%,0.15%,7.65,0.00,25.48,0.00%,0
1033,"DDXX",0.46%,4.06%,3.27%,5.86%,14.69%,,,,,0.18%,0.20%,2.89,0.00,28.83,0.00%,0
1034,"DE",3.00%,4.68%,18.65%,3.24%,37.37%,29.70%,63.90%,68.53%,637.30%,4.90%,3.08%,1283.53,0.00,639.54,0.79%,86
1035,"DECM",0.01%,0.89%,1.52%,3.24%,3.86%,6.62%,,,,0.05%,0.05%,3.15,0.00,34.12,0.00%,0
1036,"DECP",-0.03%,2.14%,2.67%,7.76%,9.10%,16.10%,,,,0.17%,0.23%,7.36,0.00,33.24,0.00%,0
1037,"DECT",-0.10%,2.41%,2.69%,8.20%,9.62%,16.50%,50.05%,,,0.28%,0.37%,8.73,0.00,40.19,0.00%,0
1038,"DECU",-0.36%,2.58%,1.15%,7.49%,8.39%,13.70%,,,,0.26%,0.35%,6.65,0.00,29.69,0.00%,0
1039,"DECW",0.05%,1.56%,2.22%,6.00%,6.97%,12.08%,37.02%,,,0.17%,0.26%,13.22,0.00,36.30,0.00%,0
1040,"DECZ",-0.31%,2.62%,1.53%,8.17%,9.33%,10.68%,45.25%,53.82%,,0.20%,0.22%,1.98,0.00,44.02,0.00%,0
1041,"DEEF",0.78%,3.15%,1.91%,-1.42%,12.76%,16.69%,51.40%,26.44%,59.92%,0.15%,0.13%,0.54,0.00,40.54,0.00%,0
1042,"DEEP",-0.34%,1.10%,8.10%,14.00%,22.38%,21.98%,31.02%,24.99%,77.59%,0.54%,0.55%,1.15,0.00,43.84,0.00%,0
1043,"DEFI",,0.76%,-14.37%,-7.19%,-26.44%,-45.57%,108.00%,,,0.64%,0.39%,3.40,0.00,72.77,0.00%,0
1044,"DEFR",0.01%,0.49%,0.49%,-1.55%,0.11%,3.10%,,,,0.29%,0.27%,23.25,0.00,26.74,0.00%,0
1045,"DEHP",1.74%,9.30%,-3.44%,10.43%,28.41%,40.48%,78.35%,,,0.75%,1.30%,39.96,0.00,41.41,0.00%,0
1046,"DELL",8.91%,28.10%,49.35%,289.87%,276.15%,257.36%,742.38%,864.10%,3590.97%,4.16%,6.35%,8322.89,0.10,473.50,2.09%,42877
1047,"DEM",1.33%,5.07%,0.14%,6.08%,18.82%,19.87%,44.42%,25.51%,46.17%,0.46%,0.72%,239.57,0.00,55.50,0.00%,0
1048,"DEMZ",1.13%,3.17%,5.70%,11.62%,12.87%,20.02%,78.94%,72.42%,,0.33%,0.47%,2.71,0.00,48.15,0.00%,0
1049,"DERM",1.87%,24.07%,23.06%,-12.40%,-1.04%,2.01%,270.39%,,,7.37%,6.08%,249.12,0.00,7.63,1.13%,5
1050,"DEUS",0.29%,0.62%,6.25%,8.29%,16.87%,17.69%,54.45%,49.01%,157.91%,0.42%,0.56%,13.13,0.00,68.15,0.00%,0
1051,"DEW",0.23%,1.32%,6.21%,6.43%,18.99%,23.02%,58.51%,50.57%,71.67%,0.35%,0.52%,6.68,0.00,73.29,0.00%,0
1052,"DEXC",1.93%,9.52%,-2.41%,10.47%,30.91%,44.55%,,,,0.59%,1.03%,22.47,0.00,79.23,0.00%,0
1053,"DFAC",0.70%,4.53%,3.56%,10.86%,15.48%,20.73%,69.65%,64.40%,,0.54%,0.75%,2062.78,0.01,45.72,0.22%,1015
1054,"DFAE",1.59%,7.94%,-1.67%,5.64%,21.86%,31.21%,70.64%,43.13%,,0.77%,1.41%,1199.10,0.00,39.69,0.00%,0
1055,"DFAI",0.65%,4.35%,3.80%,2.60%,13.83%,21.27%,62.84%,46.70%,,0.45%,0.63%,1626.42,0.00,43.38,0.00%,0
1056,"DFAL",-0.30%,3.23%,,,4.17%,,,,,0.59%,1.13%,243.76,0.00,51.66,0.00%,0
1057,"DFAS",-0.61%,1.37%,5.21%,9.66%,18.80%,21.27%,52.40%,46.83%,,0.71%,0.92%,467.23,0.00,82.77,0.00%,0
1058,"DFAT",-0.39%,-0.15%,5.79%,8.87%,19.94%,21.94%,52.52%,59.72%,,0.83%,1.00%,314.19,0.00,71.41,0.00%,0
1059,"DFAU",0.42%,4.70%,2.12%,10.89%,13.35%,19.05%,72.35%,68.31%,,0.50%,0.73%,600.94,0.07,53.05,0.00%,2013
1060,"DFAW",0.01%,3.48%,3.10%,8.35%,15.42%,21.36%,,,,0.53%,0.86%,94.62,0.00,85.39,0.00%,0
1061,"DFAX",1.14%,6.39%,1.75%,3.18%,16.96%,24.69%,66.51%,,,0.89%,1.16%,768.75,0.00,38.28,0.00%,0
1062,"DFDV",28.91%,89.11%,24.30%,31.35%,-3.76%,-68.15%,237.50%,,,9.19%,7.99%,964.83,2.78,4.86,8.00%,133998
1063,"DFE",0.69%,4.52%,1.06%,0.11%,8.46%,9.90%,44.92%,2.08%,43.08%,0.29%,0.37%,5.88,0.00,77.91,0.00%,0
1064,"DFEB",0.00%,1.64%,2.19%,5.61%,7.75%,12.37%,45.60%,48.72%,,0.21%,0.24%,16.52,0.00,51.42,0.00%,0
1065,"DFEM",1.67%,8.33%,-1.81%,5.54%,21.49%,29.48%,68.58%,,,0.70%,1.13%,996.69,0.00,40.19,0.00%,0
1066,"DFEV",1.54%,8.27%,-0.94%,7.74%,25.40%,36.79%,74.33%,,,0.70%,1.15%,244.60,0.00,42.31,0.00%,0
1067,"DFGR",0.61%,-1.59%,2.45%,3.30%,12.41%,8.39%,24.71%,,,0.69%,0.87%,434.99,0.11,29.70,0.64%,2497
1068,"DFIC",0.82%,4.98%,3.30%,2.55%,14.45%,22.05%,65.61%,,,0.51%,0.64%,1621.68,0.00,39.44,0.00%,0
1069,"DFIS",0.96%,6.02%,2.75%,2.14%,14.39%,21.04%,67.17%,,,0.72%,0.80%,768.97,0.00,37.68,0.00%,0
1070,"DFIV",0.69%,3.61%,4.26%,3.54%,16.67%,27.56%,78.26%,,,0.44%,0.59%,1195.27,0.00,58.22,0.00%,0
1071,"DFJ",1.55%,7.95%,6.55%,2.04%,18.39%,22.34%,67.47%,53.07%,94.50%,0.51%,0.95%,38.33,0.00,114.06,0.00%,0
1072,"DFLV",0.05%,2.89%,7.65%,13.28%,22.92%,29.74%,66.57%,,,0.57%,0.74%,718.06,0.00,42.05,0.00%,0
1073,"DFMC",-0.89%,0.36%,6.53%,,22.17%,,,,,0.55%,0.78%,26.17,0.00,60.71,0.00%,0
1074,"DFNL",0.10%,0.03%,12.25%,8.73%,7.58%,15.47%,92.26%,72.07%,,0.74%,0.85%,49.40,0.00,51.99,0.00%,0
1075,"DFSE",1.72%,8.12%,-1.24%,3.87%,18.08%,23.00%,62.29%,,,0.88%,1.12%,26.91,0.00,48.98,0.00%,0
1076,"DFSI",0.76%,4.48%,4.12%,1.93%,10.96%,17.53%,60.99%,,,0.54%,0.83%,55.25,0.00,47.54,0.00%,0
1077,"DFSU",-0.29%,2.23%,4.27%,9.77%,11.26%,16.86%,69.60%,,,0.49%,0.78%,91.98,0.00,48.32,0.00%,0
1078,"DFSV",-0.69%,0.18%,5.96%,9.40%,21.71%,24.47%,53.61%,,,0.80%,0.98%,828.47,0.00,40.03,0.00%,0
1079,"DFTX",-4.78%,2.54%,84.12%,150.03%,222.86%,338.89%,1037.64%,4.80%,,4.53%,6.00%,2982.76,0.00,43.23,-1.23%,15
1080,"DFUS",-0.45%,3.35%,2.34%,10.82%,12.81%,19.24%,75.04%,70.86%,,0.51%,0.77%,711.72,0.00,83.67,0.00%,0
1081,"DFUV",-0.02%,2.96%,7.14%,13.83%,23.31%,30.04%,66.18%,,,0.53%,0.72%,413.17,0.00,57.45,0.00%,0
1082,"DFVE",0.24%,1.25%,7.25%,9.88%,17.36%,20.54%,,,,0.37%,0.56%,4.70,0.00,37.45,0.00%,0
1083,"DFVX",0.21%,3.65%,4.25%,9.69%,15.52%,20.51%,,,,0.42%,0.64%,9.58,0.00,85.89,0.00%,0
1084,"DGAC",0.30%,0.60%,,,0.91%,,,,,0.10%,0.19%,218.93,0.00,9.99,0.00%,0
1085,"DGAP",0.11%,1.31%,2.06%,,3.80%,,,,,0.09%,0.08%,2.64,0.00,30.99,0.00%,0
1086,"DGICA",2.30%,-1.09%,11.89%,7.91%,-4.40%,8.77%,30.46%,23.62%,18.41%,2.49%,2.74%,140.20,0.00,19.10,0.00%,1
1087,"DGII",-0.01%,13.52%,13.76%,52.43%,75.74%,123.47%,139.70%,256.35%,549.15%,3.16%,4.36%,390.79,0.00,76.08,0.00%,0
1088,"DGIN",1.07%,4.86%,9.67%,7.26%,-7.92%,-7.82%,18.41%,,,0.42%,0.28%,2.76,0.00,37.70,0.00%,0
1089,"DGJA",0.12%,1.07%,2.44%,5.49%,5.63%,,,,,0.02%,0.03%,0.40,0.00,32.06,0.00%,0
1090,"DGJL",0.10%,1.51%,,,1.49%,,,,,0.17%,0.18%,3.29,0.00,30.24,0.00%,0
1091,"DGLO",-2.24%,0.04%,3.17%,5.46%,18.19%,19.25%,,,,0.43%,0.28%,0.33,0.00,24.07,0.00%,0
1092,"DGOC",0.11%,0.63%,1.67%,4.45%,5.21%,,,,,0.03%,0.03%,0.20,0.00,32.83,0.00%,0
1093,"DGP",0.89%,29.57%,3.38%,-26.39%,4.74%,61.62%,330.22%,342.07%,502.09%,3.71%,3.21%,163.36,0.00,168.64,0.00%,0
1094,"DGRE",1.84%,8.87%,1.26%,10.01%,30.01%,46.50%,77.78%,42.78%,78.01%,0.84%,1.09%,11.29,0.00,40.70,0.00%,0
1095,"DGRO",0.20%,1.46%,6.35%,7.76%,14.39%,18.65%,54.43%,50.26%,183.10%,0.58%,0.72%,1397.13,0.11,79.41,-0.44%,7686
1096,"DGRS",-0.48%,-0.84%,6.17%,7.74%,20.92%,18.25%,41.66%,32.21%,95.32%,0.72%,0.90%,31.54,0.00,60.00,0.00%,0
1097,"DGRW",0.59%,4.28%,2.40%,6.57%,10.95%,13.36%,50.71%,59.65%,205.46%,0.50%,0.70%,591.26,0.00,99.22,0.00%,20
1098,"DGS",0.98%,4.98%,-2.95%,-1.87%,11.90%,12.84%,34.62%,18.50%,54.11%,0.58%,0.81%,43.13,0.00,64.05,0.00%,0
1099,"DGT",0.16%,2.83%,2.46%,6.29%,15.06%,22.24%,71.82%,72.30%,183.37%,0.48%,0.57%,11.84,0.00,191.81,0.00%,0
1100,"DGX",1.53%,4.16%,24.87%,16.06%,41.19%,36.29%,85.06%,64.28%,195.25%,1.96%,1.85%,930.33,0.00,245.00,0.00%,18
1101,"DHDG",-0.04%,1.79%,3.43%,8.12%,10.35%,15.41%,,,,0.27%,0.32%,41.21,0.00,37.53,0.00%,0
1102,"DHLX",0.55%,3.13%,5.65%,1.98%,5.02%,,,,,0.45%,0.54%,40.47,0.00,13.91,0.00%,0
1103,"DHS",-0.47%,0.02%,5.65%,5.89%,17.14%,18.44%,50.32%,49.09%,79.81%,0.59%,0.75%,26.37,0.00,119.27,0.00%,0
1104,"DHSB",-0.06%,1.41%,2.30%,5.01%,5.95%,8.46%,,,,0.06%,0.15%,4.83,0.00,27.47,0.00%,0
1105,"DHT",-6.87%,-0.59%,12.78%,-3.81%,51.02%,59.52%,92.69%,235.88%,315.32%,3.50%,3.44%,3352.37,0.04,18.44,0.66%,6092
1106,"DIA",1.20%,3.58%,5.29%,7.88%,11.09%,17.06%,55.41%,50.56%,190.42%,0.63%,0.75%,4235.64,0.04,533.85,-0.07%,7761
1107,"DIEM",2.41%,7.30%,-1.04%,10.23%,27.74%,37.09%,81.62%,41.52%,54.59%,0.69%,0.91%,23.49,0.00,42.93,0.00%,0
1108,"DIG",-3.77%,16.48%,18.03%,24.70%,84.68%,87.75%,64.53%,365.51%,42.76%,3.02%,3.33%,36.68,0.00,66.65,0.00%,0
1109,"DIHP",0.24%,4.65%,4.07%,1.58%,12.63%,18.90%,50.11%,,,0.48%,0.64%,617.83,0.00,35.67,0.00%,0
1110,"DIM",1.60%,3.75%,2.89%,0.73%,11.75%,15.91%,57.88%,30.70%,61.88%,0.43%,0.44%,3.14,0.00,90.02,0.00%,0
1111,"DINO",3.88%,7.02%,41.11%,89.83%,109.03%,92.06%,68.69%,195.73%,274.93%,4.84%,4.17%,2603.55,0.00,96.32,-0.21%,310
1112,"DINT",0.86%,3.22%,2.47%,3.33%,6.26%,13.36%,64.50%,51.12%,,0.64%,0.79%,12.02,0.00,30.29,0.00%,0
1113,"DIS",1.72%,10.85%,5.24%,3.43%,-4.05%,-7.56%,30.96%,-39.40%,14.66%,2.11%,2.02%,10534.81,0.02,109.17,-0.42%,9700
1114,"DISV",1.16%,6.92%,5.13%,3.55%,17.47%,27.91%,86.93%,,,0.53%,0.73%,335.03,0.00,44.64,0.00%,0
1115,"DIV",0.51%,-0.55%,3.16%,1.53%,14.90%,11.17%,20.39%,0.03%,-20.46%,0.63%,0.86%,218.18,0.00,19.90,0.00%,18
1116,"DIVB",0.06%,3.56%,13.59%,22.81%,29.76%,32.88%,79.85%,69.42%,,0.76%,1.08%,187.26,0.00,68.97,0.00%,0
1117,"DIVD",-0.07%,1.48%,5.88%,7.06%,17.97%,23.51%,52.29%,,,0.28%,0.24%,3.98,0.00,45.46,0.00%,0
1118,"DIVE",0.60%,3.02%,8.98%,9.17%,10.07%,,,,,0.35%,0.40%,2.21,0.00,27.98,0.00%,0
1119,"DIVG",0.15%,0.77%,7.72%,8.86%,18.12%,18.91%,,,,0.23%,0.28%,1.79,0.00,38.57,0.00%,0
1120,"DIVI",0.14%,3.95%,2.87%,3.34%,14.43%,20.56%,56.91%,55.42%,81.51%,0.56%,0.76%,202.67,0.00,44.50,0.00%,0
1121,"DIVL",-0.41%,0.71%,3.87%,1.51%,12.43%,11.16%,31.19%,,,0.14%,0.09%,1.32,0.00,25.76,0.00%,0
1122,"DIVN",-0.30%,2.07%,5.22%,4.50%,15.96%,17.78%,,,,1.48%,0.91%,102.33,0.00,30.79,0.00%,0
1123,"DIVO",1.27%,4.83%,6.15%,4.45%,9.69%,12.83%,38.53%,34.79%,,0.47%,0.63%,810.22,0.05,48.81,0.21%,1871
1124,"DIVS",0.82%,2.17%,6.42%,5.33%,13.00%,13.81%,39.69%,37.12%,,0.13%,0.18%,1.60,0.00,34.95,0.00%,0
1125,"DIVY",0.03%,1.42%,10.00%,8.74%,18.91%,19.93%,22.85%,27.42%,,0.48%,0.59%,2.36,0.00,31.35,0.00%,0
1126,"DIVZ",0.31%,-1.53%,2.34%,-0.28%,6.74%,7.51%,42.59%,36.25%,,0.49%,0.57%,36.55,0.00,38.81,0.00%,0
1127,"DJAN",0.03%,1.78%,2.19%,5.90%,6.86%,12.00%,41.68%,45.80%,,0.24%,0.29%,9.71,0.00,46.39,0.00%,0
1128,"DJCO",4.52%,7.12%,23.79%,19.46%,31.84%,37.64%,111.77%,94.76%,177.75%,4.25%,4.86%,47.48,1.25,642.50,1.49%,2960
1129,"DJD",3.34%,4.82%,8.43%,8.67%,18.69%,23.42%,58.72%,52.13%,144.61%,0.66%,0.77%,41.15,0.00,67.82,2.22%,1
1130,"DJIA",0.18%,2.88%,4.15%,1.65%,3.91%,7.20%,6.66%,,,0.53%,0.54%,62.24,0.00,22.86,-0.17%,6
1131,"DJP",0.48%,7.76%,4.17%,19.34%,33.37%,47.79%,55.20%,83.40%,114.82%,0.84%,0.77%,63.95,0.00,50.16,0.00%,0
1132,"DJUL",-0.13%,1.64%,2.74%,6.37%,7.51%,11.16%,48.12%,55.06%,,0.25%,0.37%,29.27,0.00,51.14,0.00%,0
1133,"DJUN",-0.21%,1.71%,1.97%,4.68%,5.71%,8.99%,39.37%,47.72%,,0.32%,0.41%,46.87,0.00,50.05,0.00%,0
1134,"DK",6.80%,12.80%,64.59%,111.27%,138.84%,175.75%,164.03%,346.23%,311.06%,8.22%,6.03%,1280.65,0.00,70.84,0.00%,0
1135,"DKL",-0.09%,-5.22%,9.29%,5.07%,22.57%,26.54%,34.37%,32.49%,108.58%,1.86%,3.32%,132.17,0.00,54.69,0.00%,0
1136,"DLAG",0.09%,1.27%,2.33%,6.23%,7.44%,,,,,0.13%,0.10%,5.55,0.00,33.60,0.00%,0
1137,"DLFE",0.04%,1.65%,2.21%,6.14%,6.61%,,,,,0.12%,0.17%,4.33,0.00,32.30,0.00%,0
1138,"DLLL",18.39%,57.38%,78.66%,958.61%,845.03%,674.03%,,,,8.19%,12.85%,2334.80,0.10,27.10,4.75%,12129
1139,"DLMY",-0.15%,1.86%,1.91%,,1.43%,,,,,0.18%,0.19%,41.49,0.00,30.43,0.00%,0
1140,"DLN",-0.31%,1.89%,5.21%,7.86%,14.53%,18.30%,59.65%,61.96%,161.66%,0.41%,0.61%,124.39,0.00,100.88,0.00%,0
1141,"DLNG",0.27%,4.42%,-2.58%,-3.08%,0.27%,5.29%,38.97%,26.35%,-74.07%,2.95%,3.97%,57.19,0.00,3.78,0.00%,0
1142,"DLNV",0.07%,1.59%,2.43%,6.47%,7.65%,,,,,0.00%,0.05%,0.56,0.00,33.54,0.00%,0
1143,"DLR",-0.58%,2.66%,0.91%,9.53%,24.87%,13.82%,53.38%,20.65%,94.23%,2.46%,2.49%,2932.50,0.00,193.18,-0.13%,348
1144,"DLS",1.21%,5.78%,1.75%,0.09%,10.22%,12.97%,52.19%,15.97%,48.72%,0.45%,0.59%,17.72,0.00,89.29,0.00%,1
1145,"DMAA",0.14%,0.28%,1.32%,2.48%,3.53%,4.68%,,,,0.17%,0.18%,35.11,2.85,10.74,-0.19%,5000
1146,"DMAR",0.07%,1.29%,1.93%,8.07%,9.10%,12.69%,40.53%,45.21%,,0.22%,0.25%,17.25,0.00,45.44,0.00%,0
1147,"DMAX",0.00%,0.78%,1.43%,3.06%,3.67%,5.82%,,,,0.11%,0.13%,8.46,0.00,27.65,0.00%,0
1148,"DMAY",-0.10%,1.83%,1.66%,4.79%,5.86%,9.39%,40.11%,40.50%,,0.31%,0.31%,20.37,0.00,47.89,0.00%,0
1149,"DMC",0.83%,9.78%,-3.78%,-25.31%,-11.48%,-12.78%,21.31%,-1.68%,-46.09%,2.23%,2.64%,480.53,0.00,31.54,0.00%,0
1150,"DMII",0.00%,0.10%,0.50%,1.10%,2.22%,,,,,0.21%,0.17%,84.49,0.00,10.12,0.00%,0
1151,"DMXF",0.66%,5.35%,4.49%,5.75%,15.93%,16.61%,49.09%,24.91%,,0.50%,0.74%,84.94,0.00,87.13,0.00%,0
1152,"DNL",-0.33%,5.51%,3.93%,4.60%,12.91%,18.09%,33.56%,9.93%,90.53%,0.43%,0.77%,20.87,0.00,46.54,0.00%,0
1153,"DNMX",0.20%,0.40%,0.55%,1.31%,1.72%,,,,,0.08%,0.08%,29.51,0.00,10.06,0.00%,0
1154,"DNN",15.31%,34.60%,6.18%,-15.01%,36.12%,66.85%,154.98%,220.42%,609.94%,6.84%,5.31%,25160.60,0.00,3.62,-0.26%,1123
1155,"DNOV",0.02%,1.51%,2.36%,6.12%,7.07%,13.58%,44.24%,49.70%,,0.23%,0.24%,8.94,0.00,52.29,0.00%,0
1156,"DNOW",2.43%,15.53%,21.97%,36.90%,20.68%,0.57%,46.16%,112.92%,-24.72%,1.90%,3.11%,2815.30,0.00,15.99,0.00%,0
1157,"DNP",0.00%,0.18%,2.33%,4.17%,10.11%,11.00%,9.24%,2.26%,4.57%,1.16%,1.08%,643.66,0.00,11.00,-0.09%,101
1158,"DNTH",1.36%,6.64%,22.17%,109.00%,169.35%,357.92%,829.96%,11.00%,,4.03%,4.96%,1052.18,0.02,111.00,0.22%,1169
1159,"DOCK",0.87%,-1.14%,2.99%,,5.58%,,,,,0.00%,0.22%,0.74,0.00,27.45,0.00%,0
1160,"DOCT",0.11%,1.72%,2.57%,6.59%,7.55%,12.59%,35.97%,47.29%,,0.22%,0.27%,10.64,0.00,47.63,0.00%,0
1161,"DOGG",-0.97%,0.93%,4.47%,-2.43%,8.13%,12.80%,12.42%,,,0.73%,1.04%,33.48,0.00,22.47,0.00%,0
1162,"DOL",0.82%,4.33%,2.97%,3.82%,17.30%,24.80%,68.12%,55.25%,79.91%,0.46%,0.61%,15.01,0.00,77.24,0.00%,0
1163,"DON",-0.43%,-0.19%,5.00%,4.77%,12.69%,10.38%,38.49%,37.60%,91.76%,0.70%,0.89%,107.80,0.00,58.15,0.00%,0
1164,"DPG",-1.34%,-0.74%,0.27%,-0.14%,15.50%,14.96%,54.04%,4.02%,-12.40%,1.12%,1.23%,58.92,0.00,14.68,0.00%,0
1165,"DQJN",-0.18%,3.84%,,,-1.00%,,,,,0.17%,0.28%,20.48,0.00,29.36,0.00%,0
1166,"DRD",2.13%,49.50%,14.08%,-18.70%,-2.81%,66.79%,189.24%,208.80%,385.20%,4.20%,3.25%,335.81,0.07,30.14,0.50%,1176
1167,"DRDB",-0.09%,0.28%,1.14%,2.01%,2.01%,3.55%,,,,0.11%,0.11%,79.43,0.00,10.64,0.00%,0
1168,"DRH",-2.04%,-4.76%,12.00%,21.10%,39.62%,46.27%,71.27%,42.31%,20.50%,2.15%,2.52%,2428.85,0.00,12.51,-0.87%,59
1169,"DRI",-0.21%,2.48%,6.37%,1.24%,18.19%,5.45%,39.43%,42.08%,255.45%,1.95%,2.49%,1308.26,0.00,217.50,-0.60%,88
1170,"DRKY",-0.42%,10.83%,7.28%,5.46%,-0.66%,,,,,0.81%,1.06%,11.04,0.00,21.51,0.00%,0
1171,"DRLL",-2.12%,8.55%,12.24%,16.96%,40.73%,40.88%,36.92%,,,1.42%,1.57%,14.67,0.00,40.15,0.00%,0
1172,"DRMY",2.89%,15.99%,,,2.14%,,,,,1.85%,3.65%,12.10,0.00,47.70,0.00%,0
1173,"DRTS",5.92%,36.05%,50.15%,91.80%,207.27%,351.34%,350.00%,54.57%,,3.25%,4.94%,764.50,0.01,15.21,1.67%,530
1174,"DRUG",-9.57%,6.49%,-11.96%,-14.86%,-1.81%,71.16%,2866.13%,187.02%,,5.44%,5.14%,293.10,0.00,76.63,0.00%,0
1175,"DRUP",-0.56%,8.71%,11.58%,19.26%,3.14%,10.79%,73.68%,60.66%,,0.00%,0.33%,1.32,0.00,68.88,0.00%,0
1176,"DRVR",0.41%,-0.23%,,,3.66%,,,,,0.29%,0.60%,2.71,0.00,25.91,0.00%,0
1177,"DSAC",0.00%,-0.20%,2.01%,1.91%,1.60%,,,,,0.00%,0.04%,75.69,0.00,10.16,0.00%,0
1178,"DSC",21.88%,66.57%,,,-43.78%,,,,,12.19%,12.25%,108.34,0.00,8.99,0.00%,0
1179,"DSEP",0.13%,1.79%,2.76%,6.94%,7.95%,11.04%,41.37%,49.85%,,0.19%,0.22%,9.42,0.00,48.47,0.00%,0
1180,"DSGN",-2.20%,31.34%,40.45%,42.11%,66.20%,188.17%,649.52%,-2.87%,,4.56%,5.07%,726.23,0.00,15.59,0.00%,0
1181,"DSGR",0.20%,0.52%,28.31%,16.89%,27.09%,5.29%,38.52%,31.31%,312.20%,0.22%,0.46%,179.76,0.00,34.81,0.00%,0
1182,"DSI",1.27%,8.32%,3.31%,14.18%,14.50%,20.76%,75.69%,68.64%,264.13%,0.50%,0.81%,107.12,0.04,147.51,0.73%,202
1183,"DSMC",-0.18%,1.74%,10.38%,16.24%,24.14%,21.27%,44.42%,,,0.55%,0.68%,6.50,0.00,44.03,0.00%,0
1184,"DSP",-1.27%,9.42%,12.18%,30.02%,3.24%,23.07%,94.22%,-7.03%,,3.57%,5.75%,286.16,0.00,12.43,0.00%,0
1185,"DSPY",-0.34%,2.91%,3.67%,11.20%,14.96%,20.98%,,,,0.28%,0.52%,30.32,0.00,67.02,0.00%,0
1186,"DSTL",0.06%,4.73%,17.21%,13.04%,18.05%,21.44%,52.33%,62.68%,,0.70%,1.15%,74.43,0.00,69.53,0.00%,0
1187,"DSTX",0.60%,5.08%,6.21%,3.69%,14.87%,24.95%,62.62%,40.39%,,0.35%,0.40%,14.08,0.00,36.41,0.00%,0
1188,"DT",6.45%,19.30%,29.23%,44.02%,20.79%,4.45%,12.12%,-21.83%,,3.23%,3.80%,5809.02,0.00,52.35,1.45%,942
1189,"DTAN",-0.53%,4.01%,2.87%,2.83%,8.93%,13.54%,,,,0.33%,0.36%,1.32,0.00,34.05,0.00%,0
1190,"DTD",-0.38%,1.57%,5.25%,7.67%,14.74%,17.80%,57.46%,59.34%,149.21%,0.39%,0.56%,22.27,0.00,97.39,0.00%,0
1191,"DTEC",-0.84%,5.58%,8.20%,13.98%,7.72%,5.23%,42.50%,4.01%,,1.43%,1.01%,5.94,0.00,52.33,0.00%,0
1192,"DTF",0.17%,0.87%,1.22%,0.70%,1.31%,2.54%,6.64%,-21.39%,-27.37%,0.46%,0.51%,5.94,0.00,11.57,0.00%,0
1193,"DTH",0.37%,3.82%,3.61%,2.05%,13.77%,19.99%,61.47%,48.57%,54.58%,0.42%,0.58%,49.20,0.00,58.71,0.00%,0
1194,"DTSQ",0.35%,-0.09%,0.62%,2.53%,5.47%,8.52%,,,,0.34%,0.32%,4.66,0.00,11.34,0.00%,0
1195,"DUBS",-0.29%,3.81%,2.55%,12.04%,14.11%,21.58%,70.14%,,,0.44%,0.63%,22.69,0.00,42.99,0.00%,0
1196,"DUHP",-0.02%,2.34%,3.58%,7.90%,11.75%,15.08%,59.65%,,,0.52%,0.70%,797.97,0.00,42.50,0.00%,0
1197,"DUKQ",-0.40%,3.46%,3.09%,11.47%,14.75%,19.08%,,,,0.23%,0.42%,1.82,0.00,31.98,0.00%,0
1198,"DUKX",1.14%,4.94%,1.58%,-0.68%,12.06%,17.78%,,,,0.17%,0.28%,0.42,0.00,29.10,0.00%,0
1199,"DUNK",0.13%,9.03%,16.47%,31.56%,14.34%,,,,,0.48%,1.26%,12.63,0.00,28.14,0.00%,0
1200,"DUOG",-7.37%,-2.69%,47.41%,10.74%,-54.09%,,,,,4.33%,8.75%,14.30,0.00,53.68,1.43%,2
1201,"DUOT",-2.47%,35.74%,-30.65%,15.51%,-9.75%,58.40%,110.65%,53.37%,-88.16%,7.14%,8.30%,961.96,0.01,10.15,2.20%,269
1202,"DURA",-0.11%,2.10%,4.79%,4.94%,18.60%,17.21%,27.66%,24.92%,,0.39%,0.45%,2.23,0.00,40.08,0.00%,0
1203,"DUSA",0.09%,-1.01%,1.76%,8.82%,11.68%,19.36%,82.28%,67.52%,,0.54%,0.76%,47.53,0.00,57.10,0.00%,0
1204,"DUSG",-0.48%,1.95%,5.12%,,5.44%,,,,,0.36%,0.56%,2.54,0.00,52.95,0.00%,0
1205,"DUTY",-4.86%,4.06%,2.49%,,6.93%,,,,,1.92%,1.61%,2.58,0.00,26.83,0.00%,0
1206,"DVAL",0.24%,1.86%,9.10%,9.35%,16.29%,15.43%,41.48%,,,0.34%,0.44%,9.82,0.00,16.74,0.00%,0
1207,"DVGR",0.10%,1.06%,3.75%,6.89%,9.72%,,,,,0.12%,0.22%,2.37,0.00,27.26,0.00%,0
1208,"DVLU",0.63%,-0.10%,8.67%,12.38%,16.00%,33.70%,78.80%,71.44%,,0.54%,0.79%,6.31,0.00,41.45,0.00%,0
1209,"DVND",0.43%,1.64%,4.02%,5.97%,13.13%,15.75%,50.84%,,,0.07%,0.17%,0.59,0.00,39.79,0.00%,0
1210,"DVOL",0.20%,-1.60%,3.54%,2.09%,7.12%,7.18%,45.84%,28.10%,,0.45%,0.54%,6.03,0.00,37.53,0.00%,0
1211,"DVRE",0.94%,-3.11%,1.57%,1.36%,12.09%,4.45%,,,,0.00%,0.00%,0.03,0.00,25.15,0.00%,0
1212,"DVSP",-0.57%,5.15%,1.03%,8.46%,10.05%,18.41%,,,,0.32%,0.38%,0.97,0.00,29.83,0.00%,0
1213,"DVVY",0.22%,1.63%,5.35%,,12.68%,,,,,0.00%,0.01%,0.05,0.00,27.67,0.00%,0
1214,"DVXE",-1.13%,12.28%,14.69%,23.31%,59.51%,63.08%,,,,0.80%,0.85%,0.40,0.00,42.29,0.00%,0
1215,"DVY",-0.30%,-0.27%,6.24%,5.65%,16.88%,16.86%,47.27%,39.71%,91.87%,0.79%,0.96%,416.94,0.00,164.97,0.00%,0
1216,"DVYA",0.51%,1.99%,4.37%,0.84%,17.71%,24.24%,60.11%,32.02%,11.95%,0.33%,0.38%,5.09,0.00,52.12,0.00%,0
1217,"DVYE",1.38%,4.15%,2.30%,-1.07%,12.87%,17.70%,43.55%,-8.55%,-1.68%,0.65%,0.75%,192.85,0.00,35.17,0.00%,0
1218,"DWAW",-0.10%,2.86%,1.10%,9.01%,15.71%,21.33%,66.54%,40.91%,,0.16%,0.24%,1.74,0.00,51.11,0.00%,0
1219,"DWLD",0.11%,0.37%,-0.00%,2.85%,2.87%,9.76%,70.61%,55.63%,,0.63%,0.85%,19.01,0.00,47.98,0.00%,0
1220,"DWM",0.80%,3.51%,3.04%,1.00%,11.60%,16.55%,56.54%,39.59%,63.89%,0.40%,0.92%,10.78,0.00,76.74,0.00%,0
1221,"DWMF",1.10%,2.56%,1.86%,-3.81%,5.46%,6.96%,39.62%,28.14%,,0.19%,0.22%,1.78,0.00,34.32,0.00%,0
1222,"DWX",0.69%,1.32%,3.16%,-0.72%,9.93%,12.68%,42.42%,20.98%,30.71%,0.35%,0.46%,18.56,0.00,48.30,0.00%,0
1223,"DXIV",0.91%,5.11%,3.68%,2.79%,15.32%,23.85%,,,,0.50%,0.90%,22.25,0.00,75.04,0.00%,0
1224,"DXJ",2.01%,2.10%,4.26%,4.79%,23.68%,42.06%,111.67%,197.80%,325.51%,0.60%,0.89%,311.61,0.00,178.29,0.00%,0
1225,"DXPE",-0.36%,19.05%,27.44%,23.90%,73.79%,52.15%,443.59%,543.94%,561.35%,2.96%,4.92%,153.05,0.00,190.80,0.00%,0
1226,"DXUV",-0.54%,2.52%,5.51%,10.65%,16.58%,21.16%,,,,0.47%,0.79%,55.42,0.00,69.69,0.00%,0
1227,"DXYZ",-0.41%,63.31%,-36.23%,23.59%,12.66%,21.76%,,,,6.55%,7.40%,2648.96,0.05,34.51,-0.12%,6996
1228,"DYLG",0.17%,1.67%,5.42%,5.51%,7.99%,13.61%,20.16%,,,0.25%,0.32%,2.49,0.00,28.73,0.00%,0
1229,"DYNC",-0.09%,0.74%,0.74%,4.52%,5.64%,-2.60%,,,,0.18%,0.22%,59.81,0.00,10.87,0.00%,0
1230,"DYNF",-0.40%,3.41%,3.07%,11.64%,13.68%,20.84%,92.87%,90.95%,,0.58%,0.82%,2511.49,0.00,69.13,0.00%,0
1231,"DYOR",0.20%,0.50%,1.00%,1.50%,2.12%,,,,,0.03%,0.04%,55.93,0.00,10.12,0.00%,0
1232,"DYTA",-0.04%,2.39%,1.61%,6.35%,8.94%,11.91%,32.42%,,,0.32%,0.48%,9.87,0.00,31.80,0.00%,0
1233,"E",-4.29%,6.65%,2.12%,20.52%,41.20%,51.03%,74.32%,121.64%,77.03%,1.18%,1.37%,414.97,0.00,53.57,0.00%,0
1234,"EAFG",0.57%,7.28%,0.99%,1.12%,11.61%,20.60%,,,,0.07%,0.10%,0.50,0.00,26.20,0.00%,0
1235,"EAGG",1.48%,1.38%,-0.10%,-2.28%,-1.00%,-0.58%,2.49%,-15.00%,,0.18%,0.22%,403.28,0.00,47.37,1.12%,1
1236,"EAGL",0.82%,6.80%,9.02%,12.65%,10.26%,15.86%,,,,0.87%,1.01%,315.94,0.00,35.79,0.00%,0
1237,"EALT",-0.36%,2.60%,2.76%,1.97%,3.65%,8.31%,,,,0.33%,0.47%,19.77,0.00,36.58,0.00%,0
1238,"EAOA",,3.22%,1.82%,6.50%,10.88%,16.67%,50.34%,35.27%,,0.18%,0.23%,1.56,0.00,45.88,0.00%,0
1239,"EAOK",,0.75%,-0.29%,0.07%,2.31%,4.93%,17.47%,0.72%,,0.07%,0.05%,0.55,0.00,28.16,0.00%,0
1240,"EAOM",,1.48%,0.21%,1.45%,4.29%,7.92%,23.80%,7.56%,,0.03%,0.08%,1.54,0.00,31.32,0.00%,0
1241,"EAOR",,2.38%,1.04%,4.00%,7.60%,12.15%,36.68%,20.85%,,0.16%,0.35%,2.26,0.00,38.03,0.00%,0
1242,"EAPR",1.08%,5.60%,2.07%,12.03%,13.26%,17.50%,38.03%,36.05%,,0.39%,0.50%,12.27,0.00,33.64,0.00%,0
1243,"EART",3.95%,19.88%,-2.65%,-12.98%,13.47%,55.91%,90.10%,,,1.62%,1.60%,17.53,0.00,31.52,0.00%,0
1244,"EASG",0.58%,3.23%,2.96%,2.52%,11.66%,14.90%,42.93%,24.04%,,0.32%,1.35%,3.33,0.00,39.29,0.00%,0
1245,"EASY",-0.34%,-1.19%,4.07%,-0.28%,8.54%,,,,,0.33%,0.41%,5.64,0.00,27.57,0.00%,0
1246,"EAT",3.44%,17.20%,72.20%,59.02%,68.00%,54.43%,629.56%,340.00%,352.47%,3.94%,4.54%,1012.84,0.00,241.12,0.08%,162
1247,"EBI",-0.03%,2.50%,4.65%,10.91%,19.14%,25.68%,,,,0.65%,0.56%,9.23,0.00,67.41,0.00%,0
1248,"EBIT",-0.20%,-0.47%,5.97%,10.20%,19.58%,18.52%,,,,0.09%,0.24%,0.74,0.00,40.16,0.00%,0
1249,"EBIZ",-1.20%,-1.27%,7.65%,4.92%,-7.38%,-9.78%,65.06%,-5.83%,,0.56%,0.85%,3.25,0.01,30.09,-0.77%,1
1250,"EBND",0.09%,1.87%,1.58%,-3.06%,-0.51%,-0.19%,2.46%,-17.68%,-24.04%,0.22%,0.30%,267.13,0.00,21.26,0.00%,0
1251,"EBUF",0.79%,4.47%,1.80%,9.17%,11.70%,15.25%,,,,0.32%,0.43%,16.19,0.00,32.07,0.00%,0
1252,"EC",-7.66%,4.36%,10.72%,31.32%,64.87%,80.55%,53.57%,37.77%,112.59%,2.48%,3.08%,2610.97,0.00,16.52,0.00%,0
1253,"ECBK",-1.16%,-0.87%,12.93%,14.38%,17.54%,18.70%,66.31%,,,1.79%,1.82%,11.91,0.00,20.44,0.00%,0
1254,"ECH",1.47%,5.68%,-1.57%,-7.67%,2.23%,27.31%,43.75%,49.62%,10.59%,1.84%,1.63%,454.37,0.00,41.30,0.00%,0
1255,"ECL",1.74%,2.72%,10.67%,-5.19%,10.70%,4.08%,61.02%,30.30%,136.39%,1.81%,1.98%,1558.37,0.00,290.60,0.00%,0
1256,"ECML",0.79%,4.25%,10.14%,13.66%,26.33%,26.76%,50.74%,,,0.00%,0.21%,6.72,0.00,42.20,0.00%,0
1257,"ECO",-1.54%,8.21%,31.15%,18.63%,86.50%,136.28%,160.79%,662.20%,,2.60%,3.34%,492.25,0.07,63.11,1.33%,1627
1258,"ECON",2.37%,8.70%,-1.68%,10.54%,29.95%,42.50%,74.43%,40.49%,42.35%,0.67%,1.13%,25.67,0.00,35.52,0.00%,0
1259,"ECOR",-4.26%,69.95%,12.01%,42.17%,130.77%,91.67%,112.96%,-31.68%,,10.03%,11.24%,111.66,0.00,10.35,0.00%,0
1260,"ECOW",1.21%,2.02%,0.74%,-0.66%,14.06%,16.13%,41.59%,6.88%,,1.17%,0.92%,44.45,0.00,27.84,0.00%,0
1261,"ECPG",-1.10%,4.43%,22.36%,69.26%,84.27%,142.38%,117.20%,114.55%,367.99%,3.32%,3.90%,342.83,0.00,100.15,0.00%,0
1262,"EDC",3.49%,32.08%,-13.58%,1.80%,48.42%,91.49%,187.88%,-5.89%,30.51%,2.46%,3.66%,103.37,0.02,80.98,1.35%,101
1263,"EDD",-1.67%,0.17%,6.91%,-2.33%,8.29%,10.94%,25.11%,-3.45%,-26.87%,1.57%,1.43%,426.24,0.00,5.88,0.00%,0
1264,"EDEN",1.08%,4.17%,5.51%,9.24%,3.37%,7.83%,11.66%,2.54%,109.94%,0.55%,0.60%,10.72,0.00,118.32,0.00%,0
1265,"EDGE",-0.08%,4.11%,5.29%,12.03%,14.10%,23.91%,,,,0.18%,0.30%,2.90,0.00,51.80,0.00%,0
1266,"EDGH",0.58%,7.86%,3.68%,4.11%,16.19%,31.96%,,,,0.81%,0.62%,55.68,0.00,35.35,0.00%,0
1267,"EDGI",0.95%,6.20%,2.81%,1.41%,12.83%,19.03%,,,,0.39%,0.63%,34.62,0.00,32.02,0.00%,0
1268,"EDGU",-0.31%,3.26%,1.57%,9.40%,12.50%,19.32%,,,,0.36%,0.56%,27.95,0.00,32.03,0.00%,0
1269,"EDGX",-0.40%,2.30%,-0.07%,5.81%,6.78%,,,,,0.46%,0.61%,6.17,0.00,26.90,0.00%,0
1270,"EDIV",0.14%,1.35%,1.64%,-2.95%,7.66%,9.31%,40.03%,41.73%,49.31%,0.50%,0.67%,127.79,0.00,42.15,0.00%,0
1271,"EDOG",1.67%,3.45%,2.93%,-6.58%,4.97%,11.66%,16.96%,3.04%,11.95%,0.24%,0.38%,2.29,0.00,25.32,0.00%,0
1272,"EDOW",-0.45%,1.55%,5.63%,7.09%,11.97%,16.83%,54.61%,48.36%,,0.53%,0.72%,16.39,0.00,46.25,0.00%,0
1273,"EE",2.78%,5.01%,13.72%,-8.60%,39.75%,57.94%,111.78%,,,4.63%,3.83%,360.03,0.00,39.20,0.00%,0
1274,"EEA",0.16%,3.07%,4.95%,1.44%,9.13%,5.74%,35.26%,16.80%,83.01%,0.73%,1.28%,28.32,0.00,11.24,0.00%,0
1275,"EEE",4.50%,9.96%,8.33%,18.60%,7.58%,,,,,0.22%,0.44%,0.82,0.00,22.57,0.00%,0
1276,"EELV",0.94%,1.57%,1.54%,-3.11%,5.47%,9.17%,22.74%,17.78%,26.22%,0.42%,0.54%,42.83,0.00,28.93,0.00%,0
1277,"EEM",1.32%,10.53%,-1.62%,7.64%,23.38%,35.24%,73.48%,30.91%,84.83%,0.88%,1.31%,25631.52,0.01,67.50,0.49%,13890
1278,"EEMA",1.14%,7.10%,-0.79%,8.07%,23.98%,34.87%,83.38%,39.35%,111.39%,0.77%,1.05%,151.57,0.00,116.57,0.00%,0
1279,"EEMO",2.91%,14.30%,-6.17%,16.74%,26.58%,26.36%,54.50%,22.59%,60.87%,1.02%,1.80%,29.35,0.00,22.22,0.00%,0
1280,"EEMS",1.79%,8.79%,-1.97%,0.53%,12.79%,14.90%,38.33%,25.95%,77.02%,0.50%,0.80%,79.51,0.00,76.11,0.00%,0
1281,"EEMX",1.68%,7.91%,-1.13%,7.48%,24.46%,35.10%,78.86%,40.25%,,0.59%,0.82%,7.06,0.00,53.07,0.00%,0
1282,"EES",-0.37%,0.04%,6.07%,13.28%,19.93%,22.52%,53.16%,41.26%,143.84%,0.61%,0.86%,14.06,0.00,68.28,0.00%,0
1283,"EET",3.26%,13.83%,-6.75%,4.37%,37.57%,61.56%,130.38%,21.63%,95.49%,0.51%,1.74%,11.03,0.00,110.92,0.00%,0
1284,"EFA",0.57%,4.22%,3.34%,2.47%,12.75%,17.81%,54.16%,35.39%,85.49%,0.50%,0.67%,11881.22,0.00,108.27,0.00%,0
1285,"EFAA",0.04%,2.72%,2.76%,-0.05%,5.46%,8.87%,,,,0.46%,0.53%,88.43,0.00,57.00,0.00%,0
1286,"EFAD",0.81%,3.48%,5.93%,3.82%,8.60%,7.40%,25.00%,-6.11%,26.26%,0.32%,0.41%,3.74,0.00,45.28,0.00%,0
1287,"EFAS",0.97%,2.97%,7.17%,8.94%,20.54%,22.98%,77.47%,47.48%,,0.65%,0.68%,18.79,0.00,23.39,0.00%,0
1288,"EFAV",0.31%,1.98%,3.65%,0.04%,9.39%,10.84%,42.31%,20.47%,40.40%,0.41%,0.55%,503.27,0.00,94.35,0.00%,0
1289,"EFAX",0.54%,4.05%,3.27%,2.17%,10.99%,15.49%,54.07%,31.72%,,0.39%,0.54%,21.98,0.00,56.01,0.00%,0
1290,"EFFE",2.15%,11.09%,3.02%,10.05%,23.12%,23.19%,,,,0.00%,0.00%,0.24,0.00,28.42,0.00%,0
1291,"EFFI",1.87%,5.43%,7.82%,7.91%,13.89%,16.09%,,,,0.13%,0.23%,1.24,0.00,27.52,0.00%,0
1292,"EFG",0.14%,5.27%,2.37%,1.81%,10.26%,12.66%,38.84%,13.89%,85.73%,0.57%,0.78%,799.36,0.00,125.61,0.00%,0
1293,"EFIV",-0.44%,4.93%,3.68%,10.55%,13.27%,21.74%,75.11%,78.93%,,0.40%,0.70%,49.29,0.00,74.93,0.00%,0
1294,"EFNL",3.33%,8.57%,-3.47%,7.87%,16.00%,31.85%,66.49%,7.61%,65.29%,0.48%,0.65%,68.07,0.00,55.47,0.00%,0
1295,"EFO",0.97%,7.81%,7.66%,2.93%,22.86%,33.94%,105.75%,48.78%,166.56%,0.50%,1.07%,4.47,0.00,78.43,0.00%,0
1296,"EFRA",0.18%,0.41%,4.15%,-2.28%,9.50%,8.00%,38.49%,,,0.04%,0.21%,0.81,0.00,36.35,0.00%,0
1297,"EFSI",-0.97%,1.31%,5.50%,12.40%,5.04%,14.46%,30.67%,21.37%,77.86%,3.08%,3.22%,62.70,0.00,41.80,0.00%,0
1298,"EFV",0.65%,3.24%,4.28%,2.66%,14.76%,22.35%,68.90%,57.05%,80.51%,0.50%,0.63%,4959.99,0.01,81.95,-0.34%,3285
1299,"EGHA",0.19%,0.48%,0.39%,1.76%,2.47%,3.70%,,,,0.08%,0.07%,68.03,0.00,10.38,0.00%,0
1300,"EGLE",-0.34%,5.79%,6.36%,13.68%,11.80%,14.39%,,,,0.00%,0.10%,0.27,0.00,32.52,0.00%,0
1301,"EGO",10.20%,47.01%,42.77%,3.23%,30.85%,93.57%,425.73%,432.28%,164.04%,4.14%,4.62%,2700.96,0.00,47.00,0.09%,615
1302,"EGUS",-1.07%,3.09%,0.01%,13.50%,9.54%,17.50%,92.09%,,,0.54%,0.39%,2.92,0.00,57.97,0.00%,0
1303,"EHC",-0.11%,6.13%,14.64%,12.67%,13.79%,-2.27%,74.61%,95.91%,277.41%,1.95%,2.33%,997.60,0.00,120.78,0.00%,5
1304,"EHCC",8.95%,13.25%,-2.99%,,-6.83%,,,,,0.58%,0.71%,1.58,0.00,22.73,0.00%,0
1305,"EHLD",1.43%,25.11%,14.87%,40.28%,45.44%,48.05%,,,,2.53%,3.83%,4.66,0.00,9.89,0.00%,0
1306,"EIKN",14.60%,36.74%,19.61%,-9.68%,-27.74%,,,,,12.14%,9.61%,408.95,0.08,12.32,2.84%,1687
1307,"EINC",0.83%,0.79%,1.76%,9.06%,26.58%,28.10%,89.52%,137.94%,66.17%,1.54%,1.30%,18.05,0.00,121.83,0.00%,0
1308,"EIPI",-0.35%,2.15%,2.20%,3.31%,14.49%,15.30%,,,,1.08%,0.98%,96.88,0.00,22.75,0.00%,0
1309,"EIPX",-0.29%,3.28%,3.86%,7.62%,26.13%,28.02%,58.88%,,,0.95%,0.96%,38.93,0.00,33.35,0.00%,0
1310,"EIRL",1.57%,4.11%,10.60%,14.10%,14.09%,23.41%,47.04%,36.77%,115.38%,0.23%,0.41%,14.30,0.00,83.87,0.00%,0
1311,"EIS",0.56%,4.17%,-10.09%,2.47%,12.43%,30.79%,127.41%,72.82%,148.32%,0.83%,1.17%,70.93,0.00,123.71,0.00%,0
1312,"EJAN",0.74%,4.06%,2.62%,4.13%,9.22%,12.62%,32.19%,22.55%,,0.22%,0.40%,11.38,0.00,36.90,0.00%,0
1313,"EJUL",1.27%,5.85%,1.08%,2.71%,5.85%,11.30%,37.95%,21.59%,,0.49%,0.74%,65.34,0.00,31.38,0.00%,0
1314,"EKG",0.96%,13.42%,32.84%,24.61%,16.13%,25.93%,41.32%,,,0.62%,0.49%,1.04,0.00,22.06,0.00%,0
1315,"ELAN",7.39%,-4.13%,5.50%,-3.40%,11.80%,36.83%,113.50%,-24.05%,,2.72%,4.15%,6213.57,0.00,25.30,0.88%,2
1316,"ELD",0.03%,2.20%,1.28%,-2.94%,-0.52%,2.83%,6.10%,-8.65%,-23.01%,0.57%,0.69%,34.15,0.00,29.05,0.00%,0
1317,"ELE",-1.35%,42.74%,23.58%,-2.67%,29.11%,47.49%,150.69%,116.50%,,3.58%,3.99%,380.73,0.00,21.91,0.00%,0
1318,"ELLO",0.93%,3.63%,-18.37%,-14.57%,-17.70%,14.29%,28.62%,-29.68%,119.78%,6.86%,4.23%,9.41,0.59,20.00,1.47%,276
1319,"ELM",0.56%,2.73%,1.86%,3.67%,9.34%,11.82%,,,,0.28%,0.46%,21.85,0.00,29.80,0.00%,0
1320,"ELMT",7.74%,40.97%,10.86%,,-0.22%,,,,,9.85%,8.34%,589.24,0.00,17.96,0.00%,12
1321,"ELOL",-1.99%,,,,-4.82%,,,,,5.09%,,22.87,0.00,21.19,0.00%,0
1322,"ELVN",2.48%,13.22%,46.98%,107.87%,295.23%,199.53%,264.03%,221.70%,,3.25%,4.48%,1418.49,0.00,60.87,0.00%,0
1323,"EMAU",0.91%,,,,0.02%,,,,,0.00%,,2.34,0.00,25.53,0.00%,0
1324,"EMB",1.30%,1.42%,-0.34%,-1.82%,-0.39%,2.34%,13.84%,-14.53%,-15.81%,0.25%,0.31%,5607.37,0.00,95.90,0.62%,3
1325,"EMBJ",-0.24%,10.70%,28.25%,2.21%,16.36%,34.28%,395.36%,314.35%,344.18%,2.76%,3.00%,1223.38,0.01,74.90,-0.49%,318
1326,"EMBX",0.20%,0.96%,0.21%,-1.79%,1.67%,,,,,0.15%,0.25%,29.17,0.00,51.47,0.00%,0
1327,"EMC",1.43%,7.63%,-1.60%,7.31%,20.84%,23.50%,50.95%,,,0.37%,1.02%,5.96,0.00,37.15,0.00%,0
1328,"EMCR",1.24%,6.58%,-1.91%,4.06%,18.19%,28.04%,63.96%,29.86%,,0.50%,0.58%,3.19,0.00,43.71,0.00%,0
1329,"EMCS",1.69%,7.20%,-0.92%,9.64%,28.03%,43.26%,93.39%,41.52%,,0.68%,1.06%,29.52,0.00,45.62,0.00%,0
1330,"EMDM",2.51%,8.30%,-1.57%,6.77%,34.69%,62.57%,104.01%,,,0.54%,0.79%,12.49,0.00,42.21,0.00%,0
1331,"EMDV",0.81%,2.11%,1.58%,-1.30%,2.12%,2.25%,6.58%,-18.61%,-5.49%,0.19%,0.07%,0.22,0.00,47.69,0.00%,0
1332,"EMEM",1.81%,7.87%,-2.17%,,3.33%,,,,,2.06%,1.73%,11.63,0.00,25.93,0.00%,0
1333,"EMES",2.06%,7.37%,0.56%,13.71%,26.65%,38.25%,,,,0.21%,0.19%,0.66,0.00,28.48,0.00%,0
1334,"EMET",7.07%,23.60%,3.44%,-4.61%,25.65%,75.52%,85.72%,,,1.63%,1.18%,9.84,0.00,46.54,0.00%,0
1335,"EMF",2.22%,10.39%,-1.96%,7.19%,32.24%,51.91%,105.48%,55.11%,148.85%,2.18%,2.53%,35.57,0.00,22.52,0.00%,0
1336,"EMGF",1.46%,8.53%,-1.92%,6.96%,24.53%,33.56%,74.09%,39.21%,89.82%,0.77%,1.26%,183.65,0.00,72.04,0.00%,0
1337,"EMHY",0.22%,0.40%,-0.12%,-1.28%,0.15%,2.51%,18.26%,-9.64%,-18.59%,0.16%,0.21%,85.01,0.00,40.43,0.00%,0
1338,"EMIF",2.66%,0.05%,-4.09%,-14.40%,-1.09%,5.72%,24.88%,10.62%,-16.11%,0.50%,0.53%,2.54,0.00,26.20,0.00%,0
1339,"EMIS",0.29%,0.49%,0.89%,1.89%,2.91%,,,,,0.00%,0.05%,6.08,0.00,10.24,0.00%,0
1340,"EMJL",0.78%,4.36%,,,-0.99%,,,,,0.20%,0.37%,2.56,0.00,24.70,0.00%,0
1341,"EMKT",1.27%,7.09%,-0.77%,8.85%,25.82%,,,,,0.69%,0.92%,18.52,0.00,31.56,0.00%,0
1342,"EMLC",0.08%,1.85%,1.41%,-2.86%,0.04%,1.97%,3.57%,-15.31%,-31.43%,0.20%,0.29%,1972.58,0.00,25.83,0.00%,0
1343,"EMLP",-0.29%,0.87%,2.17%,1.98%,16.98%,16.73%,61.80%,80.82%,79.57%,1.17%,1.10%,266.61,0.00,44.30,-0.32%,51
1344,"EMM",2.28%,10.02%,-1.06%,10.60%,28.95%,46.40%,75.01%,,,0.64%,0.84%,6.58,0.00,44.15,0.00%,0
1345,"EMMF",1.74%,8.19%,-2.19%,7.01%,21.74%,29.21%,65.07%,50.40%,,0.56%,0.81%,15.05,0.00,38.40,0.00%,0
1346,"EMMY",1.27%,4.61%,-0.78%,,-3.48%,,,,,0.00%,0.15%,3.35,0.00,24.79,0.00%,0
1347,"EMNT",0.07%,0.14%,0.22%,0.19%,0.55%,0.33%,2.18%,0.31%,,0.08%,0.05%,10.93,0.00,99.12,0.00%,0
1348,"EMO",1.03%,8.17%,9.20%,6.66%,23.02%,19.66%,82.75%,179.61%,-12.68%,1.60%,1.83%,43.19,0.00,54.93,0.00%,0
1349,"EMOP",1.27%,8.72%,-3.42%,5.30%,25.02%,36.86%,,,,0.71%,1.06%,78.37,0.68,50.90,0.24%,2646
1350,"EMOT",-0.15%,0.49%,4.30%,6.93%,13.66%,15.86%,,,,0.00%,0.14%,0.40,0.00,27.05,0.00%,0
1351,"EMPB",1.33%,8.59%,9.00%,17.14%,22.32%,20.29%,,,,0.85%,1.06%,7.84,0.00,35.27,0.00%,0
1352,"EMR",1.80%,8.08%,11.08%,3.13%,18.67%,18.02%,61.31%,50.33%,193.13%,2.06%,2.70%,2748.21,0.00,157.50,-0.50%,586
1353,"EMSC",1.58%,7.47%,-3.42%,,1.74%,,,,,1.13%,1.58%,25.06,0.00,25.72,0.00%,0
1354,"EMSF",0.86%,9.65%,-1.81%,14.08%,40.14%,43.78%,,,,0.36%,0.75%,3.69,0.00,39.75,0.00%,0
1355,"EMXC",2.18%,9.84%,-2.17%,11.31%,35.17%,53.50%,91.24%,61.19%,,0.94%,1.52%,2689.99,0.00,98.24,0.00%,0
1356,"EMXF",1.48%,5.62%,-0.61%,8.14%,22.99%,30.25%,64.19%,29.86%,,1.01%,0.89%,7.49,0.00,57.23,0.00%,0
1357,"EMXX",1.99%,9.31%,,,-1.49%,,,,,0.00%,0.00%,0.03,0.00,23.90,0.00%,0
1358,"ENDW",0.13%,3.58%,3.98%,5.64%,14.06%,20.26%,,,,1.01%,0.75%,13.93,0.00,35.28,0.00%,0
1359,"ENFR",0.78%,1.88%,4.84%,10.15%,27.29%,26.15%,81.34%,111.41%,79.63%,1.67%,1.40%,81.77,1.51,40.04,0.07%,6153
1360,"ENHI",0.72%,4.05%,4.39%,,12.99%,,,,,0.02%,0.03%,5.92,0.00,27.79,0.00%,0
1361,"ENHU",-0.41%,3.65%,2.98%,12.35%,13.45%,,,,,0.00%,0.05%,0.26,0.00,28.63,0.00%,0
1362,"ENIC",-1.11%,2.29%,4.20%,4.44%,11.19%,27.35%,36.28%,81.84%,-17.32%,2.60%,2.88%,563.26,0.00,4.47,0.00%,0
1363,"ENOR",0.15%,8.49%,-1.37%,6.40%,26.81%,28.74%,62.05%,27.34%,78.90%,0.93%,0.98%,62.69,0.00,36.49,0.00%,0
1364,"ENSG",-1.02%,-1.37%,5.04%,-15.53%,3.69%,5.83%,84.03%,126.13%,947.46%,3.00%,2.24%,737.23,0.00,180.63,0.00%,0
1365,"ENTG",1.45%,37.12%,5.99%,10.99%,74.16%,74.68%,52.08%,22.20%,744.73%,3.12%,5.49%,3042.04,0.01,146.73,3.00%,1556
1366,"ENTX",2.57%,-2.15%,168.07%,101.90%,64.43%,61.11%,365.01%,-34.36%,,8.45%,9.23%,2542.42,0.00,3.19,0.00%,0
1367,"EOCT",0.37%,3.39%,2.84%,4.92%,10.55%,19.75%,51.71%,,,0.19%,0.28%,6.39,0.00,35.00,0.00%,0
1368,"EOD",-1.04%,4.39%,2.15%,7.07%,14.24%,16.84%,53.81%,13.27%,10.63%,1.43%,1.34%,95.98,0.00,6.66,0.00%,0
1369,"EOG",-5.62%,-1.58%,6.72%,18.58%,36.78%,16.89%,14.47%,126.00%,76.71%,1.94%,2.36%,3400.74,0.00,143.63,-0.84%,671
1370,"EOI",-0.05%,1.99%,0.76%,-2.91%,-2.77%,-6.15%,22.94%,6.18%,56.94%,1.04%,1.14%,69.16,0.00,19.99,0.00%,0
1371,"EPAC",2.64%,1.67%,9.43%,-8.98%,-1.39%,-12.18%,43.66%,54.04%,58.38%,2.06%,2.04%,507.46,0.00,37.71,0.00%,0
1372,"EPD",1.30%,0.67%,3.81%,8.20%,21.43%,23.12%,47.91%,73.41%,46.41%,1.60%,1.73%,3031.95,0.00,38.93,-0.54%,6
1373,"EPEM",1.75%,6.65%,1.15%,8.32%,28.86%,38.26%,,,,0.00%,0.16%,0.15,0.00,30.08,0.00%,0
1374,"EPI",0.61%,1.27%,1.51%,-5.31%,-6.76%,-2.86%,20.46%,22.75%,103.30%,0.45%,0.50%,400.83,0.00,43.16,0.00%,0
1375,"EPIN",0.46%,5.56%,4.52%,13.02%,26.24%,35.70%,,,,0.04%,0.13%,0.73,0.00,28.88,0.00%,0
1376,"EPMB",-0.05%,0.39%,3.53%,5.47%,16.50%,22.56%,,,,0.00%,0.01%,0.04,0.00,26.67,0.00%,0
1377,"EPMV",-0.16%,-0.88%,3.61%,8.88%,17.06%,22.02%,,,,0.00%,0.00%,0.03,0.00,26.91,0.00%,0
1378,"EPOL",0.93%,7.27%,9.80%,16.73%,26.68%,37.85%,134.01%,99.46%,149.33%,0.68%,0.84%,411.09,0.02,44.58,-0.34%,467
1379,"EPP",0.52%,2.73%,5.04%,1.97%,14.88%,12.71%,45.28%,14.31%,40.15%,0.53%,0.63%,321.55,0.00,57.98,0.00%,0
1380,"EPRX",5.99%,21.80%,3.48%,-7.70%,-1.59%,47.13%,34.60%,166.40%,,5.42%,5.29%,367.35,0.00,7.43,0.00%,0
1381,"EPS",-0.38%,3.73%,2.94%,11.83%,13.75%,20.31%,72.68%,67.86%,231.89%,0.45%,0.71%,51.58,0.00,80.61,0.00%,0
1382,"EPSN",4.66%,7.16%,1.21%,19.92%,25.86%,-0.68%,10.40%,14.51%,28.57%,2.82%,3.56%,158.02,0.00,5.84,0.00%,0
1383,"EPU",4.78%,11.14%,11.35%,0.99%,30.32%,76.61%,197.91%,266.60%,181.38%,1.72%,1.63%,61.30,0.00,94.29,0.00%,0
1384,"EQAL",-0.03%,3.21%,5.15%,7.83%,17.27%,19.93%,49.53%,35.08%,135.70%,0.49%,0.68%,32.59,0.00,61.73,0.00%,0
1385,"EQH",-0.18%,0.97%,20.52%,21.31%,4.66%,-7.82%,79.84%,61.81%,,2.20%,2.92%,3613.44,0.00,49.87,0.00%,0
1386,"EQIN",-0.07%,1.41%,8.06%,7.13%,14.75%,18.67%,42.35%,49.66%,140.80%,0.51%,0.72%,14.70,0.00,54.50,0.00%,0
1387,"EQIX",0.74%,8.19%,1.98%,15.04%,42.34%,37.95%,41.47%,32.22%,199.02%,3.47%,3.01%,596.36,0.00,1090.59,1.02%,100
1388,"EQL",-0.34%,2.23%,3.14%,5.23%,12.76%,15.55%,51.50%,52.48%,164.69%,0.36%,0.60%,52.17,0.00,52.30,0.00%,0
1389,"EQLT",1.03%,8.11%,-1.00%,12.75%,29.09%,42.99%,,,,0.54%,0.51%,2.39,0.00,39.44,0.00%,0
1390,"EQNR",-3.80%,0.68%,12.80%,42.42%,74.48%,67.53%,51.23%,128.20%,210.55%,1.66%,1.96%,3562.60,0.04,41.23,-0.19%,6259
1391,"EQQQ",-1.05%,9.39%,,,8.90%,,,,,0.64%,1.56%,7.50,0.00,42.55,0.00%,0
1392,"EQRR",-0.64%,6.23%,10.31%,26.65%,33.94%,38.51%,67.75%,75.94%,,0.75%,0.79%,30.71,0.00,86.21,0.00%,0
1393,"EQT",1.54%,4.09%,-1.14%,-8.40%,2.09%,6.56%,30.16%,193.88%,40.24%,3.09%,2.55%,7200.40,0.01,54.72,-0.13%,1823
1394,"EQTY",0.33%,2.91%,8.44%,8.93%,10.72%,15.39%,61.63%,,,0.45%,0.55%,27.13,0.00,29.89,0.00%,0
1395,"EQWL",-0.32%,2.69%,5.80%,10.45%,14.15%,19.56%,66.42%,62.54%,224.39%,0.45%,0.67%,82.04,0.00,134.88,0.00%,0
1396,"EQX",5.57%,51.76%,8.09%,-26.10%,-3.15%,65.82%,180.36%,99.08%,43.17%,3.68%,4.56%,14433.46,0.01,13.60,-0.24%,8522
1397,"ERAS",14.17%,10.05%,59.84%,43.70%,424.19%,1134.18%,644.27%,-15.25%,,7.37%,6.07%,4859.99,0.00,19.50,1.83%,743
1398,"ERET",0.40%,-2.47%,1.00%,-0.44%,9.89%,8.57%,22.42%,,,0.17%,0.32%,2.33,0.00,29.35,0.00%,0
1399,"ERO",11.24%,58.49%,34.18%,16.41%,41.63%,176.14%,94.03%,112.56%,,5.89%,4.93%,1304.62,0.03,40.07,2.11%,1648
1400,"EROC",4.07%,50.61%,,,-32.64%,,,,,8.86%,10.96%,2707.97,0.12,13.54,4.23%,16856
1401,"EROK",-2.30%,18.96%,10.47%,,6.91%,,,,,4.84%,5.48%,227.94,0.00,24.59,0.00%,0
1402,"ERX",-5.57%,10.82%,16.76%,22.45%,82.63%,81.85%,62.47%,339.09%,-67.84%,3.54%,3.67%,303.64,0.02,102.00,-1.56%,315
1403,"ESBG",0.70%,11.11%,1.55%,-6.45%,6.36%,,,,,0.03%,0.33%,0.45,0.00,22.55,0.00%,0
1404,"ESCA",-3.95%,0.20%,3.91%,37.92%,47.74%,54.62%,30.77%,-14.54%,64.71%,3.41%,4.88%,39.90,0.00,19.93,0.00%,0
1405,"ESEA",-0.16%,-2.34%,12.77%,18.16%,36.32%,17.34%,249.31%,307.66%,1391.25%,3.65%,4.10%,55.60,0.00,74.43,0.00%,0
1406,"ESG",-0.44%,3.34%,4.29%,12.61%,14.76%,20.32%,68.79%,66.27%,255.53%,0.09%,0.19%,0.79,0.00,181.60,0.00%,0
1407,"ESGD",0.63%,4.10%,3.53%,2.68%,12.75%,17.46%,52.03%,33.84%,89.89%,0.48%,0.66%,304.29,0.00,107.21,0.00%,0
1408,"ESGE",1.71%,7.80%,-1.01%,6.27%,22.39%,32.63%,73.94%,29.14%,92.70%,0.86%,1.28%,904.63,0.00,54.06,0.00%,0
1409,"ESGG",-0.58%,3.44%,4.14%,11.73%,16.55%,23.82%,73.21%,65.07%,215.96%,0.05%,0.25%,0.41,0.00,239.24,0.00%,0
1410,"ESGU",-0.27%,3.39%,2.59%,11.52%,12.73%,19.08%,73.49%,63.88%,,0.52%,0.76%,431.08,0.00,167.94,0.00%,0
1411,"ESGV",-0.26%,3.80%,2.26%,12.59%,12.19%,18.44%,75.45%,62.90%,,0.53%,0.84%,192.99,0.00,135.71,0.00%,0
1412,"ESIM",0.98%,3.69%,1.37%,6.82%,16.62%,,,,,1.46%,1.15%,17.91,0.00,29.61,0.00%,0
1413,"ESLG",-0.76%,3.85%,5.41%,15.18%,15.16%,,,,,0.61%,0.65%,5.74,0.00,28.74,0.00%,0
1414,"ESLV",-0.41%,1.35%,6.42%,7.94%,15.82%,,,,,0.31%,0.40%,3.98,0.00,29.36,0.00%,0
1415,"ESML",-0.87%,3.19%,5.08%,11.28%,21.01%,26.02%,59.29%,40.93%,,0.76%,1.04%,210.02,0.00,55.64,0.00%,0
1416,"ESMV",0.52%,3.69%,6.86%,8.52%,11.08%,10.76%,35.20%,,,0.01%,0.13%,0.45,0.00,32.03,0.00%,0
1417,"ESN",0.04%,2.50%,5.10%,13.27%,20.19%,24.95%,,,,0.42%,0.67%,78.77,0.00,20.63,0.00%,0
1418,"ESNT",0.80%,3.28%,17.06%,15.12%,7.05%,10.39%,37.61%,49.78%,155.94%,1.51%,2.20%,749.47,0.00,69.59,0.00%,0
1419,"ESP",-2.57%,8.26%,5.92%,7.59%,33.55%,41.69%,308.40%,342.41%,149.30%,3.92%,3.53%,47.62,0.00,62.94,0.00%,0
1420,"ESPO",-1.19%,3.41%,9.45%,3.69%,-6.17%,-15.62%,84.49%,48.98%,,0.70%,0.89%,17.21,0.00,97.21,0.00%,0
1421,"ESUM",-0.79%,2.96%,5.47%,11.81%,14.96%,16.09%,,,,0.61%,0.72%,32.23,0.00,30.96,0.00%,0
1422,"ET",1.30%,6.36%,10.63%,14.96%,30.29%,22.28%,63.26%,126.40%,18.12%,1.64%,1.61%,8952.58,0.00,21.49,0.26%,505
1423,"ETB",-0.26%,2.02%,1.10%,0.77%,2.29%,5.04%,18.24%,-2.84%,-1.39%,0.72%,1.11%,48.36,0.00,15.62,0.00%,0
1424,"ETFT",0.68%,3.57%,2.17%,3.29%,1.73%,,,,,0.17%,0.25%,1.60,0.00,10.14,0.00%,0
1425,"ETG",0.83%,5.72%,5.08%,3.73%,4.76%,17.13%,49.85%,10.76%,59.88%,1.10%,1.23%,98.15,0.00,24.20,0.00%,0
1426,"ETHB",17.63%,28.71%,20.48%,,20.16%,,,,,2.83%,2.42%,431.50,0.00,31.83,0.00%,0
1427,"ETHE",8.70%,33.77%,24.83%,23.24%,-16.46%,-45.97%,117.73%,-27.06%,,2.87%,2.49%,2264.03,2.81,20.36,2.26%,317959
1428,"ETHO",-0.34%,3.46%,7.79%,16.73%,25.67%,32.41%,57.89%,32.80%,204.53%,0.31%,0.61%,3.48,0.00,82.06,0.00%,0
1429,"ETN",3.10%,18.32%,6.53%,14.30%,34.43%,21.85%,90.93%,151.82%,536.02%,2.55%,3.50%,2309.95,0.05,428.17,2.08%,6126
1430,"ETO",0.38%,4.98%,3.70%,3.70%,4.25%,15.81%,41.69%,-1.04%,43.50%,0.85%,1.26%,31.67,0.00,31.64,0.00%,0
1431,"ETON",1.85%,34.20%,93.27%,254.79%,270.31%,258.65%,1185.83%,1157.43%,,5.50%,6.38%,530.80,0.00,62.62,0.00%,0
1432,"ETSS",-0.10%,0.61%,,,1.64%,,,,,0.12%,0.14%,13.15,0.00,9.93,0.00%,0
1433,"ETV",-0.39%,4.47%,3.48%,2.85%,5.71%,8.43%,22.12%,-5.58%,4.19%,1.18%,1.37%,156.82,0.00,15.18,0.00%,0
1434,"ETW",0.51%,5.12%,4.45%,3.68%,6.94%,10.91%,25.61%,-8.78%,-7.69%,0.63%,0.86%,259.39,0.00,9.86,0.00%,0
1435,"EUAD",-0.28%,4.59%,8.64%,-1.96%,9.19%,9.89%,,,,1.28%,1.31%,227.31,0.02,46.00,-0.37%,271
1436,"EUDG",0.42%,2.72%,3.52%,0.31%,7.57%,15.57%,36.05%,16.27%,81.42%,0.45%,0.37%,4.25,0.00,40.37,0.00%,0
1437,"EUDV",0.92%,2.70%,3.25%,1.11%,6.59%,5.90%,26.92%,0.09%,43.60%,0.13%,0.04%,0.32,0.00,55.69,0.00%,0
1438,"EUFN",1.60%,4.41%,9.79%,11.52%,14.88%,25.58%,125.33%,112.10%,153.63%,0.76%,0.86%,1321.89,0.00,42.61,0.00%,0
1439,"EURL",1.10%,10.35%,10.78%,0.89%,25.75%,46.47%,158.73%,33.87%,150.29%,1.36%,1.66%,16.55,0.00,51.84,0.00%,0
1440,"EUSA",-0.02%,2.19%,6.19%,10.01%,14.54%,15.89%,52.68%,36.36%,156.72%,0.60%,0.72%,71.85,0.00,118.40,0.00%,0
1441,"EVAC",0.19%,0.34%,1.08%,1.78%,2.49%,3.31%,,,,0.11%,0.11%,76.48,0.00,10.28,0.00%,0
1442,"EVER",4.19%,-3.94%,35.55%,60.10%,-3.41%,11.07%,369.91%,37.41%,,5.33%,5.44%,707.55,0.00,26.08,0.00%,0
1443,"EVLU",1.81%,6.23%,0.81%,12.42%,30.90%,46.98%,,,,0.40%,0.52%,3.30,0.00,41.97,0.00%,0
1444,"EVMU",36.72%,60.38%,27.67%,,25.31%,,,,,4.21%,2.93%,6.08,0.00,31.39,0.00%,0
1445,"EVNT",-0.35%,0.46%,3.00%,4.92%,6.60%,8.12%,31.92%,,,0.24%,0.26%,3.64,0.00,12.30,0.00%,0
1446,"EVOX",0.30%,0.70%,1.20%,1.20%,2.53%,,,,,0.07%,0.06%,54.12,0.00,10.12,0.00%,0
1447,"EVSB",0.11%,0.11%,0.05%,-0.19%,0.13%,-0.27%,,,,0.08%,0.09%,37.53,0.00,50.94,0.00%,0
1448,"EVSD",0.00%,0.25%,-0.29%,-1.45%,-1.01%,-1.09%,,,,0.08%,0.13%,159.28,0.00,50.92,0.00%,0
1449,"EVUS",0.57%,3.40%,5.96%,10.52%,16.48%,20.24%,52.49%,,,0.39%,0.58%,41.15,0.00,37.32,0.00%,0
1450,"EVV",8.85%,8.61%,4.90%,-0.76%,-0.71%,-4.56%,6.26%,-26.07%,-29.06%,1.00%,0.80%,415.59,0.00,9.84,8.25%,102
1451,"EVX",-1.15%,0.31%,4.33%,-1.41%,7.36%,2.96%,32.78%,40.51%,193.20%,0.69%,0.73%,7.59,0.00,41.04,0.00%,0
1452,"EW",0.27%,5.03%,4.78%,4.85%,5.65%,11.33%,18.25%,-22.61%,134.44%,2.09%,2.21%,4646.15,0.00,90.07,-0.78%,6
1453,"EWA",0.60%,2.83%,4.22%,-0.03%,15.12%,11.79%,40.10%,17.64%,45.86%,0.61%,0.74%,2169.48,0.00,30.15,0.00%,0
1454,"EWAV",0.20%,,,,0.51%,,,,,0.22%,,286.76,0.00,9.87,0.00%,0
1455,"EWC",0.65%,3.99%,6.81%,8.06%,15.39%,29.59%,85.15%,67.87%,143.09%,0.83%,0.84%,1705.28,0.00,62.23,0.00%,0
1456,"EWD",1.98%,5.04%,1.75%,-0.31%,9.61%,15.69%,65.27%,13.46%,88.47%,0.55%,0.86%,286.18,0.00,53.96,0.00%,0
1457,"EWG",-1.02%,3.65%,-0.05%,-2.45%,2.28%,3.77%,58.77%,25.06%,67.48%,0.47%,0.64%,1018.26,0.05,43.47,-1.92%,2610
1458,"EWH",0.17%,-0.04%,-0.69%,-3.86%,7.95%,6.90%,30.27%,-10.64%,9.59%,0.48%,0.64%,2980.00,0.00,22.94,0.00%,0
1459,"EWI",0.19%,4.10%,6.64%,9.27%,15.87%,22.42%,99.78%,93.34%,181.28%,0.48%,0.70%,419.91,0.00,62.95,0.00%,0
1460,"EWJ",1.62%,7.22%,3.34%,3.59%,18.65%,22.06%,60.04%,40.87%,96.35%,0.69%,1.10%,4921.74,0.00,95.80,0.38%,636
1461,"EWJV",1.61%,3.23%,4.75%,2.58%,19.20%,23.50%,73.00%,72.46%,,0.60%,1.05%,161.14,0.00,47.35,0.00%,0
1462,"EWK",1.63%,3.13%,2.36%,2.07%,14.28%,19.53%,54.12%,25.50%,52.52%,0.47%,0.71%,40.33,0.00,27.77,0.00%,0
1463,"EWL",-0.42%,1.52%,1.78%,-1.02%,7.05%,16.48%,40.86%,26.93%,112.55%,0.67%,0.73%,476.52,0.00,64.19,0.00%,0
1464,"EWM",1.83%,3.57%,-0.24%,-3.37%,5.99%,15.40%,38.29%,11.45%,-13.17%,0.84%,0.60%,269.54,0.00,29.00,0.00%,0
1465,"EWN",-0.42%,6.01%,3.26%,8.23%,21.02%,28.36%,69.83%,33.50%,180.00%,0.70%,1.09%,228.90,0.00,69.02,0.00%,0
1466,"EWO",1.85%,7.99%,8.65%,14.78%,25.01%,41.35%,122.54%,77.79%,184.96%,0.51%,0.88%,53.02,0.00,44.34,0.00%,0
1467,"EWP",0.83%,3.99%,8.79%,7.93%,16.64%,30.75%,124.73%,124.01%,140.50%,0.75%,0.91%,340.64,0.00,62.88,0.00%,0
1468,"EWQ",0.55%,3.60%,2.50%,-2.48%,4.80%,10.78%,26.61%,22.40%,97.53%,0.48%,0.64%,309.42,0.00,47.15,0.64%,2
1469,"EWS",1.64%,5.63%,16.11%,18.65%,24.21%,22.52%,87.44%,46.90%,58.49%,0.42%,0.57%,1034.19,0.00,34.17,0.00%,63
1470,"EWT",3.93%,20.97%,5.69%,42.05%,70.25%,86.19%,167.03%,113.34%,348.42%,1.05%,1.61%,5956.74,0.01,108.16,1.66%,4020
1471,"EWTX",-4.44%,9.99%,32.32%,47.34%,78.84%,203.97%,522.44%,214.53%,,5.47%,5.32%,1443.28,0.00,44.38,0.00%,0
1472,"EWU",0.60%,2.17%,3.45%,0.41%,11.10%,17.06%,55.21%,48.47%,54.72%,0.59%,0.64%,1354.78,0.00,48.86,0.00%,0
1473,"EWUS",0.97%,4.84%,6.61%,3.13%,10.08%,12.97%,44.60%,-6.99%,26.88%,0.41%,0.45%,4.51,0.00,46.08,0.00%,0
1474,"EWW",2.72%,2.62%,-1.60%,-3.86%,11.86%,25.20%,23.39%,55.86%,52.50%,1.75%,1.58%,1261.18,0.00,77.55,0.00%,5
1475,"EWX",2.13%,8.09%,-2.55%,3.95%,11.32%,10.11%,36.67%,23.92%,73.98%,0.40%,0.64%,23.59,0.00,73.09,0.00%,0
1476,"EWY",2.82%,27.02%,-11.25%,21.79%,88.42%,152.77%,195.40%,113.75%,225.89%,2.03%,3.54%,21975.46,0.28,183.18,2.23%,307611
1477,"EWZ",5.39%,1.44%,-0.36%,-7.98%,13.25%,24.40%,15.31%,-2.37%,9.60%,2.11%,1.86%,20861.85,0.00,35.98,0.73%,1664
1478,"EXE",0.88%,4.82%,3.56%,-8.82%,-12.18%,1.70%,15.09%,95.21%,,2.78%,2.55%,3642.51,0.00,96.92,0.36%,52
1479,"EXEL",3.14%,-0.73%,12.13%,25.36%,27.99%,46.32%,155.12%,194.64%,411.86%,2.24%,3.31%,2621.66,0.00,56.10,0.00%,0
1480,"EXG",0.51%,3.86%,5.40%,2.47%,4.41%,12.56%,30.07%,-4.27%,14.70%,0.70%,0.95%,426.96,0.00,9.95,0.00%,0
1481,"EXI",-0.04%,2.28%,3.19%,1.63%,15.21%,18.91%,72.04%,64.89%,175.55%,0.78%,0.88%,55.87,0.00,202.01,0.00%,0
1482,"EXK",-1.00%,43.65%,11.50%,-22.59%,15.53%,82.83%,275.78%,136.09%,130.57%,6.30%,5.66%,7198.77,0.03,10.86,-0.28%,9502
1483,"EXLS",1.30%,22.83%,30.48%,30.80%,-11.64%,-13.95%,29.44%,58.66%,273.28%,2.25%,3.85%,2588.95,0.00,37.50,0.00%,0
1484,"EXPD",1.53%,11.24%,19.06%,30.78%,27.01%,54.71%,65.55%,51.93%,270.59%,1.75%,2.61%,1225.64,0.00,189.26,-0.48%,34
1485,"EXPE",2.71%,9.43%,46.32%,52.78%,17.52%,56.90%,211.35%,126.90%,198.99%,2.93%,4.01%,1565.94,0.02,332.96,-0.14%,1757
1486,"EXUS",0.16%,4.45%,3.86%,5.30%,11.14%,12.17%,,,,0.44%,0.96%,18.93,0.00,28.90,0.00%,0
1487,"EYES",-1.70%,10.21%,11.00%,,16.51%,,,,,0.57%,1.00%,4.19,0.00,29.29,0.00%,0
1488,"EYLD",1.38%,8.21%,4.27%,7.76%,26.85%,30.07%,70.30%,35.22%,101.25%,0.81%,1.28%,107.56,0.00,48.62,0.00%,0
1489,"EZA",1.98%,15.65%,4.02%,-10.70%,4.19%,23.37%,78.75%,52.48%,41.26%,1.39%,1.43%,189.69,0.00,71.68,0.00%,0
1490,"EZJ",1.43%,12.07%,4.69%,-0.26%,28.88%,40.33%,106.21%,44.64%,137.62%,0.38%,0.78%,3.01,0.00,66.84,0.00%,0
1491,"EZM",0.19%,0.49%,4.66%,8.64%,14.98%,16.30%,47.04%,44.52%,140.20%,0.55%,0.78%,17.05,0.00,76.81,0.00%,0
1492,"EZPW",17.18%,15.97%,4.82%,27.65%,73.53%,105.49%,287.36%,397.78%,238.01%,7.55%,5.24%,1102.94,0.00,33.70,-0.59%,4
1493,"EZU",0.27%,4.74%,3.49%,3.13%,11.39%,18.58%,61.72%,42.16%,109.72%,0.80%,0.81%,891.53,0.00,71.40,0.00%,0
1494,"FA",-4.19%,-5.44%,27.92%,73.99%,39.99%,23.42%,48.14%,-3.69%,,2.73%,4.92%,2105.90,0.00,20.34,-0.88%,227
1495,"FAAA",0.26%,0.22%,0.32%,0.49%,0.75%,,,,,0.14%,0.10%,35.08,0.00,50.46,0.00%,0
1496,"FAB",-0.08%,0.61%,9.07%,10.43%,20.68%,23.20%,50.42%,49.46%,136.53%,0.45%,0.66%,14.31,0.00,107.60,0.00%,0
1497,"FACT",0.09%,0.19%,0.19%,2.00%,2.69%,3.79%,,,,0.10%,0.07%,46.04,0.00,10.69,0.00%,0
1498,"FAF",1.17%,-6.99%,9.03%,8.87%,19.84%,11.22%,23.02%,5.25%,71.83%,1.71%,2.10%,884.37,0.00,73.63,0.00%,0
1499,"FAI",0.27%,11.57%,0.86%,33.62%,30.34%,45.86%,,,,1.12%,2.43%,62.08,0.00,53.53,0.00%,0
1500,"FALN",0.07%,0.52%,0.04%,-1.92%,-0.77%,-0.86%,8.39%,-9.51%,3.68%,0.21%,0.23%,878.03,0.00,27.09,0.00%,0
1501,"FANG",-6.09%,-0.48%,2.08%,18.68%,31.82%,34.75%,38.00%,185.89%,127.48%,2.88%,2.63%,2227.04,0.00,198.17,-0.84%,147
1502,"FAPR",-0.15%,1.91%,2.16%,6.07%,7.14%,10.58%,45.32%,51.56%,,0.29%,0.34%,49.88,0.00,47.59,0.00%,0
1503,"FARX",0.03%,2.33%,1.58%,4.17%,10.19%,14.86%,,,,0.06%,0.08%,1.37,0.00,29.65,0.00%,0
1504,"FAS",4.83%,5.52%,39.60%,26.40%,7.67%,9.71%,207.75%,51.37%,562.90%,2.82%,2.97%,506.51,0.02,181.23,-1.76%,418
1505,"FAST",0.28%,6.32%,13.49%,11.21%,26.59%,1.20%,78.86%,83.65%,371.18%,1.88%,2.18%,7784.73,0.01,50.80,-0.68%,1957
1506,"FATN",-2.69%,16.80%,-21.93%,288.31%,196.04%,2.05%,,,,5.68%,10.55%,233.91,0.00,5.98,0.84%,30
1507,"FAUG",0.23%,1.55%,2.84%,7.54%,8.84%,13.39%,51.54%,54.69%,,0.19%,0.19%,50.94,0.00,57.63,0.00%,0
1508,"FB",-0.13%,1.35%,0.85%,5.41%,6.61%,9.95%,,,,0.04%,0.63%,2.53,0.00,44.99,0.00%,0
1509,"FBCG",-0.65%,4.97%,-1.22%,13.38%,12.00%,19.59%,107.82%,82.04%,,1.04%,1.43%,610.67,0.00,61.42,0.00%,0
1510,"FBCV",0.66%,3.87%,10.01%,14.44%,21.05%,27.73%,53.77%,52.30%,,0.64%,0.93%,13.58,0.00,43.18,0.00%,0
1511,"FBIZ",1.84%,1.78%,22.07%,23.54%,28.73%,34.27%,119.47%,153.72%,209.30%,1.98%,2.35%,57.14,0.00,69.90,0.00%,0
1512,"FBLA",1.48%,1.22%,11.64%,18.50%,23.11%,33.39%,,,,1.28%,2.01%,78.89,0.00,15.82,0.00%,0
1513,"FBOT",-0.27%,8.24%,0.04%,5.96%,18.89%,24.48%,74.52%,,,0.79%,1.11%,18.74,0.00,39.63,0.00%,0
1514,"FBP",-1.19%,-3.99%,16.20%,26.04%,35.65%,26.10%,106.01%,124.24%,477.41%,1.47%,1.59%,1531.25,0.00,28.12,0.00%,0
1515,"FBRX",0.12%,0.44%,258.59%,170.71%,182.32%,583.75%,266.62%,-88.73%,,0.08%,0.17%,1329.69,0.00,76.99,0.00%,0
1516,"FBT",0.07%,8.26%,26.41%,29.72%,31.74%,58.26%,77.49%,57.96%,178.87%,1.07%,1.38%,69.93,0.00,272.07,0.00%,0
1517,"FBUF",-0.28%,1.96%,3.28%,6.48%,8.03%,14.61%,,,,0.32%,0.39%,8.11,0.00,33.37,0.00%,0
1518,"FCA",1.27%,1.83%,-11.85%,-19.29%,-2.56%,-2.94%,44.44%,-7.53%,33.92%,0.70%,0.85%,54.70,0.00,27.55,0.00%,0
1519,"FCBC",-0.03%,2.90%,14.27%,20.35%,49.77%,32.87%,71.22%,66.54%,125.28%,2.01%,2.32%,91.07,0.11,49.02,0.00%,513
1520,"FCEF",-0.02%,2.87%,1.95%,2.18%,5.93%,7.92%,27.55%,-2.66%,,0.62%,0.63%,19.46,0.00,24.19,0.00%,0
1521,"FCFS",6.71%,8.66%,-1.58%,16.09%,37.87%,47.87%,145.78%,155.74%,323.86%,6.69%,3.89%,476.01,0.00,219.73,-0.04%,11
1522,"FCFY",0.32%,3.80%,8.71%,14.46%,9.91%,14.45%,51.83%,,,0.32%,0.37%,0.45,0.00,30.40,0.00%,0
1523,"FCG",-1.96%,8.09%,7.64%,14.35%,32.42%,30.36%,20.16%,120.64%,19.05%,1.87%,2.00%,760.38,0.00,31.00,1.31%,171
1524,"FCLD",-1.11%,13.33%,19.35%,53.29%,45.00%,59.21%,124.60%,,,1.49%,1.97%,28.13,0.00,43.09,0.00%,0
1525,"FCLO",0.28%,0.21%,0.30%,0.62%,0.73%,,,,,0.12%,0.15%,17.80,0.00,50.49,0.00%,0
1526,"FCNCA",1.17%,0.21%,8.33%,8.76%,1.41%,7.07%,59.83%,143.16%,683.42%,1.80%,2.01%,76.29,0.24,2176.35,-0.04%,916
1527,"FCOM",1.23%,1.53%,-5.56%,-1.54%,-3.17%,4.78%,78.11%,28.20%,146.87%,1.03%,1.38%,191.01,0.00,70.96,0.00%,0
1528,"FCPI",-0.30%,5.02%,5.03%,8.99%,15.12%,18.54%,73.24%,82.51%,,0.47%,0.65%,20.91,0.00,56.96,0.00%,0
1529,"FCRS",0.00%,0.00%,-0.10%,1.49%,1.29%,,,,,0.11%,0.17%,64.57,0.00,10.23,0.00%,0
1530,"FCSH",0.01%,0.37%,-0.49%,-2.01%,-1.29%,-1.35%,3.52%,,,0.16%,0.13%,1.53,0.00,24.13,0.00%,0
1531,"FCTR",0.63%,7.94%,2.37%,9.41%,14.53%,19.85%,64.27%,14.08%,,0.28%,0.70%,2.26,0.00,40.85,0.00%,0
1532,"FCX",10.01%,30.61%,19.09%,14.85%,54.81%,79.55%,108.42%,121.53%,643.92%,3.96%,3.57%,14617.59,0.03,78.35,-0.82%,18297
1533,"FCXG",30.23%,59.44%,40.45%,7.16%,33.11%,,,,,6.91%,5.89%,41.07,0.00,19.37,0.00%,0
1534,"FDAT",-0.01%,2.42%,3.85%,0.47%,5.76%,5.07%,12.18%,,,0.35%,0.42%,0.81,0.00,22.83,0.00%,0
1535,"FDCF",-0.04%,3.91%,0.24%,9.07%,4.79%,7.35%,101.57%,,,0.56%,0.92%,8.00,0.00,50.38,0.00%,0
1536,"FDD",0.39%,5.23%,4.11%,8.51%,17.37%,25.70%,84.71%,39.16%,73.33%,0.58%,0.65%,143.00,0.00,20.54,0.00%,0
1537,"FDEC",-0.08%,1.97%,2.52%,7.44%,8.65%,15.54%,54.77%,65.19%,,0.28%,0.34%,54.19,0.00,55.61,0.00%,0
1538,"FDEM",1.50%,6.34%,-1.97%,2.98%,17.43%,24.27%,61.02%,37.11%,,0.78%,1.20%,77.01,0.00,36.26,0.00%,0
1539,"FDEV",0.24%,2.72%,4.76%,1.05%,9.78%,15.31%,49.73%,26.69%,,0.56%,0.67%,32.10,0.00,37.99,0.00%,0
1540,"FDFF",2.27%,6.63%,14.84%,16.43%,7.05%,1.00%,48.05%,,,0.66%,0.83%,3.64,0.00,38.13,0.00%,0
1541,"FDG",1.74%,10.14%,-5.40%,10.62%,4.62%,14.00%,104.76%,53.17%,,0.79%,1.22%,13.63,0.00,132.71,0.44%,3
1542,"FDHY",0.25%,0.57%,-0.12%,-0.65%,-0.10%,0.02%,6.15%,-10.32%,,0.26%,0.30%,79.58,0.00,49.28,0.00%,0
1543,"FDIF",0.13%,9.03%,8.24%,17.96%,16.56%,20.47%,77.38%,,,0.48%,0.66%,8.31,0.00,41.74,0.00%,0
1544,"FDIG",7.37%,9.14%,-4.86%,21.11%,16.04%,12.05%,159.58%,,,2.54%,3.09%,36.56,0.00,44.71,0.00%,0
1545,"FDIQ",2.65%,2.90%,9.59%,7.11%,22.47%,20.57%,65.60%,28.23%,73.29%,0.45%,0.60%,4.05,0.00,75.73,0.00%,0
1546,"FDIS",-1.29%,2.99%,-2.33%,2.27%,0.16%,1.45%,43.06%,25.50%,222.37%,0.79%,1.10%,85.48,0.00,102.32,0.00%,0
1547,"FDIV",0.70%,0.20%,4.35%,0.91%,5.70%,4.83%,,,,0.32%,0.51%,17.51,0.00,28.63,0.00%,0
1548,"FDL",-0.06%,1.73%,6.20%,5.22%,20.48%,20.97%,55.79%,58.05%,95.43%,0.75%,1.00%,849.13,0.00,53.42,0.00%,0
1549,"FDLO",0.09%,1.95%,4.04%,7.33%,9.33%,13.15%,45.68%,47.85%,,0.48%,0.68%,48.57,0.00,72.98,0.00%,0
1550,"FDLS",0.02%,2.73%,5.03%,9.97%,21.01%,27.21%,59.48%,,,0.96%,1.02%,36.99,0.00,43.25,0.00%,0
1551,"FDMM",0.82%,,,,0.30%,,,,,0.00%,,2.13,0.00,9.88,0.00%,0
1552,"FDN",0.68%,7.46%,5.04%,20.14%,7.08%,5.60%,77.77%,17.79%,265.34%,1.00%,1.54%,331.75,0.00,288.25,0.00%,0
1553,"FDND",0.16%,6.50%,3.09%,13.47%,0.12%,-4.32%,,,,0.19%,0.49%,2.77,0.00,22.54,0.00%,0
1554,"FDNI",-1.29%,3.05%,3.08%,-4.94%,-16.60%,-21.14%,31.62%,-33.07%,,0.63%,0.99%,26.04,0.00,28.29,0.00%,0
1555,"FDRR",-0.46%,2.20%,5.47%,10.56%,13.62%,20.94%,68.24%,60.82%,,0.68%,0.86%,16.61,0.00,69.33,0.00%,0
1556,"FDRS",0.95%,10.37%,3.33%,13.17%,0.25%,,,,,0.34%,1.29%,75.47,0.00,24.49,0.00%,0
1557,"FDRX",1.59%,19.92%,1.63%,16.29%,-11.25%,,,,,0.00%,0.71%,12.00,0.00,22.67,0.00%,0
1558,"FDSB",-1.08%,2.82%,20.38%,20.70%,21.67%,31.77%,,,,0.94%,1.00%,9.76,0.00,18.25,0.00%,0
1559,"FDT",1.27%,7.94%,-3.40%,-1.16%,20.87%,31.13%,86.79%,54.35%,99.90%,0.73%,1.08%,126.02,0.00,96.03,0.00%,0
1560,"FDTS",0.75%,10.97%,1.22%,-1.86%,21.01%,29.92%,83.67%,50.76%,108.65%,0.23%,0.39%,1.03,0.00,70.63,0.00%,0
1561,"FDTX",0.02%,12.45%,2.87%,37.54%,33.27%,39.82%,122.34%,,,1.54%,2.26%,57.00,0.00,54.29,0.00%,0
1562,"FDUS",-0.25%,-2.43%,5.25%,7.95%,3.64%,-5.35%,13.14%,31.61%,48.41%,0.93%,1.76%,369.73,0.00,19.70,0.00%,0
1563,"FDV",-0.65%,0.83%,7.60%,6.48%,18.25%,17.87%,44.88%,,,0.69%,1.08%,129.64,0.00,33.83,0.00%,0
1564,"FDVV",0.43%,1.18%,3.65%,6.58%,11.70%,14.65%,58.66%,63.41%,,0.45%,0.71%,764.88,0.00,63.32,0.17%,19
1565,"FDX",2.53%,8.32%,0.91%,7.08%,43.72%,78.78%,60.46%,54.96%,151.68%,2.59%,2.33%,1900.09,0.01,334.30,-0.50%,643
1566,"FEAC",-2.29%,2.86%,3.58%,12.35%,14.53%,21.68%,,,,0.20%,0.54%,13.96,0.00,33.27,0.00%,0
1567,"FEBM",0.06%,0.86%,1.40%,3.10%,4.04%,6.54%,,,,0.13%,0.10%,2.03,0.00,31.60,0.00%,0
1568,"FEBP",-0.01%,1.91%,2.45%,7.13%,9.08%,14.67%,,,,0.12%,0.20%,3.66,0.00,34.75,0.00%,0
1569,"FEBT",-0.04%,2.13%,2.54%,7.83%,10.26%,15.94%,56.50%,,,0.25%,0.35%,11.67,0.00,42.01,0.00%,0
1570,"FEBU",-0.35%,2.49%,1.05%,7.45%,8.89%,13.94%,,,,0.28%,0.19%,2.50,0.00,30.16,0.00%,0
1571,"FEBW",0.07%,1.41%,2.06%,5.31%,6.47%,10.64%,37.02%,,,0.20%,0.27%,8.33,0.00,36.16,0.00%,0
1572,"FEBZ",-0.18%,2.42%,1.40%,7.91%,8.93%,11.20%,40.26%,50.54%,,1.00%,0.33%,5.34,0.00,41.01,0.00%,0
1573,"FEDM",0.90%,4.92%,6.48%,4.33%,12.89%,18.56%,50.58%,,,0.14%,0.11%,1.06,0.00,66.69,0.00%,0
1574,"FEGE",1.16%,5.24%,6.44%,3.95%,15.63%,26.14%,,,,0.67%,0.83%,329.29,0.00,53.22,0.00%,0
1575,"FELC",-0.48%,3.25%,3.42%,12.38%,13.94%,20.67%,,,,0.57%,0.81%,845.13,0.00,43.49,0.00%,0
1576,"FELG",-0.77%,4.45%,-1.84%,8.29%,4.65%,11.64%,,,,0.82%,1.20%,455.26,0.00,43.64,0.00%,0
1577,"FELV",-0.09%,2.63%,9.51%,16.80%,23.98%,30.25%,,,,0.76%,0.78%,166.03,0.00,42.97,0.00%,0
1578,"FEM",1.23%,8.06%,-0.32%,4.14%,20.70%,23.73%,53.62%,22.47%,58.94%,0.58%,0.83%,102.23,0.00,33.01,0.00%,0
1579,"FEMB",-0.43%,2.16%,1.90%,-3.69%,-0.13%,2.59%,5.72%,-11.55%,-32.61%,1.03%,0.97%,90.10,0.00,29.76,0.00%,0
1580,"FEMG",-0.61%,4.87%,3.15%,,6.30%,,,,,0.54%,0.77%,1.95,0.00,26.60,0.00%,0
1581,"FEMR",1.23%,7.18%,-3.32%,6.72%,26.09%,40.13%,,,,0.72%,1.16%,46.79,0.00,41.03,0.00%,0
1582,"FEMS",2.43%,8.08%,0.30%,-2.00%,11.74%,7.37%,22.24%,6.73%,46.89%,1.51%,1.27%,42.11,0.00,47.04,0.00%,0
1583,"FEMV",0.36%,1.95%,8.83%,,11.72%,,,,,0.27%,0.45%,1.55,0.00,27.93,0.00%,0
1584,"FENC",2.53%,22.43%,22.07%,37.20%,58.05%,40.21%,48.41%,52.70%,476.78%,5.80%,6.29%,237.86,0.00,12.17,0.00%,0
1585,"FENI",0.26%,4.52%,3.55%,1.93%,13.89%,20.96%,,,,0.52%,0.69%,1396.28,0.00,41.66,0.00%,0
1586,"FENY",-1.73%,8.53%,9.39%,13.92%,39.73%,42.02%,43.85%,164.20%,77.03%,1.67%,1.79%,1494.07,0.00,34.61,0.00%,0
1587,"FEOE",0.80%,3.74%,4.24%,2.21%,16.91%,28.21%,,,,1.09%,0.96%,292.77,0.00,56.54,0.00%,0
1588,"FEP",0.98%,4.91%,2.02%,2.33%,12.90%,20.70%,79.44%,37.59%,107.13%,0.59%,0.68%,22.23,0.00,60.69,0.00%,0
1589,"FERA",0.19%,0.48%,1.06%,2.04%,1.94%,3.35%,,,,0.04%,0.06%,78.05,0.00,10.49,0.00%,0
1590,"FESM",-0.79%,1.66%,4.86%,18.31%,26.76%,35.67%,,,,0.79%,1.01%,843.95,0.00,47.89,0.00%,0
1591,"FET",-7.15%,44.14%,40.94%,28.14%,104.60%,205.33%,228.12%,293.75%,-79.15%,4.57%,5.93%,187.60,0.00,75.60,0.00%,0
1592,"FEUS",-0.04%,4.13%,3.16%,13.59%,12.92%,19.21%,67.71%,,,0.08%,0.13%,1.34,0.00,84.10,0.00%,0
1593,"FEUZ",0.92%,4.20%,0.59%,1.82%,12.55%,18.73%,79.41%,44.06%,113.68%,0.32%,0.52%,3.30,0.00,69.11,0.00%,0
1594,"FEX",-0.19%,2.18%,3.99%,10.01%,17.99%,21.90%,68.64%,57.32%,198.66%,0.50%,0.74%,25.54,0.00,139.95,0.00%,0
1595,"FEZ",0.10%,5.10%,5.09%,3.36%,11.31%,19.53%,62.96%,51.33%,119.38%,0.52%,0.68%,1094.07,0.00,71.67,0.00%,0
1596,"FFA",-0.69%,3.54%,0.30%,4.86%,4.86%,8.92%,32.55%,9.69%,76.62%,0.79%,0.97%,28.80,0.00,23.09,0.00%,1
1597,"FFC",1.74%,3.14%,2.24%,-1.32%,-0.48%,1.50%,22.39%,-28.11%,-23.39%,1.00%,0.83%,106.63,0.39,16.43,2.56%,2059
1598,"FFDI",0.68%,5.10%,2.98%,1.94%,9.66%,11.64%,,,,0.19%,0.29%,2.69,0.00,33.13,0.00%,0
1599,"FFEB",-0.04%,1.93%,2.37%,7.16%,9.96%,15.36%,56.86%,67.86%,,0.33%,0.32%,23.21,0.00,62.26,0.00%,0
1600,"FFEM",1.69%,7.12%,-2.02%,8.40%,27.37%,44.22%,,,,0.64%,1.14%,18.77,0.00,42.56,0.00%,0
1601,"FFF",0.63%,9.50%,8.33%,19.52%,5.10%,,,,,0.76%,1.28%,3.42,0.00,26.00,0.00%,0
1602,"FFGX",1.17%,6.27%,1.60%,3.95%,14.98%,20.73%,,,,0.23%,0.41%,15.93,0.00,35.03,0.00%,0
1603,"FFLC",-0.20%,2.73%,1.79%,8.76%,12.16%,17.40%,80.27%,103.84%,,0.45%,0.75%,88.76,0.00,59.85,0.00%,0
1604,"FFLS",-1.24%,5.46%,2.24%,4.70%,1.17%,-2.15%,32.46%,,,0.41%,0.52%,5.96,0.00,23.49,0.00%,0
1605,"FFLV",-0.09%,1.69%,7.50%,11.01%,19.28%,27.14%,,,,0.34%,0.47%,3.81,0.00,29.13,0.00%,0
1606,"FFND",-0.62%,3.71%,4.20%,8.12%,10.95%,14.59%,76.85%,32.58%,,0.34%,0.42%,8.96,0.00,33.36,0.00%,0
1607,"FFOX",-1.31%,3.65%,6.77%,4.58%,10.45%,13.25%,,,,0.59%,0.90%,17.17,0.00,30.12,0.00%,0
1608,"FFUT",0.39%,1.49%,3.79%,8.58%,14.56%,21.10%,,,,2.08%,1.68%,37.55,0.00,61.21,0.00%,0
1609,"FGD",0.17%,3.34%,5.18%,3.86%,17.38%,22.22%,69.76%,35.51%,52.40%,0.40%,0.56%,187.13,0.15,35.53,-0.50%,1416
1610,"FGDL",2.03%,14.32%,3.48%,-10.96%,6.30%,34.84%,139.36%,,,1.19%,1.18%,21.11,0.00,61.23,0.00%,0
1611,"FGII",0.00%,0.40%,0.91%,,0.91%,,,,,0.02%,0.06%,26.42,0.00,9.99,0.00%,0
1612,"FGM",1.39%,2.32%,-4.21%,-8.20%,2.67%,11.03%,69.78%,10.20%,72.53%,0.30%,0.31%,2.39,0.00,64.02,0.00%,0
1613,"FGRU",-1.64%,65.46%,-5.75%,-36.16%,-47.97%,,,,,12.72%,14.35%,64.26,0.00,13.33,0.00%,0
1614,"FGSI",-0.28%,3.41%,5.44%,5.13%,5.57%,3.79%,,,,0.18%,0.12%,0.41,0.00,21.22,0.00%,0
1615,"FGSM",0.19%,3.76%,4.40%,7.84%,19.42%,24.61%,,,,0.43%,0.46%,2.60,0.00,35.94,0.00%,0
1616,"FHDG",-0.19%,2.43%,2.76%,6.96%,9.24%,14.28%,,,,0.19%,0.27%,34.90,0.00,37.06,0.00%,0
1617,"FHEQ",-0.47%,2.50%,1.80%,9.76%,9.90%,14.07%,,,,0.49%,0.70%,80.95,0.00,33.97,0.00%,0
1618,"FHI",1.73%,7.53%,14.41%,15.45%,25.00%,20.63%,95.41%,99.18%,127.20%,1.90%,2.70%,621.88,0.00,65.09,0.00%,0
1619,"FHIL",0.63%,3.77%,,,-0.08%,,,,,0.00%,0.10%,2.10,0.00,25.23,0.00%,0
1620,"FHLC",-1.02%,4.10%,17.36%,11.92%,13.52%,28.79%,33.82%,25.57%,143.07%,1.18%,1.35%,211.72,0.00,84.32,0.00%,0
1621,"FHYS",0.20%,0.33%,-0.47%,-1.07%,-0.86%,-1.09%,2.46%,,,0.22%,0.34%,19.76,0.00,23.08,0.00%,0
1622,"FICS",0.71%,0.83%,4.04%,1.54%,6.66%,10.99%,36.80%,19.19%,,0.43%,0.46%,13.53,0.00,42.78,0.00%,0
1623,"FID",0.71%,3.88%,4.58%,3.29%,13.25%,17.03%,54.95%,29.05%,34.76%,0.47%,0.62%,15.26,0.00,23.27,0.00%,0
1624,"FIDI",0.30%,2.16%,4.50%,2.55%,13.87%,20.77%,56.03%,43.23%,,0.48%,0.57%,70.71,0.00,29.50,0.00%,0
1625,"FIGR",3.61%,49.62%,7.57%,9.75%,-8.52%,,,,,7.15%,7.71%,3959.77,0.02,37.36,0.76%,4110
1626,"FIGS",5.04%,47.34%,19.65%,38.87%,33.98%,117.43%,138.93%,-58.05%,,4.67%,5.53%,3048.74,0.00,15.22,0.00%,0
1627,"FIGX",0.49%,0.98%,1.27%,2.22%,2.88%,3.29%,,,,0.16%,0.07%,36.29,0.00,10.35,0.00%,0
1628,"FINA",-0.16%,3.51%,,,2.90%,,,,,0.14%,0.49%,1869.76,0.00,25.72,0.00%,0
1629,"FINT",0.95%,4.96%,2.58%,4.77%,17.63%,25.04%,,,,0.32%,0.45%,5.21,0.00,37.14,0.00%,0
1630,"FINW",2.10%,3.11%,2.10%,-14.98%,-18.96%,-25.25%,50.50%,,,4.06%,3.40%,30.73,0.00,14.54,3.85%,2
1631,"FINX",3.63%,6.10%,10.64%,14.02%,-6.12%,-17.63%,31.69%,-44.34%,,1.68%,1.96%,86.62,0.00,27.63,0.00%,0
1632,"FINY",0.32%,0.40%,2.48%,,2.22%,,,,,0.28%,0.24%,0.88,0.00,25.66,0.00%,0
1633,"FISI",0.22%,-0.90%,14.16%,24.26%,31.15%,48.09%,133.20%,27.07%,55.32%,1.60%,1.78%,171.18,0.40,40.88,0.20%,3417
1634,"FITZ",-2.11%,4.06%,,,0.28%,,,,,0.89%,0.96%,120.94,0.00,25.10,0.00%,0
1635,"FIVA",0.70%,4.07%,5.38%,5.47%,17.24%,30.55%,73.87%,65.08%,,0.61%,0.78%,87.13,0.00,40.13,0.00%,0
1636,"FIVE",6.31%,23.73%,19.15%,15.35%,36.63%,81.26%,44.82%,14.65%,454.63%,4.18%,3.81%,1258.07,0.00,257.35,0.00%,0
1637,"FIW",-0.46%,-0.28%,7.69%,-1.52%,2.40%,-2.51%,26.51%,24.25%,197.68%,1.05%,1.16%,46.99,0.00,111.25,0.00%,0
1638,"FIXP",-0.20%,-0.18%,0.04%,-0.23%,-0.25%,0.10%,,,,0.36%,0.30%,1.25,0.00,19.89,0.00%,0
1639,"FIYY",0.08%,0.90%,0.43%,,-1.83%,,,,,0.00%,0.04%,0.05,0.00,24.61,0.00%,0
1640,"FJAN",-0.05%,2.15%,2.52%,7.61%,8.86%,14.80%,52.05%,69.32%,,0.29%,0.37%,27.13,0.00,56.33,0.00%,0
1641,"FJDIU",0.30%,,,,0.10%,,,,,0.15%,,319.87,0.00,9.98,0.00%,0
1642,"FJP",0.61%,5.66%,-1.46%,-6.62%,13.94%,18.63%,56.84%,51.27%,63.09%,1.19%,1.48%,9.39,0.00,76.54,0.00%,0
1643,"FJUL",-0.05%,2.23%,3.49%,8.02%,9.33%,13.96%,56.87%,73.25%,,0.30%,0.45%,41.66,0.00,61.13,0.00%,0
1644,"FJUN",-0.17%,2.21%,2.47%,5.65%,7.12%,11.05%,48.03%,66.13%,,0.39%,0.51%,78.54,0.00,61.12,0.00%,0
1645,"FKU",1.39%,4.30%,5.86%,1.01%,12.56%,19.62%,73.59%,27.88%,63.82%,1.15%,0.60%,2.16,0.00,57.30,0.00%,0
1646,"FLAG",-0.32%,1.98%,4.75%,5.27%,4.54%,6.28%,,,,0.05%,0.05%,0.33,0.00,28.93,0.00%,0
1647,"FLAO",0.11%,0.78%,1.62%,-0.63%,0.61%,2.79%,,,,0.02%,0.04%,0.26,0.00,28.60,0.00%,0
1648,"FLAU",0.61%,3.35%,4.46%,0.59%,14.63%,12.15%,41.92%,19.13%,,0.45%,0.93%,61.74,0.00,36.04,0.00%,0
1649,"FLAX",1.45%,8.09%,-2.01%,7.71%,23.59%,33.83%,76.90%,35.16%,,0.39%,0.71%,9.48,0.00,36.62,0.00%,0
1650,"FLBR",3.65%,-2.10%,-3.44%,-9.85%,14.86%,23.75%,16.76%,-2.05%,,1.88%,1.66%,174.96,0.00,21.88,0.00%,0
1651,"FLCA",0.56%,3.86%,6.61%,7.98%,14.89%,28.68%,83.44%,68.04%,,0.90%,0.83%,55.25,0.00,55.49,0.00%,0
1652,"FLCC",-0.61%,3.01%,4.37%,13.70%,13.07%,17.01%,,,,0.48%,0.78%,21.76,0.00,36.74,0.00%,0
1653,"FLCE",-0.17%,2.97%,3.24%,9.71%,11.46%,17.25%,,,,0.26%,0.38%,4.25,0.00,31.88,0.00%,0
1654,"FLCG",-0.72%,4.74%,0.73%,8.89%,4.81%,10.63%,,,,0.95%,1.22%,63.10,0.00,34.66,0.00%,0
1655,"FLCH",-0.60%,0.74%,-1.58%,-10.13%,-8.49%,-10.81%,26.12%,-20.37%,,0.56%,0.72%,114.57,0.00,21.78,0.00%,0
1656,"FLCV",-0.56%,2.53%,8.57%,16.59%,21.70%,25.27%,,,,0.46%,0.60%,27.16,0.00,37.86,0.00%,0
1657,"FLDB",0.06%,0.03%,0.02%,-0.26%,0.06%,-0.45%,,,,0.20%,0.25%,7.57,0.00,50.42,0.00%,0
1658,"FLDR",0.09%,-0.02%,-0.06%,-0.51%,-0.12%,-0.32%,0.66%,-1.46%,,0.08%,0.10%,355.70,0.00,50.17,0.00%,0
1659,"FLEE",0.69%,3.62%,2.75%,1.39%,10.39%,17.55%,53.89%,36.44%,,0.33%,0.42%,15.23,0.00,40.34,0.00%,0
1660,"FLEL",-3.23%,,,,-10.13%,,,,,0.36%,,0.58,0.00,12.74,0.00%,0
1661,"FLEU",0.63%,5.03%,4.09%,3.15%,11.29%,18.16%,61.69%,30.16%,,0.36%,0.50%,5.80,0.00,37.01,0.00%,0
1662,"FLGB",0.80%,2.37%,4.23%,1.40%,11.61%,17.38%,57.95%,49.48%,,0.57%,0.61%,117.14,0.00,37.67,0.00%,0
1663,"FLGR",0.58%,5.66%,0.33%,-1.20%,2.97%,3.62%,62.09%,27.60%,,0.35%,0.41%,4.29,0.00,34.53,0.00%,0
1664,"FLHY",0.33%,0.75%,-0.16%,-1.10%,-0.55%,-0.45%,7.57%,-7.43%,,0.17%,0.19%,236.98,0.00,24.28,0.00%,0
1665,"FLIN",0.34%,0.93%,2.73%,-4.84%,-7.31%,-5.27%,14.41%,15.12%,,0.40%,0.46%,721.37,0.00,35.77,0.00%,0
1666,"FLJH",1.44%,4.04%,2.57%,6.08%,21.74%,33.69%,76.93%,115.52%,,0.52%,0.94%,31.26,0.00,45.86,0.00%,1
1667,"FLJJ",-0.18%,1.55%,2.32%,6.16%,7.25%,11.29%,,,,0.05%,0.11%,0.81,0.00,34.33,0.00%,0
1668,"FLJP",0.72%,5.80%,2.83%,2.73%,18.08%,19.54%,54.32%,36.74%,,0.65%,1.03%,1045.93,0.00,40.68,0.00%,0
1669,"FLKR",2.87%,18.78%,-7.65%,22.37%,84.68%,140.81%,178.65%,101.06%,,1.92%,3.35%,834.50,0.00,59.19,0.00%,0
1670,"FLLA",3.49%,0.34%,-2.63%,-7.13%,13.54%,25.99%,21.01%,14.67%,,1.37%,1.21%,30.68,0.00,27.35,0.00%,0
1671,"FLMX",3.15%,0.62%,-3.47%,-4.84%,11.04%,25.12%,21.61%,53.01%,,1.24%,1.02%,9.65,0.00,37.59,0.00%,0
1672,"FLN",2.89%,-0.44%,-0.86%,-6.11%,13.14%,27.38%,32.44%,32.03%,42.17%,0.78%,1.20%,11.07,0.00,25.66,0.00%,0
1673,"FLOT",0.12%,-0.04%,-0.02%,0.00%,0.33%,0.00%,0.41%,0.51%,0.63%,0.06%,0.06%,1927.13,0.00,51.03,0.00%,0
1674,"FLOW",-0.28%,5.61%,15.59%,22.53%,23.06%,30.12%,67.04%,,,1.09%,0.87%,2.41,0.00,44.33,0.00%,0
1675,"FLQL",-0.24%,2.98%,1.51%,9.02%,13.52%,18.96%,77.85%,76.30%,,0.53%,0.93%,85.30,0.00,78.70,0.00%,0
1676,"FLQM",0.54%,1.17%,8.75%,6.86%,10.00%,9.39%,40.04%,34.68%,,0.76%,0.87%,94.86,0.00,61.88,0.00%,0
1677,"FLQS",-0.50%,-0.13%,8.37%,9.93%,15.56%,13.97%,41.51%,29.84%,,0.54%,0.49%,3.34,0.00,49.92,0.00%,0
1678,"FLR",2.18%,13.81%,13.47%,2.31%,34.48%,29.67%,58.05%,218.94%,0.67%,3.34%,4.23%,2572.01,0.01,53.30,2.43%,959
1679,"FLRG",-0.28%,2.76%,3.78%,9.97%,12.01%,14.30%,62.83%,64.12%,,0.32%,0.62%,17.06,0.00,42.51,0.00%,0
1680,"FLRN",0.10%,0.00%,0.00%,0.00%,0.33%,-0.06%,0.49%,0.65%,1.02%,0.06%,0.06%,1282.86,0.00,30.83,0.00%,0
1681,"FLRT",0.20%,0.78%,0.41%,1.01%,-0.33%,-1.31%,0.96%,-3.87%,-4.36%,0.13%,0.13%,111.00,0.00,46.98,0.00%,0
1682,"FLS",6.30%,12.76%,13.47%,-10.04%,19.34%,52.40%,116.70%,113.46%,68.53%,2.57%,3.21%,1875.85,0.00,82.80,0.00%,0
1683,"FLSP",1.03%,1.50%,4.17%,3.70%,5.76%,11.65%,26.39%,39.41%,,0.98%,1.03%,107.59,0.00,28.46,0.00%,0
1684,"FLSW",-0.77%,1.35%,1.42%,-1.19%,6.79%,15.71%,41.31%,27.32%,,0.68%,0.60%,6.69,0.00,44.30,0.00%,0
1685,"FLTB",0.02%,0.24%,-0.42%,-1.69%,-1.01%,-1.17%,4.45%,-4.28%,-1.49%,0.15%,0.28%,54.20,0.00,50.15,0.00%,0
1686,"FLTR",0.12%,0.00%,0.08%,0.04%,0.43%,0.12%,1.72%,1.28%,3.28%,0.09%,0.07%,1153.98,0.00,25.59,0.00%,0
1687,"FLTW",2.97%,19.35%,1.71%,38.80%,68.41%,86.12%,176.34%,128.67%,,0.95%,1.55%,513.55,0.00,102.46,0.38%,17
1688,"FLUD",-0.04%,-0.12%,-0.04%,-0.35%,0.07%,-0.06%,1.75%,0.95%,,0.12%,0.14%,218.46,0.00,25.00,0.00%,0
1689,"FLV",0.02%,1.91%,8.86%,7.54%,15.91%,18.16%,49.19%,48.66%,,0.52%,0.57%,12.05,0.00,87.83,0.00%,0
1690,"FLXS",4.61%,4.99%,43.41%,55.07%,107.07%,79.40%,267.01%,128.79%,76.80%,4.59%,4.90%,61.40,0.00,81.77,0.00%,0
1691,"FMAC",0.40%,0.70%,1.20%,,1.82%,,,,,0.07%,0.12%,32.77,0.00,10.08,0.00%,0
1692,"FMAG",-0.11%,3.60%,-1.01%,6.16%,6.09%,3.46%,65.83%,53.50%,,0.56%,0.87%,19.96,0.00,36.21,0.00%,0
1693,"FMAO",0.93%,-1.83%,21.31%,24.67%,36.77%,26.11%,84.65%,49.20%,123.61%,3.13%,3.56%,90.09,0.00,33.81,0.00%,0
1694,"FMAR",0.09%,1.79%,2.39%,10.90%,12.33%,16.30%,49.71%,65.89%,,0.27%,0.29%,33.13,0.00,53.32,0.00%,0
1695,"FMAT",2.18%,4.45%,3.57%,-0.82%,15.82%,15.60%,35.19%,29.96%,121.66%,1.27%,1.27%,54.03,0.00,61.51,0.00%,0
1696,"FMAY",-0.25%,2.18%,1.98%,5.89%,7.11%,11.45%,47.36%,54.67%,,0.36%,0.42%,68.50,0.00,57.25,0.00%,0
1697,"FMBH",0.38%,-4.34%,14.68%,17.77%,28.97%,24.38%,80.09%,26.48%,107.55%,1.63%,1.77%,149.83,0.00,50.30,0.00%,0
1698,"FMCE",0.26%,4.17%,3.63%,10.34%,10.69%,11.78%,,,,0.02%,0.05%,0.22,0.00,29.08,0.00%,0
1699,"FMCX",-0.24%,3.92%,0.71%,8.26%,7.18%,8.76%,50.08%,,,0.01%,0.04%,0.77,0.00,36.91,0.00%,0
1700,"FMDE",0.00%,2.96%,7.69%,11.95%,16.68%,18.41%,,,,0.66%,0.86%,863.98,0.00,42.45,0.00%,0
1701,"FMED",-1.20%,13.37%,31.12%,23.76%,20.13%,32.60%,39.06%,,,1.11%,1.15%,6.83,0.00,32.49,0.00%,0
1702,"FMET",0.24%,3.71%,-0.37%,13.38%,6.86%,8.16%,57.00%,,,0.52%,0.89%,3.91,0.00,38.54,0.00%,0
1703,"FMKT",0.84%,5.15%,2.02%,4.10%,5.72%,4.17%,,,,0.59%,0.69%,3.94,0.00,22.81,0.00%,0
1704,"FMNB",0.34%,-1.17%,10.84%,17.36%,18.42%,5.22%,24.99%,-1.05%,66.74%,1.50%,1.52%,448.17,0.00,15.77,0.72%,4
1705,"FMQQ",0.52%,4.61%,11.10%,1.45%,-6.59%,-13.71%,20.40%,,,0.72%,0.71%,10.16,0.00,12.91,0.00%,0
1706,"FMTL",6.38%,23.70%,6.04%,0.23%,33.69%,,,,,1.46%,1.52%,6.35,0.00,38.99,0.00%,0
1707,"FNCL",1.11%,0.98%,12.93%,12.09%,6.53%,8.39%,74.10%,51.19%,185.00%,0.80%,0.86%,99.88,0.00,82.82,0.00%,0
1708,"FNDA",0.53%,1.54%,3.60%,8.28%,19.49%,20.25%,50.54%,38.47%,143.04%,0.72%,1.00%,510.86,0.08,37.65,0.05%,2012
1709,"FNDB",-0.17%,2.07%,5.06%,12.02%,19.57%,26.57%,68.90%,72.75%,207.51%,0.52%,0.66%,199.60,0.00,31.77,0.00%,0
1710,"FNDC",0.92%,5.29%,2.33%,1.72%,15.17%,16.51%,56.15%,30.84%,79.71%,0.49%,0.72%,93.01,0.00,51.31,0.00%,0
1711,"FNDE",1.06%,3.76%,1.90%,2.52%,16.22%,21.02%,58.57%,33.13%,81.14%,0.50%,0.70%,855.66,0.00,41.91,0.00%,0
1712,"FNDF",0.49%,5.34%,2.66%,5.68%,23.09%,32.31%,75.39%,67.73%,124.59%,0.50%,0.73%,1392.56,0.00,55.65,0.00%,1
1713,"FNDX",-0.15%,2.26%,5.26%,12.30%,19.77%,27.21%,70.75%,75.62%,214.22%,0.52%,0.69%,2574.10,0.00,32.59,0.00%,0
1714,"FNGG",0.42%,18.96%,2.59%,50.69%,24.69%,29.89%,298.79%,,,1.60%,2.32%,6.75,0.00,257.22,0.00%,0
1715,"FNGO",3.02%,25.91%,2.80%,56.93%,28.61%,32.17%,324.91%,226.79%,,0.83%,1.91%,5.71,0.02,149.87,1.86%,7
1716,"FNGS",1.61%,12.57%,2.80%,28.64%,17.43%,20.73%,145.42%,153.76%,,0.89%,1.40%,29.25,0.62,79.91,1.08%,901
1717,"FNGU",2.99%,36.56%,-2.65%,74.82%,26.72%,25.78%,,,,3.21%,5.02%,4882.14,0.08,32.01,1.75%,19777
1718,"FNK",0.03%,0.58%,8.47%,7.97%,16.12%,15.77%,40.96%,42.45%,117.64%,0.28%,0.51%,4.33,0.00,64.62,0.00%,0
1719,"FNLC",-0.20%,-2.82%,18.62%,21.68%,30.33%,26.69%,37.90%,16.69%,56.09%,2.14%,2.25%,34.99,0.00,34.46,0.00%,0
1720,"FNOV",0.03%,1.95%,2.68%,7.76%,8.94%,15.41%,49.56%,56.41%,,0.24%,0.32%,33.09,0.00,59.73,0.00%,0
1721,"FNRN",3.15%,-3.80%,4.59%,29.03%,41.39%,56.11%,113.82%,109.68%,257.08%,1.93%,2.95%,200.15,0.20,17.99,4.05%,2013
1722,"FNV",5.13%,26.59%,20.31%,-3.36%,30.92%,46.07%,95.98%,86.22%,275.09%,2.66%,2.97%,859.53,0.00,271.38,1.50%,15
1723,"FNWD",0.34%,-2.29%,32.49%,18.48%,23.23%,35.94%,101.51%,2.88%,47.00%,1.11%,1.51%,23.03,0.00,43.37,0.00%,0
1724,"FNX",-0.29%,0.60%,3.21%,6.81%,15.64%,18.08%,54.31%,44.97%,175.24%,0.52%,0.73%,14.83,0.00,145.68,0.00%,0
1725,"FOCT",0.06%,2.38%,2.90%,8.02%,9.39%,15.89%,43.02%,56.21%,,0.26%,0.33%,41.12,0.00,53.59,0.00%,0
1726,"FORH",-0.75%,3.86%,-0.45%,-2.28%,3.37%,7.89%,8.21%,1.97%,,0.37%,0.39%,0.71,0.00,24.90,0.00%,0
1727,"FORTY",4.43%,6.47%,-5.56%,16.00%,-20.13%,2.19%,78.11%,40.38%,224.82%,0.34%,0.78%,0.70,0.00,121.36,0.00%,0
1728,"FOSL",-4.75%,22.07%,29.05%,11.98%,44.15%,81.88%,168.32%,-60.70%,-81.63%,5.41%,8.71%,919.97,0.00,5.42,0.00%,0
1729,"FOWF",-2.25%,1.98%,6.06%,5.53%,15.00%,18.80%,,,,0.29%,0.38%,2.18,0.00,35.76,0.00%,0
1730,"FOX",3.05%,20.53%,6.16%,25.41%,-4.16%,15.35%,106.40%,83.03%,,2.07%,2.53%,1708.35,0.00,62.23,0.00%,0
1731,"FOXA",1.60%,17.13%,4.89%,21.52%,-5.50%,16.01%,112.92%,85.62%,,1.89%,2.72%,6506.23,0.00,69.05,-0.79%,179
1732,"FPA",1.32%,11.25%,-9.70%,-0.57%,33.07%,37.41%,84.87%,45.80%,67.61%,1.12%,1.35%,10.78,0.00,49.73,0.00%,0
1733,"FPAA",0.72%,2.41%,,,5.53%,,,,,0.61%,0.63%,22.53,0.00,25.96,0.00%,0
1734,"FPAG",1.49%,4.50%,8.08%,8.57%,16.21%,20.77%,79.66%,,,0.61%,0.83%,48.47,0.00,43.12,0.00%,0
1735,"FPRO",0.21%,-1.86%,2.08%,4.88%,14.11%,11.46%,27.95%,2.69%,,0.41%,0.70%,4.17,0.00,25.44,0.00%,0
1736,"FQAL",-0.07%,3.03%,4.75%,9.21%,12.03%,16.56%,67.87%,62.66%,,0.42%,0.63%,40.83,0.00,84.68,0.00%,0
1737,"FRD",-5.17%,13.55%,77.96%,126.92%,106.10%,124.27%,205.35%,243.33%,641.98%,6.09%,6.98%,89.05,0.00,42.23,0.00%,0
1738,"FRDM",2.54%,10.10%,-4.33%,9.37%,34.78%,64.64%,128.51%,110.04%,,1.14%,1.82%,320.19,0.00,69.10,0.00%,0
1739,"FREI",0.24%,-0.12%,,,0.34%,,,,,0.21%,0.24%,28.87,0.00,25.00,0.00%,0
1740,"FREL",-0.05%,-2.38%,1.61%,3.98%,11.32%,7.84%,23.14%,-5.33%,20.61%,0.82%,1.05%,283.99,0.00,29.93,0.00%,0
1741,"FRGN",0.75%,6.14%,1.90%,8.00%,24.76%,,,,,0.35%,0.64%,55.09,0.00,31.97,0.00%,0
1742,"FRHC",3.75%,14.56%,17.88%,42.13%,39.57%,-2.37%,77.07%,165.07%,135764.00%,7.27%,4.44%,169.13,0.00,169.83,-0.31%,28
1743,"FRIZ",-0.34%,1.72%,5.81%,6.11%,7.71%,,,,,0.00%,0.03%,0.45,0.00,27.60,0.00%,0
1744,"FRNM",6.59%,43.14%,28.34%,13.56%,10.51%,36.62%,,,,3.92%,6.03%,471.35,0.00,14.40,2.20%,2
1745,"FRO",-3.49%,7.44%,21.71%,12.77%,92.67%,104.87%,128.73%,470.42%,409.58%,2.77%,3.26%,2651.55,0.10,42.04,2.04%,13553
1746,"FROG",5.33%,28.97%,29.86%,127.38%,51.30%,92.90%,253.27%,142.49%,,5.68%,6.27%,2673.76,0.01,94.50,1.83%,951
1747,"FRST",-0.58%,0.23%,11.64%,18.21%,15.58%,43.29%,80.64%,4.53%,24.72%,2.03%,1.96%,224.30,0.00,16.08,-0.21%,4
1748,"FRTT",1.76%,23.56%,,,-70.63%,,,,,11.26%,10.67%,3634.50,0.02,1.14,5.53%,3760
1749,"FRTY",-0.56%,7.26%,2.81%,10.65%,10.53%,14.46%,88.97%,10.08%,,0.99%,1.56%,19.42,0.00,23.27,0.00%,0
1750,"FRWD",0.04%,7.75%,0.39%,29.92%,27.95%,,,,,1.06%,1.59%,101.16,0.00,32.01,0.00%,0
1751,"FSCC",-0.36%,1.32%,2.31%,13.98%,19.83%,24.30%,,,,1.45%,1.46%,54.03,0.00,35.96,0.00%,0
1752,"FSCS",0.24%,-0.22%,6.87%,2.50%,6.73%,3.11%,34.86%,30.11%,,0.57%,0.60%,6.41,0.00,38.18,0.00%,0
1753,"FSEA",0.18%,0.71%,2.33%,30.44%,29.70%,47.78%,130.07%,46.01%,,0.21%,0.25%,11.88,0.00,17.12,0.00%,0
1754,"FSEG",-0.67%,2.87%,2.90%,,10.25%,,,,,0.19%,0.77%,2.66,0.00,27.65,0.00%,0
1755,"FSEP",0.04%,2.30%,3.12%,8.26%,9.54%,13.72%,50.10%,64.16%,,0.26%,0.31%,47.83,0.00,56.48,0.00%,0
1756,"FSEV",-0.66%,0.10%,4.71%,,7.47%,,,,,0.85%,0.57%,1.57,0.00,27.01,0.00%,0
1757,"FSGS",-0.28%,4.30%,10.00%,11.01%,11.52%,7.73%,27.40%,18.81%,,0.19%,0.38%,2.44,0.00,33.94,0.00%,0
1758,"FSHP",0.45%,0.58%,2.09%,3.97%,4.65%,7.14%,,,,3.66%,1.10%,45.68,0.00,11.25,0.00%,0
1759,"FSI",6.52%,13.04%,-12.40%,6.72%,-14.94%,-33.95%,121.71%,73.00%,256.76%,4.86%,4.00%,19.14,0.00,5.72,0.00%,0
1760,"FSLY",4.67%,14.89%,40.32%,32.35%,133.50%,217.36%,8.39%,-45.67%,,6.08%,8.67%,6042.54,0.02,23.77,2.06%,4568
1761,"FSM",3.94%,47.78%,26.09%,-9.18%,26.09%,63.18%,315.07%,181.76%,54.04%,4.15%,3.96%,5375.69,0.11,12.37,-0.33%,28904
1762,"FSMD",-0.52%,2.04%,3.18%,9.79%,17.61%,18.74%,56.04%,51.73%,,0.96%,1.20%,108.04,0.00,51.90,0.00%,0
1763,"FSML",-0.16%,1.50%,5.61%,14.92%,23.55%,,,,,0.77%,0.81%,39.51,0.00,30.46,0.00%,0
1764,"FSOL",15.94%,39.86%,24.10%,18.69%,-17.75%,,,,,2.61%,2.09%,268.69,0.00,12.00,4.53%,20
1765,"FSTA",1.42%,-1.04%,2.35%,-3.12%,10.59%,6.50%,22.18%,25.27%,67.38%,0.87%,1.12%,121.86,0.00,54.40,0.39%,1
1766,"FSUN",0.59%,2.73%,13.28%,4.09%,6.70%,5.84%,36.35%,,,1.46%,2.17%,284.08,0.00,40.16,-0.48%,1
1767,"FSYD",0.12%,0.48%,-0.88%,-0.98%,0.29%,0.35%,7.45%,,,0.20%,0.22%,25.19,0.00,48.58,0.00%,0
1768,"FSZ",-0.22%,2.52%,0.79%,-3.95%,3.29%,4.46%,37.67%,17.60%,105.58%,0.07%,0.19%,0.87,0.00,82.72,0.00%,0
1769,"FTA",0.01%,1.32%,9.36%,10.36%,20.73%,25.51%,56.20%,55.24%,144.96%,0.61%,0.81%,28.90,0.00,104.01,0.00%,0
1770,"FTAG",2.96%,1.22%,3.28%,0.17%,14.80%,11.61%,13.65%,2.54%,36.73%,0.72%,0.52%,5.55,0.00,30.17,0.00%,0
1771,"FTBI",-0.47%,1.39%,0.51%,0.08%,2.48%,4.70%,,,,0.91%,1.13%,6.63,0.00,21.81,0.00%,0
1772,"FTCE",-0.00%,2.31%,1.43%,11.95%,11.83%,21.51%,,,,0.42%,0.43%,9.07,0.00,27.85,0.00%,0
1773,"FTCS",-0.13%,1.56%,8.64%,3.90%,10.01%,9.64%,34.56%,28.90%,150.79%,0.74%,1.00%,566.85,0.00,101.77,0.00%,0
1774,"FTDR",1.70%,12.65%,35.03%,48.63%,45.05%,37.50%,158.11%,97.45%,,2.06%,3.86%,590.27,0.00,83.68,0.00%,0
1775,"FTDS",-0.16%,2.72%,11.25%,7.46%,17.73%,19.11%,54.52%,36.36%,151.83%,0.56%,0.45%,2.54,0.00,66.51,0.00%,0
1776,"FTEC",2.00%,11.57%,1.40%,30.44%,28.19%,38.14%,128.26%,129.41%,705.82%,1.25%,1.69%,327.60,0.00,288.00,2.25%,13
1777,"FTGC",-0.13%,4.80%,3.76%,20.31%,30.69%,19.91%,24.17%,27.78%,44.64%,0.72%,0.68%,689.38,0.00,30.36,0.00%,10
1778,"FTGS",0.30%,4.67%,8.00%,10.47%,12.21%,13.42%,66.54%,,,0.65%,0.85%,112.28,0.00,39.67,0.00%,0
1779,"FTHA",0.30%,0.71%,,,0.00%,,,,,0.05%,,22.95,0.00,9.97,0.00%,0
1780,"FTHF",2.55%,12.05%,-2.56%,12.68%,44.71%,78.67%,,,,1.11%,1.44%,11.21,0.00,47.85,0.00%,0
1781,"FTHI",-0.79%,1.49%,0.34%,-0.08%,1.23%,2.88%,15.45%,11.57%,18.25%,0.57%,0.76%,726.47,0.00,23.91,0.00%,0
1782,"FTI",-1.71%,4.57%,12.30%,14.47%,69.88%,108.83%,317.77%,1050.46%,,2.69%,3.55%,4504.49,0.00,75.70,0.00%,0
1783,"FTIF",-0.58%,6.90%,5.74%,11.66%,29.81%,34.18%,38.53%,,,0.27%,0.76%,1.73,0.00,29.55,0.00%,0
1784,"FTKI",-0.14%,1.66%,3.92%,-0.14%,7.25%,7.21%,,,,0.36%,0.72%,6.82,0.00,20.23,0.00%,0
1785,"FTLS",0.96%,2.04%,2.83%,6.71%,7.90%,13.06%,45.08%,55.61%,132.69%,0.57%,0.69%,130.66,0.00,76.60,0.00%,0
1786,"FTNT",5.91%,4.23%,23.13%,101.64%,101.11%,104.40%,171.55%,152.64%,2136.69%,3.37%,4.24%,5753.21,0.02,159.70,1.37%,7003
1787,"FTRA",0.30%,0.41%,,,0.41%,,,,,0.09%,,58.24,0.00,9.89,0.00%,0
1788,"FTRI",2.82%,13.22%,9.26%,-0.78%,19.23%,25.09%,46.88%,32.74%,74.61%,1.12%,1.01%,40.56,0.00,18.68,0.00%,0
1789,"FTSM",0.02%,0.01%,-0.09%,-0.32%,-0.07%,-0.30%,0.44%,-0.08%,-0.03%,0.04%,0.04%,672.64,0.00,59.89,0.00%,0
1790,"FTWO",2.26%,8.36%,7.23%,-1.12%,17.62%,27.73%,,,,1.00%,0.94%,6.98,0.00,47.80,0.00%,0
1791,"FTXH",-0.80%,6.49%,21.21%,19.10%,28.29%,52.54%,57.16%,59.44%,,1.32%,1.44%,584.69,0.00,42.26,0.00%,0
1792,"FTXN",-1.31%,10.17%,10.69%,16.75%,41.45%,39.29%,35.15%,148.84%,,1.24%,1.42%,711.30,0.00,39.49,0.00%,0
1793,"FUND",1.03%,8.79%,4.87%,6.95%,24.08%,31.66%,35.81%,30.39%,54.30%,1.53%,1.62%,27.21,0.00,10.77,0.00%,0
1794,"FURY",3.90%,22.37%,13.68%,-17.23%,10.69%,28.08%,76.51%,-12.93%,-78.17%,6.11%,5.12%,227.09,0.00,0.65,5.30%,7
1795,"FUSD",0.10%,0.12%,,,0.30%,,,,,0.06%,0.12%,22.81,0.00,25.11,0.00%,0
1796,"FUTU",12.87%,24.89%,21.28%,-17.01%,-22.51%,-30.82%,155.07%,35.01%,,6.86%,3.96%,2142.23,0.07,127.24,-0.08%,6969
1797,"FV",-0.25%,6.07%,2.81%,11.94%,17.31%,20.07%,62.08%,54.45%,223.03%,0.77%,1.09%,63.54,0.00,73.81,0.00%,0
1798,"FVAL",-0.73%,2.36%,3.73%,11.28%,13.88%,22.46%,68.41%,65.10%,,0.50%,0.73%,43.87,0.00,82.30,0.00%,0
1799,"FVAV",0.10%,0.49%,0.59%,,2.10%,,,,,0.20%,0.24%,43.28,0.00,10.21,0.00%,0
1800,"FVC",-0.25%,5.94%,2.95%,12.09%,17.09%,18.06%,31.92%,16.24%,100.45%,0.43%,0.58%,2.65,0.00,42.58,0.00%,0
1801,"FVCB",-2.75%,-3.22%,14.34%,14.34%,29.55%,32.11%,53.89%,13.65%,62.75%,2.10%,1.97%,165.18,0.06,18.02,-0.66%,531
1802,"FVD",0.63%,0.28%,7.32%,2.33%,10.66%,9.61%,30.78%,23.34%,87.53%,0.63%,0.81%,557.93,0.00,50.99,0.00%,3
1803,"FWONA",-0.67%,2.65%,14.96%,16.88%,6.69%,4.41%,68.27%,121.92%,370.06%,1.94%,2.59%,153.84,0.00,95.36,0.00%,0
1804,"FWONK",-1.43%,2.11%,14.40%,15.74%,4.90%,1.87%,60.34%,117.22%,412.14%,1.88%,2.50%,1996.27,0.00,103.34,0.00%,0
1805,"FXA",0.73%,2.81%,0.38%,0.72%,7.48%,10.48%,11.82%,-1.23%,-6.08%,0.22%,0.28%,10.76,0.00,71.04,0.00%,0
1806,"FXAC",0.40%,0.80%,,,1.00%,,,,,0.02%,0.06%,49.45,0.00,10.10,0.00%,0
1807,"FXB",-0.05%,2.28%,1.23%,0.28%,0.77%,0.80%,7.89%,-0.93%,1.90%,0.16%,0.27%,20.53,0.00,130.75,0.00%,0
1808,"FXD",-0.55%,-2.75%,2.89%,0.90%,2.04%,1.55%,32.28%,12.90%,94.32%,0.59%,0.95%,11.60,0.00,69.76,0.00%,0
1809,"FXE",-0.19%,1.80%,0.09%,-1.20%,-0.79%,0.19%,7.77%,-2.26%,-1.29%,0.13%,0.24%,136.06,0.00,107.60,0.00%,27
1810,"FXF",-0.98%,1.72%,-2.40%,-4.24%,-1.97%,-0.80%,8.71%,11.02%,11.70%,0.25%,0.40%,41.26,0.00,109.40,0.00%,0
1811,"FXG",-0.49%,-0.34%,7.61%,-2.75%,8.92%,2.37%,5.24%,16.53%,37.69%,0.66%,0.83%,11.74,0.00,66.09,0.00%,0
1812,"FXH",0.07%,5.29%,18.19%,16.42%,18.69%,26.32%,31.72%,8.98%,123.84%,0.76%,0.97%,49.43,0.00,135.09,0.00%,0
1813,"FXI",-0.90%,-2.13%,1.03%,-5.46%,-7.68%,-7.51%,32.05%,-11.93%,-4.28%,0.74%,0.82%,23346.37,0.00,35.35,-0.56%,2506
1814,"FXL",-0.42%,10.20%,4.31%,27.63%,26.90%,34.39%,90.99%,68.11%,494.18%,1.26%,1.83%,161.92,0.00,213.55,0.00%,0
1815,"FXN",-1.24%,9.50%,7.67%,18.10%,40.62%,43.85%,34.42%,128.85%,55.12%,1.85%,1.78%,1598.57,0.00,23.16,0.00%,0
1816,"FXNC",-1.03%,-2.14%,9.45%,12.58%,21.59%,30.82%,77.50%,44.29%,182.86%,3.63%,2.99%,59.01,0.00,30.69,-0.65%,5
1817,"FXO",0.97%,-0.74%,12.72%,10.80%,9.98%,11.97%,72.12%,46.42%,173.02%,0.60%,0.85%,51.69,0.00,66.37,0.00%,0
1818,"FXZ",2.60%,12.02%,5.46%,11.45%,34.41%,42.21%,34.94%,50.48%,152.20%,1.49%,1.50%,50.37,0.00,87.13,0.00%,0
1819,"FYC",-0.85%,2.60%,4.21%,19.81%,26.83%,40.83%,107.44%,70.65%,265.99%,0.89%,1.20%,71.54,0.00,121.91,0.00%,0
1820,"FYEE",-0.03%,2.66%,1.67%,3.19%,5.02%,9.77%,,,,0.53%,0.64%,82.79,0.00,30.12,0.00%,0
1821,"FYLD",0.20%,5.17%,5.83%,6.98%,24.50%,30.27%,71.04%,47.63%,96.71%,1.08%,0.94%,88.10,0.00,40.45,0.00%,0
1822,"FYT",-0.84%,-1.39%,8.77%,13.87%,27.07%,28.59%,49.81%,43.54%,133.57%,0.53%,0.71%,12.17,0.00,72.03,0.00%,0
1823,"FYX",-0.76%,-0.15%,5.97%,15.68%,26.55%,33.81%,71.90%,56.60%,189.54%,0.71%,0.93%,26.56,0.00,143.18,0.00%,0
1824,"GAA",0.37%,3.71%,2.68%,2.99%,11.03%,15.14%,35.20%,13.78%,46.57%,0.43%,0.65%,6.86,0.00,36.10,0.00%,0
1825,"GAB",1.43%,2.15%,1.07%,-7.05%,-6.15%,-4.13%,7.43%,-15.59%,3.16%,1.04%,1.23%,932.22,0.00,5.69,0.00%,1
1826,"GABC",0.14%,-2.80%,14.05%,16.30%,26.57%,18.24%,74.31%,34.68%,109.54%,1.96%,1.84%,170.38,0.00,49.59,0.00%,0
1827,"GABF",0.96%,1.93%,7.91%,6.75%,1.52%,-4.18%,60.40%,,,0.61%,0.75%,4.37,0.00,46.91,0.00%,0
1828,"GAIQ",0.93%,,,,-0.46%,,,,,0.00%,,1.25,0.00,64.61,0.00%,0
1829,"GAL",0.23%,2.91%,0.90%,3.82%,9.07%,12.35%,37.41%,17.36%,60.93%,0.28%,0.45%,10.62,0.00,53.93,0.00%,0
1830,"GALT",13.08%,22.42%,53.70%,28.88%,-0.24%,-0.24%,151.10%,13.39%,156.17%,8.08%,8.75%,637.78,0.00,4.15,0.00%,0
1831,"GAM",-0.34%,4.97%,5.58%,8.54%,15.07%,25.11%,109.12%,111.67%,316.61%,1.05%,1.18%,24.35,0.00,67.58,0.00%,0
1832,"GAMR",0.31%,5.64%,6.12%,20.29%,6.25%,3.30%,73.78%,9.58%,217.39%,0.67%,0.68%,1.23,0.00,96.29,0.00%,0
1833,"GAP",8.31%,4.89%,-14.87%,-24.74%,-16.86%,-4.56%,108.24%,-19.72%,-19.63%,2.94%,2.69%,7700.98,0.01,21.28,0.63%,1969
1834,"GAPR",0.07%,1.65%,2.03%,5.23%,6.02%,9.01%,36.72%,,,0.15%,0.25%,7.28,0.00,42.40,0.00%,0
1835,"GARA",0.61%,-0.84%,-0.39%,-1.64%,9.79%,,,,,0.07%,0.02%,0.10,0.00,27.85,0.00%,0
1836,"GARP",0.27%,6.57%,4.17%,21.03%,22.22%,33.54%,130.48%,119.09%,,0.80%,1.20%,316.37,0.00,83.24,0.00%,0
1837,"GARY",-0.17%,7.45%,5.24%,17.74%,32.59%,,,,,0.53%,1.07%,11.60,0.00,26.81,0.00%,0
1838,"GASS",-4.95%,3.95%,-4.95%,5.86%,31.20%,21.66%,92.68%,289.81%,214.40%,3.39%,3.14%,128.03,0.00,9.21,0.00%,0
1839,"GAU",7.24%,36.21%,7.73%,-28.18%,-6.32%,10.75%,291.28%,188.32%,-40.30%,4.54%,4.68%,3264.37,0.00,2.37,0.00%,0
1840,"GAUG",0.13%,0.97%,2.26%,5.97%,7.11%,10.89%,40.93%,,,0.33%,0.23%,48.13,0.00,42.05,0.00%,0
1841,"GBHI",0.14%,1.06%,-0.24%,-1.01%,0.54%,,,,,0.01%,0.00%,0.14,0.00,25.37,0.00%,0
1842,"GBIL",0.06%,-0.01%,0.00%,-0.02%,0.21%,0.00%,0.13%,0.06%,,0.01%,0.01%,612.63,0.00,100.15,0.00%,1
1843,"GBTC",10.16%,26.02%,8.89%,17.92%,-9.30%,-29.60%,257.35%,58.37%,7672.16%,2.15%,2.04%,2066.55,0.09,62.00,2.09%,9440
1844,"GBTG",0.42%,0.85%,-0.11%,72.73%,24.18%,15.29%,45.04%,-2.56%,,0.32%,0.24%,2236.45,0.00,9.50,0.42%,23
1845,"GBUG",5.10%,36.75%,24.11%,-3.82%,22.13%,80.45%,,,,2.23%,3.00%,34.20,0.00,53.36,0.00%,0
1846,"GCC",0.94%,9.17%,5.12%,13.15%,23.31%,27.71%,45.62%,19.03%,32.12%,0.80%,0.81%,49.74,0.00,26.08,0.00%,0
1847,"GCGR",0.10%,0.20%,,,1.09%,,,,,0.04%,0.08%,72.31,0.00,10.18,0.00%,0
1848,"GCLO",,,,,0.01%,,,,,,,37.15,0.00,50.08,0.00%,0
1849,"GCMG",1.35%,11.90%,26.76%,14.72%,20.60%,4.61%,80.35%,19.13%,,2.25%,2.78%,513.83,0.00,13.65,0.68%,1
1850,"GCOW",0.23%,3.04%,3.38%,1.26%,15.77%,19.24%,43.69%,52.29%,71.47%,0.62%,0.68%,266.76,0.00,47.72,0.00%,0
1851,"GCPB",0.14%,,,,0.62%,,,,,0.11%,,14.25,0.00,50.23,0.00%,0
1852,"GCT",4.89%,25.75%,38.14%,11.32%,33.15%,97.88%,332.59%,,,3.74%,5.44%,677.45,0.00,52.30,0.42%,102
1853,"GDE",2.75%,18.53%,3.50%,-1.69%,15.22%,41.66%,189.76%,,,1.45%,1.68%,135.22,0.44,71.00,1.11%,3000
1854,"GDEC",0.02%,1.62%,2.30%,6.27%,7.24%,12.32%,,,,0.22%,0.26%,17.05,0.00,40.56,0.00%,0
1855,"GDIV",0.40%,0.44%,4.23%,6.20%,14.38%,20.92%,52.96%,,,0.36%,0.50%,11.25,0.00,19.07,0.00%,0
1856,"GDLC",10.06%,27.50%,11.13%,17.88%,-11.60%,-31.36%,368.33%,-37.63%,,1.98%,1.82%,46.18,0.22,36.53,1.92%,500
1857,"GDMA",-0.15%,1.67%,2.20%,-0.87%,10.29%,17.70%,42.81%,33.95%,,0.36%,0.53%,16.95,0.00,42.52,0.00%,0
1858,"GDMN",6.31%,47.26%,16.92%,-21.14%,13.13%,78.08%,363.53%,,,3.38%,3.24%,49.01,0.00,105.23,0.00%,0
1859,"GDOC",-1.14%,5.43%,15.98%,10.45%,7.65%,17.86%,20.70%,,,0.23%,0.17%,1.74,0.00,38.22,0.00%,0
1860,"GDS",3.35%,14.77%,-3.63%,-18.76%,-2.72%,0.83%,198.86%,-33.69%,,3.82%,4.66%,2234.46,0.09,33.95,4.27%,9724
1861,"GDV",0.10%,1.57%,3.85%,4.53%,9.72%,13.65%,46.99%,14.45%,53.83%,0.91%,0.93%,100.01,0.00,30.47,0.00%,0
1862,"GDX",2.23%,38.75%,17.09%,-10.37%,19.02%,66.04%,259.44%,213.03%,275.57%,2.87%,2.95%,23409.27,0.10,102.08,-0.33%,116993
1863,"GDXJ",2.31%,39.10%,15.06%,-13.80%,16.12%,70.39%,280.86%,206.69%,192.43%,2.96%,3.12%,5711.95,0.02,132.12,-0.56%,6401
1864,"GDXU",6.12%,142.37%,20.55%,-60.42%,-25.74%,65.85%,518.64%,41.15%,,8.82%,9.10%,1649.22,0.95,180.95,-0.79%,78355
1865,"GEEQ",,,,,-0.02%,,,,,,,241.17,0.00,50.14,0.00%,0
1866,"GEL",2.11%,11.46%,8.16%,-6.11%,5.38%,-1.85%,67.41%,105.50%,-55.05%,1.50%,2.66%,293.55,0.00,16.44,0.00%,0
1867,"GEM",1.48%,7.53%,-0.99%,6.26%,23.16%,32.16%,74.47%,34.22%,82.42%,0.76%,1.20%,111.41,0.00,51.26,0.00%,0
1868,"GEME",1.07%,5.48%,-3.32%,9.05%,32.12%,48.02%,,,,0.90%,1.23%,78.32,0.00,42.52,0.00%,0
1869,"GEN",5.41%,7.49%,20.98%,30.26%,9.23%,-3.38%,47.03%,10.90%,116.72%,3.74%,3.27%,5909.90,0.00,29.70,0.20%,657
1870,"GENB",6.00%,29.59%,29.49%,,13.00%,,,,,16.20%,8.51%,945.15,0.30,16.95,5.02%,14249
1871,"GEND",-0.01%,2.09%,6.19%,5.90%,18.02%,20.64%,,,,1.23%,0.53%,1.34,0.00,13.61,0.00%,0
1872,"GENI",-0.76%,7.66%,40.54%,23.16%,-28.58%,-38.61%,24.72%,-60.90%,,5.49%,6.52%,6333.12,0.00,7.87,3.28%,1
1873,"GENM",0.24%,0.44%,-0.50%,-1.92%,-0.49%,0.00%,,,,0.48%,0.37%,17.37,0.00,10.24,0.00%,0
1874,"GENW",0.70%,0.49%,2.56%,1.98%,15.17%,23.49%,,,,0.12%,0.29%,0.65,0.00,15.41,0.00%,0
1875,"GEO",6.81%,6.60%,44.62%,122.62%,103.29%,58.23%,371.51%,331.18%,124.35%,3.61%,4.24%,1998.50,0.00,32.77,0.00%,0
1876,"GEQ",-0.36%,2.83%,,,2.80%,,,,,0.33%,0.30%,4.38,0.00,52.17,0.00%,0
1877,"GEVO",8.61%,13.10%,-13.68%,-11.83%,-18.00%,-7.87%,22.39%,-75.08%,-99.20%,6.32%,6.04%,3367.14,0.01,1.64,-0.61%,2236
1878,"GEW",0.08%,2.98%,4.16%,5.78%,10.82%,,,,,0.06%,0.06%,0.25,0.00,56.96,0.00%,0
1879,"GF",0.96%,1.77%,-3.76%,-5.19%,0.79%,-2.54%,32.60%,-21.00%,89.79%,2.69%,2.42%,35.25,0.00,11.51,0.00%,0
1880,"GFEB",-0.03%,1.51%,2.10%,5.76%,7.83%,12.06%,43.66%,,,0.28%,0.32%,10.28,0.00,44.78,0.00%,0
1881,"GFF",-2.02%,7.86%,14.95%,17.95%,36.89%,30.43%,153.83%,388.63%,611.13%,2.42%,3.46%,348.53,0.00,100.82,0.00%,0
1882,"GFGF",0.42%,3.49%,3.43%,7.97%,3.82%,10.45%,63.75%,,,0.05%,0.18%,2.64,0.00,36.79,0.00%,0
1883,"GFI",5.35%,48.51%,19.02%,-18.18%,9.67%,45.80%,287.07%,404.00%,725.52%,3.38%,3.11%,3843.45,0.05,47.88,0.13%,10121
1884,"GFL",-0.48%,5.54%,18.50%,-2.25%,-3.80%,-17.21%,27.93%,19.73%,,2.53%,2.94%,2753.98,0.00,41.32,0.00%,0
1885,"GFLW",-0.64%,7.00%,7.81%,21.80%,20.45%,24.86%,,,,0.98%,1.20%,150.85,0.00,33.92,0.00%,0
1886,"GGM",-0.17%,3.26%,9.68%,8.63%,16.44%,18.65%,,,,0.03%,0.14%,0.72,0.00,31.72,0.00%,0
1887,"GGME",0.49%,3.79%,2.44%,20.24%,6.67%,0.90%,92.19%,20.76%,153.08%,0.42%,0.64%,2.59,0.00,63.54,0.00%,0
1888,"GGN",3.28%,16.94%,10.55%,-1.05%,9.69%,21.46%,50.93%,48.17%,-13.32%,1.54%,1.63%,599.11,0.00,5.66,0.00%,0
1889,"GGOV",0.30%,0.58%,0.71%,3.27%,3.00%,0.04%,,,,1.06%,0.48%,1625.65,0.00,50.32,0.00%,0
1890,"GGRW",-0.83%,3.94%,0.50%,7.27%,6.20%,9.18%,98.46%,42.16%,,0.06%,0.26%,0.47,0.00,37.44,0.00%,0
1891,"GGUS",-0.58%,5.10%,-1.99%,6.91%,4.37%,9.60%,,,,0.69%,0.99%,27.35,0.00,66.44,0.00%,0
1892,"GGZ",-1.84%,3.43%,5.04%,-0.12%,10.53%,14.99%,44.93%,7.07%,63.33%,1.32%,1.42%,6.98,0.00,16.58,0.00%,0
1893,"GH",2.19%,19.07%,28.77%,75.10%,67.96%,170.16%,348.03%,42.54%,,4.56%,4.77%,2628.00,0.00,171.55,0.37%,29
1894,"GHRS",-2.65%,3.76%,29.74%,84.19%,128.43%,116.65%,188.94%,36.45%,,3.82%,4.68%,290.47,0.00,29.01,0.00%,0
1895,"GHTA",0.37%,3.34%,2.89%,1.15%,4.88%,-0.70%,20.21%,,,0.86%,0.36%,2.45,0.00,31.36,0.00%,0
1896,"GHYB",0.26%,0.62%,-0.38%,-1.59%,-1.37%,-1.93%,5.43%,-10.29%,,0.14%,0.19%,13.28,0.00,44.70,0.00%,0
1897,"GHYG",-0.13%,1.00%,-0.13%,-1.80%,-1.60%,-1.98%,7.39%,-9.83%,-7.60%,0.29%,0.35%,20.27,0.00,45.39,0.00%,0
1898,"GIEQ",0.64%,4.45%,5.32%,,7.01%,,,,,0.46%,0.15%,8.48,0.00,43.22,0.00%,0
1899,"GILD",1.78%,10.00%,7.18%,1.55%,18.95%,28.16%,89.96%,104.83%,83.03%,2.25%,2.73%,7626.90,0.02,146.00,-1.41%,7508
1900,"GINC",0.00%,,,,0.75%,,,,,0.11%,,7.51,0.00,50.10,0.00%,0
1901,"GINN",-0.22%,5.87%,4.99%,12.75%,13.06%,17.27%,72.04%,32.77%,,0.50%,0.45%,5.99,0.00,82.65,0.00%,0
1902,"GINX",0.30%,3.06%,6.71%,6.37%,18.66%,27.21%,,,,0.37%,0.49%,8.69,0.00,37.08,0.00%,0
1903,"GIW",-0.29%,0.40%,0.80%,1.40%,2.53%,,,,,0.15%,0.08%,77.96,0.00,10.14,0.00%,0
1904,"GIX",0.20%,0.50%,0.81%,,1.42%,,,,,0.02%,0.03%,63.17,0.00,9.99,0.00%,0
1905,"GJAN",-0.05%,1.78%,2.21%,6.11%,7.08%,11.73%,40.62%,,,0.23%,0.40%,22.60,0.00,45.82,0.00%,0
1906,"GJUL",-0.21%,1.79%,2.91%,6.46%,7.51%,11.39%,46.41%,,,0.24%,0.34%,38.74,0.00,44.43,0.00%,0
1907,"GJUN",-0.20%,1.71%,2.01%,4.59%,5.69%,8.97%,39.66%,,,0.27%,0.37%,113.44,0.00,41.85,0.00%,0
1908,"GKAT",1.05%,6.11%,4.35%,5.92%,12.65%,19.38%,,,,0.17%,0.21%,2.43,0.00,46.12,0.00%,0
1909,"GKOS",-4.74%,19.32%,64.33%,49.37%,59.92%,92.53%,144.41%,232.85%,506.75%,3.37%,4.21%,929.56,0.00,180.57,0.00%,0
1910,"GLAM",1.23%,1.66%,14.51%,,13.06%,,,,,1.14%,0.80%,1.11,0.00,29.19,0.00%,0
1911,"GLBE",-3.95%,-2.68%,30.21%,8.95%,-0.33%,18.44%,0.46%,-46.17%,,2.79%,3.54%,1597.73,0.00,39.18,0.13%,14
1912,"GLBL",0.12%,4.06%,0.52%,15.12%,12.41%,19.63%,,,,0.10%,0.06%,0.07,0.00,28.31,0.00%,0
1913,"GLBS",-0.54%,29.43%,79.80%,81.59%,108.57%,254.37%,301.98%,24.15%,-99.86%,5.78%,8.69%,190.01,0.00,3.65,0.00%,0
1914,"GLCR",3.33%,6.20%,-4.13%,-8.84%,-4.10%,0.24%,,,,0.41%,0.17%,0.55,0.00,25.57,0.00%,0
1915,"GLD",1.06%,13.09%,1.67%,-12.11%,5.89%,34.20%,136.26%,146.58%,232.92%,1.33%,1.30%,8428.45,0.44,419.65,-0.40%,185544
1916,"GLDB",7.13%,21.36%,0.92%,-6.00%,-2.49%,,,,,1.15%,1.10%,19.76,0.00,23.60,0.00%,0
1917,"GLDG",1.71%,37.94%,4.46%,-34.12%,-7.24%,25.35%,33.28%,-7.98%,-35.22%,4.72%,4.68%,1078.11,0.02,1.16,1.71%,1144
1918,"GLDM",1.08%,13.17%,1.78%,-11.94%,6.07%,34.65%,138.49%,150.43%,,1.32%,1.29%,4353.03,0.19,90.56,-0.38%,41013
1919,"GLDN",5.04%,29.81%,9.19%,-16.28%,-10.94%,,,,,1.93%,1.80%,7.33,0.00,18.15,0.00%,0
1920,"GLED",0.20%,0.30%,0.71%,,0.91%,,,,,0.10%,0.14%,25.71,0.00,9.99,0.00%,0
1921,"GLIN",0.95%,2.56%,1.90%,-0.62%,0.26%,3.77%,23.49%,14.26%,4.33%,0.57%,0.49%,9.07,0.00,46.22,0.00%,0
1922,"GLNG",-2.01%,5.16%,1.81%,18.77%,37.57%,12.36%,137.98%,362.00%,153.67%,2.80%,2.83%,1265.04,0.00,51.19,0.00%,0
1923,"GLOF",0.52%,4.91%,3.50%,9.91%,16.02%,22.22%,75.35%,59.22%,154.40%,0.44%,0.61%,20.71,0.00,61.24,0.00%,0
1924,"GLOW",0.26%,3.86%,4.10%,9.29%,14.79%,21.89%,,,,0.24%,0.47%,10.61,0.00,35.40,0.00%,0
1925,"GLP",-1.11%,2.98%,6.17%,4.20%,19.67%,-3.23%,57.68%,152.48%,248.23%,1.64%,2.44%,103.48,0.00,50.08,0.00%,0
1926,"GLQ",7.56%,7.96%,0.70%,5.72%,13.32%,17.62%,47.12%,-43.19%,-24.13%,1.60%,1.36%,69.21,0.00,8.68,7.83%,1
1927,"GLSI",19.07%,42.42%,-37.12%,-35.17%,-13.23%,56.21%,96.23%,-54.40%,,11.89%,8.89%,157.46,0.02,18.23,0.00%,139
1928,"GLTR",1.98%,15.42%,-1.68%,-16.21%,0.90%,45.22%,135.72%,126.02%,213.15%,1.49%,1.49%,72.83,0.00,207.46,0.00%,0
1929,"GLU",-1.38%,0.36%,-1.41%,-10.11%,0.06%,7.35%,37.71%,-9.66%,5.76%,1.06%,1.34%,7.80,0.00,19.28,0.00%,0
1930,"GLXY",7.63%,38.34%,-16.16%,15.13%,12.97%,3.48%,606.77%,45.62%,1391.59%,6.62%,7.79%,7153.66,0.07,25.26,2.52%,24991
1931,"GM",0.29%,-3.36%,2.43%,6.94%,6.25%,47.06%,162.22%,73.49%,174.02%,2.57%,2.48%,7414.46,0.00,86.40,0.08%,398
1932,"GMAR",0.04%,1.33%,1.96%,8.77%,9.86%,13.26%,41.39%,,,0.20%,0.21%,8.77,0.00,44.97,0.00%,0
1933,"GMAY",-0.21%,1.76%,2.00%,4.76%,6.00%,9.40%,40.43%,,,0.32%,0.43%,86.38,0.00,43.77,0.00%,0
1934,"GMED",-5.93%,3.13%,0.68%,-13.64%,-4.82%,34.29%,51.75%,3.85%,265.60%,2.84%,3.04%,1666.73,0.00,83.10,0.00%,0
1935,"GMF",0.68%,5.05%,0.18%,3.20%,12.69%,17.81%,59.60%,25.51%,94.62%,0.42%,0.51%,10.18,0.00,156.38,0.00%,0
1936,"GMMA",-0.32%,2.20%,1.13%,2.20%,3.55%,4.11%,,,,0.01%,0.03%,0.19,0.00,21.91,0.00%,0
1937,"GMOC",0.08%,0.07%,0.07%,0.04%,0.48%,,,,,0.03%,0.04%,5.22,0.00,50.24,0.00%,0
1938,"GMOD",0.42%,2.53%,2.44%,3.23%,9.87%,,,,,0.22%,0.31%,11.01,0.00,28.16,0.00%,0
1939,"GMOI",0.77%,4.04%,8.27%,9.10%,23.53%,33.38%,,,,0.74%,0.67%,119.64,0.00,41.48,0.00%,0
1940,"GMOM",0.08%,5.15%,2.56%,-0.60%,13.25%,23.63%,39.60%,28.79%,62.05%,0.39%,0.82%,6.33,0.00,37.97,0.00%,0
1941,"GMOV",0.49%,3.47%,8.39%,12.44%,19.39%,24.18%,,,,0.51%,0.62%,16.81,0.00,32.82,0.00%,0
1942,"GNK",-1.41%,1.73%,10.76%,9.45%,40.15%,51.32%,93.19%,31.32%,442.52%,4.61%,3.72%,393.38,0.00,25.83,0.00%,0
1943,"GNMX",1.02%,20.74%,39.78%,,41.67%,,,,,0.80%,0.61%,0.90,0.00,36.21,0.00%,0
1944,"GNOV",0.08%,1.51%,2.38%,6.13%,7.20%,13.61%,,,,0.25%,0.28%,10.33,0.00,42.58,0.00%,0
1945,"GNR",1.66%,9.81%,6.76%,4.91%,26.07%,35.68%,43.66%,52.80%,102.59%,1.12%,1.03%,243.58,0.00,78.34,0.00%,0
1946,"GNT",5.11%,12.52%,12.11%,3.23%,24.30%,38.83%,82.64%,75.05%,19.18%,1.71%,1.77%,125.68,0.00,9.26,0.00%,0
1947,"GNW",-0.10%,-1.49%,12.10%,16.45%,9.75%,15.10%,72.65%,175.28%,114.50%,1.33%,2.00%,2871.81,0.00,9.91,0.00%,0
1948,"GOAU",6.67%,37.52%,21.92%,-7.34%,18.42%,52.88%,216.98%,187.03%,,2.20%,2.55%,34.78,0.00,50.40,0.00%,0
1949,"GOCT",0.00%,1.55%,2.47%,6.45%,7.71%,12.54%,,,,0.22%,0.25%,26.42,0.00,42.32,0.00%,0
1950,"GOEX",3.33%,40.97%,21.51%,-9.19%,19.59%,81.24%,307.18%,228.72%,138.51%,2.57%,2.63%,10.20,0.00,96.38,0.92%,1
1951,"GOLD",-1.01%,12.58%,5.53%,-19.83%,32.75%,97.29%,37.97%,105.70%,542.36%,4.55%,4.08%,419.14,0.09,45.20,-0.64%,1794
1952,"GOLS",-0.87%,3.32%,4.98%,9.02%,9.98%,,,,,0.66%,0.83%,4.84,0.00,27.55,0.00%,0
1953,"GOLY",2.20%,14.44%,1.76%,-28.39%,-19.03%,-3.95%,51.14%,16.03%,,2.17%,2.30%,29.56,0.00,28.30,0.00%,0
1954,"GOP",-0.07%,2.86%,1.62%,13.87%,22.31%,27.03%,77.22%,,,0.93%,1.14%,11.27,0.00,44.62,0.00%,0
1955,"GORO",22.00%,77.67%,-24.38%,-19.17%,-19.74%,17.01%,687.10%,159.21%,-58.22%,12.56%,10.02%,876.52,0.21,3.66,2.81%,9124
1956,"GPAC",0.60%,0.80%,1.30%,2.02%,1.51%,,,,,0.00%,0.04%,97.82,0.00,10.10,0.00%,0
1957,"GPAT",1.37%,1.56%,2.31%,2.69%,3.65%,4.78%,,,,0.00%,0.59%,66.88,0.00,11.08,0.00%,0
1958,"GPIQ",0.98%,6.62%,-3.83%,9.41%,7.83%,12.14%,,,,0.72%,1.10%,1446.36,0.13,57.01,0.80%,9160
1959,"GPIX",1.00%,4.00%,0.70%,6.62%,6.82%,10.18%,,,,0.42%,0.62%,1011.22,0.01,56.40,0.55%,566
1960,"GPOR",0.52%,13.46%,2.17%,-12.84%,-16.32%,0.51%,53.04%,167.80%,,2.41%,2.71%,384.91,0.00,174.04,0.00%,0
1961,"GPT",0.59%,4.75%,3.71%,7.03%,15.96%,23.13%,,,,0.18%,0.38%,1.22,0.00,34.70,0.00%,0
1962,"GPZ",-0.91%,7.22%,7.91%,9.41%,-7.51%,-11.33%,,,,1.48%,2.17%,186.00,0.00,25.11,0.00%,0
1963,"GQI",0.03%,1.91%,1.81%,4.29%,5.70%,10.01%,,,,0.56%,0.66%,23.70,0.00,60.32,0.00%,0
1964,"GQQQ",-0.48%,4.00%,-0.77%,14.40%,18.68%,26.74%,,,,0.52%,0.73%,17.91,0.00,35.55,0.00%,0
1965,"GRAL",7.61%,23.55%,11.44%,53.68%,-7.01%,133.61%,,,,8.11%,7.58%,717.28,0.00,79.59,0.00%,0
1966,"GRBK",3.41%,0.20%,8.34%,-0.86%,17.75%,5.98%,57.58%,198.34%,832.74%,2.14%,2.57%,251.64,0.00,73.78,0.00%,0
1967,"GREK",2.72%,9.46%,15.40%,19.44%,29.59%,31.44%,128.74%,200.21%,295.42%,1.00%,1.17%,85.26,0.00,85.41,0.00%,0
1968,"GRF",0.96%,0.86%,1.40%,-0.94%,-1.87%,5.20%,25.62%,33.06%,114.62%,0.76%,1.28%,3.25,0.00,10.50,0.00%,0
1969,"GRIN",0.18%,9.93%,8.53%,11.21%,23.62%,30.59%,,,,0.57%,0.70%,36.55,0.00,34.16,0.00%,0
1970,"GRMN",-5.03%,-5.59%,17.77%,9.52%,37.22%,18.18%,169.32%,58.28%,454.48%,2.21%,3.19%,930.02,0.00,278.35,-3.69%,41
1971,"GRND",1.28%,-4.88%,24.04%,41.23%,16.62%,-0.57%,198.49%,57.27%,,2.94%,4.02%,1744.38,0.00,15.79,0.00%,0
1972,"GRNI",0.67%,2.77%,-0.38%,4.96%,4.34%,,,,,0.67%,0.92%,33.02,0.00,21.16,0.00%,0
1973,"GRNY",1.67%,6.07%,2.01%,11.49%,12.84%,19.05%,,,,0.89%,0.96%,1586.55,0.01,27.94,0.11%,479
1974,"GROY",3.24%,34.09%,9.37%,-25.85%,-13.37%,6.37%,134.88%,-18.80%,,3.71%,3.73%,2090.30,0.03,3.50,2.63%,2943
1975,"GROZ",-0.32%,5.14%,1.90%,11.02%,9.87%,17.67%,,,,0.76%,1.08%,25.58,0.00,32.74,0.00%,0
1976,"GRPM",0.89%,5.98%,14.71%,18.00%,20.91%,22.16%,61.66%,58.10%,172.15%,0.66%,0.87%,7.61,0.00,145.11,0.00%,0
1977,"GRPZ",-0.29%,0.82%,11.19%,14.78%,25.00%,22.54%,,,,0.16%,0.27%,0.91,0.00,33.22,0.00%,0
1978,"GRVY",6.00%,18.48%,17.25%,13.22%,26.94%,14.64%,10.35%,-19.27%,3239.09%,2.32%,3.30%,55.22,0.00,73.46,0.00%,0
1979,"GSAT",-0.22%,4.14%,-3.09%,41.36%,34.04%,190.14%,419.49%,281.45%,301.08%,0.80%,1.11%,1199.12,0.00,81.82,0.00%,136
1980,"GSEE",1.65%,7.54%,-1.63%,6.19%,22.90%,31.20%,70.93%,27.75%,,0.24%,0.64%,3.07,0.00,69.18,0.00%,0
1981,"GSEP",0.14%,1.66%,2.52%,6.53%,7.80%,10.93%,,,,0.19%,0.25%,39.49,0.00,41.76,0.00%,0
1982,"GSEU",0.35%,3.24%,3.18%,2.52%,10.66%,17.33%,55.67%,34.07%,92.71%,0.37%,0.48%,18.99,0.00,50.56,0.00%,0
1983,"GSEW",-0.26%,2.61%,6.65%,10.10%,15.48%,17.04%,59.29%,41.60%,,0.55%,0.74%,77.58,0.00,98.30,0.00%,0
1984,"GSG",-0.84%,6.18%,3.41%,28.79%,43.15%,46.58%,53.53%,109.06%,122.89%,1.11%,1.23%,616.99,0.00,33.01,0.00%,0
1985,"GSGO",-0.36%,5.63%,0.11%,12.45%,9.85%,,,,,0.40%,0.86%,7.89,0.00,44.12,0.00%,0
1986,"GSHD",4.27%,3.62%,89.25%,39.44%,-3.18%,-17.67%,26.23%,-41.84%,,3.63%,4.72%,550.38,0.00,71.31,0.00%,0
1987,"GSHR",-0.38%,-0.10%,0.82%,1.16%,2.07%,3.35%,,,,0.10%,0.04%,72.87,0.00,10.48,0.00%,0
1988,"GSIB",1.31%,1.92%,13.36%,18.30%,23.28%,39.30%,,,,1.69%,1.58%,15.16,0.00,64.79,0.00%,0
1989,"GSID",0.62%,4.23%,3.73%,2.53%,13.08%,19.04%,57.21%,36.78%,,0.54%,0.69%,34.76,0.00,78.39,0.00%,0
1990,"GSIE",0.53%,4.10%,4.94%,3.24%,12.32%,18.33%,57.51%,36.03%,93.94%,0.49%,0.62%,452.24,0.00,48.23,0.00%,0
1991,"GSJY",0.76%,7.07%,4.76%,2.51%,17.26%,23.21%,64.18%,46.50%,96.98%,0.50%,0.95%,7.97,0.00,54.63,0.00%,0
1992,"GSL",1.66%,1.75%,20.95%,9.13%,25.86%,47.10%,137.15%,113.66%,231.05%,2.68%,2.65%,329.01,0.00,44.10,-0.23%,20
1993,"GSLC",0.51%,4.44%,2.17%,10.10%,10.64%,15.33%,69.15%,61.54%,234.44%,0.49%,0.72%,302.22,0.40,146.45,0.02%,6055
1994,"GSPY",0.13%,4.34%,4.29%,13.03%,15.31%,19.81%,75.03%,77.09%,,0.37%,0.52%,4.12,0.00,42.47,0.00%,0
1995,"GSRF",0.10%,0.49%,0.89%,2.00%,2.30%,,,,,0.02%,0.05%,53.71,0.00,10.22,0.00%,0
1996,"GSRV",0.15%,0.41%,,,-0.40%,,,,,0.06%,0.04%,107.40,0.00,9.89,0.00%,0
1997,"GSSC",-0.89%,0.98%,5.39%,14.34%,20.27%,22.69%,58.08%,43.36%,,0.70%,0.90%,37.48,0.00,90.96,0.00%,0
1998,"GSST",0.06%,0.10%,0.06%,-0.20%,0.18%,-0.10%,1.29%,-0.31%,,0.04%,0.05%,227.34,0.00,50.56,0.00%,0
1999,"GSUS",-0.33%,3.47%,2.23%,10.82%,12.08%,18.41%,75.84%,69.68%,,0.47%,0.71%,76.65,0.00,105.80,0.00%,0
2000,"GSWO",-0.02%,3.85%,3.16%,8.68%,13.49%,16.48%,61.09%,,,0.49%,0.79%,70.24,0.00,65.53,0.00%,0
2001,"GTEN",0.13%,1.60%,3.27%,3.37%,4.18%,5.00%,,,,0.56%,0.62%,59.05,0.00,10.68,0.00%,0
2002,"GTERA",0.24%,0.68%,1.26%,2.46%,3.17%,4.67%,,,,0.02%,0.05%,22.17,0.00,10.42,0.00%,0
2003,"GTND",-0.45%,3.82%,0.01%,,1.29%,,,,,0.16%,0.25%,2.46,0.00,25.41,0.00%,0
2004,"GTOQ",-0.28%,0.87%,-0.25%,-1.03%,-1.40%,-1.57%,4.04%,-12.41%,,0.19%,0.19%,23.70,0.00,22.34,0.00%,0
2005,"GTPE",0.11%,5.51%,5.19%,16.02%,20.95%,,,,,0.18%,0.20%,1.20,0.00,62.37,0.00%,0
2006,"GTR",0.16%,2.66%,2.40%,5.76%,10.02%,13.28%,32.04%,,,0.19%,0.34%,4.71,0.00,27.76,0.00%,0
2007,"GUMI",0.06%,0.01%,0.05%,-0.12%,0.20%,0.17%,,,,0.11%,0.13%,15.68,0.00,50.38,0.00%,0
2008,"GUNR",2.06%,8.72%,4.68%,2.83%,22.97%,32.19%,40.67%,53.71%,108.58%,1.14%,1.02%,550.46,0.00,56.38,0.00%,0
2009,"GURU",0.63%,5.74%,6.08%,14.19%,13.40%,23.17%,89.41%,41.73%,204.08%,0.26%,0.60%,1.43,0.00,70.88,0.00%,0
2010,"GUSA",-0.34%,3.52%,2.38%,10.42%,12.34%,18.51%,74.01%,,,0.10%,0.08%,0.21,0.00,66.35,0.00%,0
2011,"GUSE",-0.68%,1.94%,2.12%,10.01%,12.81%,,,,,0.30%,0.44%,5.56,0.00,45.65,0.00%,0
2012,"GVAL",0.57%,6.05%,8.73%,7.64%,23.07%,34.01%,93.65%,64.60%,106.02%,1.02%,0.97%,170.35,0.00,38.73,0.00%,0
2013,"GVLE",-0.04%,3.70%,8.12%,17.01%,20.53%,,,,,0.14%,0.36%,2.18,0.00,49.15,0.00%,0
2014,"GVLU",0.38%,3.72%,11.08%,11.53%,18.78%,19.59%,49.51%,,,2.14%,1.03%,4.33,0.00,29.28,0.00%,0
2015,"GVUS",-0.01%,2.57%,8.62%,14.77%,22.72%,28.64%,,,,0.32%,0.35%,15.46,0.00,66.36,0.00%,0
2016,"GWRE",5.62%,14.79%,35.09%,33.26%,-4.48%,-11.28%,137.77%,62.71%,206.81%,3.95%,4.59%,1559.49,0.00,192.00,0.49%,2
2017,"GWW",4.08%,-0.41%,8.49%,22.42%,34.12%,33.07%,89.40%,213.18%,481.68%,2.00%,2.14%,298.39,0.00,1353.34,1.34%,1
2018,"GWX",1.64%,9.29%,0.39%,1.13%,14.32%,19.19%,55.75%,20.54%,58.78%,0.89%,0.95%,64.88,0.00,46.71,0.00%,0
2019,"GXC",-0.11%,1.46%,-1.97%,-9.73%,-6.00%,-8.03%,26.53%,-19.22%,18.91%,0.53%,0.62%,23.14,0.00,91.00,0.00%,0
2020,"GXLC",-0.34%,3.28%,2.13%,10.86%,12.18%,,,,,0.12%,0.09%,0.25,0.00,92.19,0.00%,0
2021,"GXPD",-1.50%,6.38%,-4.36%,3.54%,-0.45%,1.94%,,,,0.62%,0.87%,58.12,0.00,26.35,0.00%,0
2022,"GXPE",-1.84%,7.91%,9.34%,13.26%,38.87%,40.83%,,,,0.52%,0.66%,0.72,0.00,36.42,0.00%,0
2023,"GXPS",-0.92%,-1.78%,-0.30%,-4.05%,10.39%,8.50%,,,,0.63%,1.23%,27.42,0.00,26.91,0.00%,0
2024,"GXPT",0.73%,9.20%,0.09%,26.16%,21.20%,30.21%,,,,0.84%,1.38%,187.72,0.02,33.23,0.91%,220
2025,"GXUS",0.78%,4.95%,2.32%,4.18%,16.62%,23.33%,60.58%,,,0.12%,0.20%,2.28,0.00,64.85,0.00%,0
2026,"GYLD",-0.14%,-0.21%,0.67%,1.91%,6.52%,7.84%,14.27%,-1.91%,-25.08%,2.19%,1.65%,13.07,0.00,14.37,0.00%,0
2027,"HACK",2.05%,7.84%,19.32%,51.99%,39.38%,33.72%,119.39%,73.49%,317.83%,2.78%,2.76%,211.49,0.01,112.02,2.20%,109
2028,"HACQ",0.20%,0.30%,1.00%,,0.90%,,,,,0.00%,0.03%,30.94,0.00,10.09,0.00%,0
2029,"HAFN",-0.51%,3.56%,0.90%,5.51%,47.28%,29.97%,37.72%,389.86%,,2.35%,2.48%,1582.46,0.09,7.85,1.03%,7408
2030,"HALO",-0.11%,27.28%,55.47%,53.13%,57.50%,44.85%,148.30%,152.32%,979.43%,2.20%,3.23%,2010.56,0.00,106.00,-0.99%,491
2031,"HALX",0.40%,3.46%,4.25%,,5.86%,,,,,0.04%,0.44%,2.16,0.00,26.24,0.00%,0
2032,"HAP",2.11%,9.07%,6.87%,4.69%,27.75%,39.17%,57.18%,69.34%,144.01%,0.93%,0.88%,33.26,0.00,76.83,0.00%,0
2033,"HAPI",0.23%,4.14%,4.48%,11.65%,13.34%,17.87%,79.40%,,,0.21%,0.53%,1.72,0.00,46.51,0.00%,0
2034,"HAPS",-0.30%,2.57%,10.80%,18.28%,22.91%,25.57%,54.75%,,,0.00%,0.04%,0.06,0.00,38.59,0.00%,0
2035,"HARD",-3.60%,2.73%,-4.87%,-3.12%,6.82%,5.16%,24.31%,,,1.77%,1.64%,44.45,0.00,31.66,0.00%,0
2036,"HAS",3.47%,1.72%,12.07%,-3.54%,18.06%,18.70%,38.94%,-1.67%,18.99%,2.36%,2.46%,2056.75,0.01,96.81,0.54%,772
2037,"HASI",-4.35%,3.35%,-3.93%,8.53%,27.46%,42.66%,97.15%,-29.28%,76.05%,2.80%,2.53%,993.90,0.00,40.06,0.00%,0
2038,"HAUG",0.00%,,,,0.12%,,,,,0.15%,,27.37,0.00,25.27,0.00%,0
2039,"HAUZ",0.35%,-0.99%,-1.42%,-10.27%,-1.34%,-2.77%,14.39%,-19.79%,2.00%,0.65%,0.74%,99.83,0.00,22.90,0.00%,0
2040,"HAVA",0.39%,0.49%,1.19%,2.00%,2.72%,,,,,0.06%,0.04%,36.32,0.00,10.20,0.00%,0
2041,"HAWX",1.13%,2.99%,1.71%,5.76%,16.98%,26.02%,69.55%,65.14%,141.75%,0.45%,0.61%,24.29,0.00,46.19,0.00%,0
2042,"HBB",-3.71%,36.07%,62.36%,63.76%,97.20%,127.65%,197.61%,92.41%,,3.41%,5.07%,51.20,0.00,32.44,0.00%,0
2043,"HBIL",0.10%,,,,0.12%,,,,,0.02%,,21.57,0.00,20.03,0.00%,0
2044,"HBM",5.79%,35.49%,5.49%,6.24%,50.03%,156.95%,536.32%,381.10%,587.76%,4.67%,4.42%,5373.11,0.02,29.78,-0.70%,5906
2045,"HBT",0.51%,-1.55%,24.30%,27.69%,37.72%,33.83%,90.58%,120.98%,,1.60%,2.08%,166.12,0.00,35.60,0.00%,0
2046,"HBTA",-0.66%,6.29%,-1.42%,10.21%,11.24%,20.62%,,,,0.76%,1.36%,111.61,0.00,32.23,0.00%,0
2047,"HCA",4.98%,4.49%,10.96%,-18.90%,-8.64%,5.30%,56.07%,69.35%,474.33%,2.56%,2.74%,1598.70,0.00,426.50,-0.15%,68
2048,"HCAC",0.20%,0.35%,0.90%,0.85%,1.51%,,,,,0.11%,0.05%,74.62,0.00,10.10,0.00%,0
2049,"HCC",-1.26%,29.16%,-2.41%,20.52%,15.75%,73.07%,166.12%,391.33%,,4.39%,4.66%,754.74,0.00,102.06,-3.00%,72
2050,"HCI",2.20%,4.36%,20.15%,14.42%,-2.40%,15.54%,236.29%,78.12%,494.66%,2.24%,2.66%,172.68,0.00,187.08,0.00%,0
2051,"HCIC",-0.10%,0.20%,1.11%,,0.81%,,,,,0.08%,0.09%,24.98,0.00,9.99,0.00%,0
2052,"HCMA",-0.05%,-0.10%,0.39%,1.48%,2.49%,,,,,0.06%,0.09%,43.27,0.00,10.29,0.00%,0
2053,"HCMT",-1.12%,8.37%,-1.66%,5.16%,5.78%,17.60%,66.24%,,,1.18%,1.91%,46.05,0.00,40.79,0.00%,0
2054,"HDEF",0.41%,1.30%,3.94%,0.94%,10.71%,14.83%,51.55%,42.07%,57.22%,0.56%,0.56%,157.58,0.00,34.31,0.00%,0
2055,"HDG",0.03%,1.48%,0.73%,3.04%,6.46%,8.26%,13.86%,6.71%,29.02%,0.12%,0.22%,0.89,0.00,54.90,0.00%,0
2056,"HDLB",0.90%,-3.05%,9.33%,-1.50%,20.78%,10.07%,64.92%,14.43%,,2.36%,1.81%,3.36,0.00,18.16,0.00%,0
2057,"HDMV",-0.38%,0.01%,3.55%,-0.45%,10.15%,9.29%,40.00%,20.66%,30.59%,0.36%,0.19%,0.94,0.00,38.92,0.00%,0
2058,"HDUS",-0.26%,3.27%,3.04%,10.52%,13.28%,18.41%,69.68%,,,0.49%,0.72%,31.69,0.00,73.84,0.00%,0
2059,"HDV",-0.40%,1.68%,7.79%,6.96%,21.74%,20.47%,44.83%,51.82%,81.03%,0.74%,1.03%,4437.36,0.00,29.61,-0.44%,296
2060,"HECA",0.04%,1.90%,0.61%,-9.57%,0.80%,10.09%,,,,0.59%,0.64%,90.79,0.00,27.87,0.00%,0
2061,"HEDG",0.11%,1.84%,2.42%,2.83%,4.46%,,,,,0.47%,0.51%,43.75,0.00,30.64,0.00%,0
2062,"HEDJ",1.05%,1.44%,0.89%,1.93%,8.63%,14.87%,43.84%,45.56%,115.73%,1.22%,0.92%,79.55,0.00,57.64,0.00%,0
2063,"HEEM",1.80%,5.94%,-3.40%,6.27%,22.21%,34.26%,83.29%,50.26%,111.46%,0.67%,1.38%,160.00,0.00,42.48,0.00%,0
2064,"HEFA",0.98%,2.00%,3.83%,4.94%,14.63%,21.32%,60.45%,67.10%,145.25%,0.41%,0.61%,615.18,0.00,47.41,0.00%,0
2065,"HEFT",0.06%,1.82%,-0.99%,-2.48%,5.40%,,,,,0.64%,0.77%,24.50,0.00,26.65,0.00%,0
2066,"HEGD",-0.37%,2.15%,0.93%,6.16%,7.30%,12.01%,46.14%,44.27%,,0.43%,0.57%,93.93,0.00,27.05,0.00%,0
2067,"HELO",-0.19%,2.54%,2.22%,3.38%,4.56%,8.13%,,,,0.36%,0.51%,402.13,0.00,69.46,0.00%,0
2068,"HELX",1.45%,10.98%,25.09%,25.88%,19.61%,46.11%,44.06%,-21.91%,,0.27%,0.64%,2.47,0.00,43.42,0.00%,0
2069,"HEQ",0.76%,4.31%,1.28%,3.31%,10.42%,10.21%,12.09%,-8.66%,-22.68%,0.89%,1.00%,26.69,0.00,11.87,0.00%,1
2070,"HEQQ",-0.52%,2.87%,-0.71%,3.44%,4.10%,9.84%,,,,0.09%,0.19%,1.41,0.00,60.73,0.00%,0
2071,"HEQT",-0.35%,2.42%,2.91%,5.18%,7.11%,11.64%,38.30%,,,0.29%,0.43%,54.88,0.00,34.33,0.00%,0
2072,"HERD",0.22%,5.14%,9.57%,11.58%,21.12%,25.00%,51.13%,50.70%,,0.40%,0.59%,3.68,0.00,52.64,0.00%,0
2073,"HERO",-1.31%,5.18%,6.24%,-1.16%,-8.69%,-17.54%,41.36%,-8.64%,,1.00%,1.72%,24.58,0.00,27.17,0.00%,0
2074,"HESM",0.83%,0.25%,4.46%,5.00%,16.17%,-3.24%,38.49%,60.38%,,2.16%,2.06%,1158.89,0.00,40.08,0.00%,0
2075,"HEWJ",1.52%,3.54%,3.87%,6.76%,22.64%,34.98%,98.90%,146.93%,290.57%,0.50%,0.92%,65.07,0.00,64.63,0.00%,0
2076,"HEZU",0.40%,2.39%,3.53%,5.37%,13.87%,20.83%,59.88%,60.19%,148.68%,0.46%,0.83%,40.23,0.00,49.83,0.00%,0
2077,"HFBL",7.62%,12.72%,32.90%,38.21%,43.97%,93.40%,69.49%,38.66%,126.43%,3.38%,2.75%,3.42,0.00,25.92,0.00%,0
2078,"HFEQ",-0.59%,3.73%,3.89%,5.14%,17.75%,23.03%,,,,0.60%,0.97%,5.98,0.00,24.54,0.00%,0
2079,"HFGM",1.10%,3.10%,-5.26%,-8.83%,8.84%,11.18%,,,,0.96%,1.20%,50.55,0.00,31.39,0.00%,0
2080,"HFGO",-0.92%,6.42%,-1.45%,12.19%,6.89%,11.72%,94.07%,,,1.11%,1.53%,40.37,0.00,29.18,0.00%,0
2081,"HFND",0.37%,1.78%,0.88%,2.34%,9.09%,8.46%,22.13%,,,0.52%,0.59%,8.98,0.00,24.60,0.00%,0
2082,"HFSI",0.06%,0.23%,-0.57%,-2.15%,-1.16%,-0.88%,6.73%,,,0.22%,0.21%,249.73,0.00,35.07,0.00%,0
2083,"HFXI",0.68%,3.91%,1.70%,4.59%,17.94%,25.03%,63.48%,52.77%,117.48%,0.61%,0.83%,334.92,0.00,38.27,0.00%,0
2084,"HG",1.98%,-5.90%,14.60%,20.12%,34.55%,60.69%,,,,2.53%,2.83%,460.21,0.00,35.08,0.00%,0
2085,"HGER",-0.12%,9.35%,10.15%,24.40%,39.48%,40.45%,51.34%,,,0.87%,0.91%,1457.18,0.00,34.62,0.00%,0
2086,"HGTY",3.64%,9.95%,31.72%,15.06%,-0.52%,23.23%,48.56%,33.57%,,2.78%,3.59%,154.55,0.00,13.37,0.00%,0
2087,"HIAI",,,,,0.93%,,,,,,,12.04,0.00,25.52,0.00%,0
2088,"HIDE",0.06%,0.95%,1.57%,4.14%,8.76%,7.93%,5.08%,,,0.57%,0.40%,50.30,0.00,24.72,0.00%,0
2089,"HIDV",-0.33%,2.96%,3.91%,10.91%,14.76%,19.10%,68.56%,,,0.24%,0.50%,11.82,0.00,92.57,0.00%,0
2090,"HIFS",-0.76%,4.09%,5.74%,1.24%,5.98%,3.89%,57.38%,-5.96%,136.48%,2.63%,3.29%,38.49,0.00,300.17,0.00%,0
2091,"HIG",1.69%,-2.48%,6.20%,-0.85%,1.49%,5.29%,94.82%,107.91%,250.79%,1.52%,1.72%,1710.21,0.00,139.86,0.00%,0
2092,"HIMX",4.54%,22.77%,-31.36%,90.28%,74.48%,68.71%,135.03%,14.78%,44.05%,3.79%,4.91%,2447.50,0.03,14.29,3.25%,3125
2093,"HIPO",0.98%,8.81%,27.11%,20.12%,9.57%,-2.08%,241.20%,-69.83%,,2.98%,3.55%,165.54,0.00,32.96,0.00%,0
2094,"HIS",-0.40%,3.92%,3.07%,,4.72%,,,,,0.52%,0.72%,20.18,0.00,26.16,0.00%,0
2095,"HITI",2.44%,22.33%,5.44%,-1.95%,-4.91%,-27.79%,101.60%,-64.71%,,3.02%,3.40%,609.58,0.00,2.52,0.00%,0
2096,"HJLY",-0.11%,0.89%,,,1.07%,,,,,0.14%,0.07%,1.58,0.00,25.38,0.00%,0
2097,"HJUN",-0.14%,1.01%,,,0.39%,,,,,0.03%,0.16%,1.54,0.00,25.23,0.00%,0
2098,"HL",-1.54%,44.88%,16.55%,-16.46%,6.83%,155.30%,376.10%,238.68%,258.95%,4.57%,4.97%,34982.06,0.02,20.50,-0.96%,34699
2099,"HLAL",-0.31%,5.61%,-1.18%,13.69%,15.82%,26.86%,70.24%,81.70%,,0.60%,0.97%,60.53,0.02,71.84,-0.18%,72
2100,"HLN",1.73%,-2.33%,9.02%,-6.69%,-0.69%,3.40%,21.56%,,,1.52%,1.60%,9498.20,0.01,10.04,-1.27%,2522
2101,"HLT",-0.65%,3.14%,-1.24%,6.13%,15.77%,20.78%,126.20%,164.73%,574.81%,1.81%,2.11%,2156.12,0.00,332.56,0.00%,0
2102,"HLTH",1.35%,17.37%,,,19.14%,,,,,3.96%,2.13%,12.70,0.00,29.64,0.00%,0
2103,"HLXC",0.09%,3.90%,6.85%,6.02%,6.64%,,,,,1.50%,2.09%,32.57,0.00,10.92,0.00%,0
2104,"HMAY",0.00%,0.60%,0.43%,,0.44%,,,,,0.00%,0.01%,2.65,0.00,25.35,0.00%,0
2105,"HMN",2.72%,-0.84%,11.72%,18.95%,12.13%,13.78%,79.48%,23.85%,43.87%,1.77%,2.52%,271.10,0.00,51.78,0.70%,10
2106,"HMY",-4.18%,35.87%,15.55%,-6.43%,6.03%,43.83%,420.99%,449.48%,445.22%,3.25%,3.15%,3592.02,0.52,21.10,-5.93%,93160
2107,"HNGE",6.28%,22.87%,65.61%,108.38%,95.91%,57.52%,,,,5.64%,5.67%,1973.30,0.01,91.00,0.55%,950
2108,"HNI",5.41%,17.78%,58.64%,10.62%,19.85%,12.12%,63.80%,30.67%,-8.22%,3.10%,3.38%,663.34,0.00,50.39,0.93%,1
2109,"HNNA",0.10%,0.60%,-3.46%,2.77%,4.48%,-11.71%,42.67%,-3.56%,-56.58%,0.98%,1.22%,6.05,0.00,10.03,0.00%,0
2110,"HNST",15.73%,53.48%,54.72%,105.73%,122.48%,44.22%,301.40%,-42.60%,,6.09%,6.03%,1985.94,0.01,5.74,0.35%,1346
2111,"HNVR",-0.37%,0.22%,15.37%,23.30%,16.57%,21.30%,45.46%,,,2.53%,2.63%,66.10,0.00,26.94,0.00%,0
2112,"HOLA",0.58%,3.36%,4.88%,3.72%,9.16%,11.73%,,,,0.40%,0.57%,20.72,0.00,57.02,0.00%,0
2113,"HOOC",25.93%,30.53%,,,-14.01%,,,,,3.43%,1.28%,0.58,0.00,20.44,0.00%,0
2114,"HOOD",17.14%,24.00%,31.31%,40.21%,-1.50%,8.24%,956.93%,137.68%,,7.57%,5.42%,26268.87,0.13,111.40,2.63%,165975
2115,"HPE",7.18%,27.57%,48.36%,172.02%,136.01%,149.41%,241.10%,267.64%,347.90%,3.82%,5.40%,25481.88,0.05,56.69,2.64%,61424
2116,"HPEL",7.98%,41.60%,,,26.20%,,,,,7.58%,10.39%,79.58,0.00,17.87,0.00%,0
2117,"HQGO",-0.54%,3.48%,2.80%,12.16%,11.75%,18.76%,,,,0.06%,0.05%,0.77,0.00,67.15,0.00%,0
2118,"HQH",-5.15%,7.10%,20.26%,19.58%,23.50%,44.12%,41.16%,-13.24%,-8.29%,2.08%,1.89%,223.62,0.00,23.39,0.00%,0
2119,"HQL",-5.03%,11.15%,22.82%,28.15%,28.31%,55.79%,65.23%,0.22%,13.77%,2.15%,2.14%,146.57,0.00,21.53,0.00%,0
2120,"HQY",-0.73%,-0.60%,14.35%,33.75%,12.99%,17.65%,51.89%,57.33%,231.13%,2.15%,2.63%,872.19,0.11,103.51,-0.87%,4826
2121,"HRB",-0.45%,11.91%,37.86%,67.67%,21.16%,3.73%,32.73%,104.49%,117.64%,2.59%,4.11%,2263.13,0.00,52.80,0.25%,11
2122,"HRSK",-0.27%,0.90%,,,0.15%,,,,,0.31%,0.75%,10.49,0.00,25.54,0.00%,0
2123,"HRTG",2.44%,15.45%,56.59%,23.43%,17.74%,54.97%,566.34%,408.11%,151.83%,3.51%,4.06%,381.46,0.00,34.45,0.09%,36
2124,"HRTS",-1.02%,2.88%,12.54%,7.70%,9.01%,30.56%,,,,0.55%,0.70%,5.74,0.00,38.47,0.00%,0
2125,"HSAI",-6.02%,7.16%,-12.02%,-35.78%,-21.87%,-32.69%,94.23%,,,4.34%,4.41%,1794.13,0.21,17.50,2.46%,18562
2126,"HSBC",0.65%,0.39%,10.81%,8.99%,30.93%,59.44%,181.09%,288.36%,197.83%,1.20%,1.20%,1436.20,0.34,103.00,-0.63%,24611
2127,"HSBH",1.38%,-2.27%,6.03%,10.12%,30.60%,57.26%,,,,0.87%,0.84%,7.60,0.00,112.87,0.00%,0
2128,"HSCZ",1.70%,2.43%,1.82%,4.02%,13.41%,18.63%,60.72%,49.03%,140.76%,0.36%,0.50%,29.03,0.00,44.13,0.00%,0
2129,"HSHP",0.63%,10.95%,14.39%,17.75%,90.97%,138.28%,281.86%,,,3.16%,3.44%,311.33,0.66,16.00,0.63%,10212
2130,"HSIC",2.19%,5.32%,18.45%,10.96%,19.61%,31.05%,17.63%,20.16%,41.18%,1.48%,2.25%,1326.31,0.00,90.40,0.02%,207
2131,"HSLV",3.15%,29.53%,2.01%,-24.22%,43.52%,102.55%,3381.25%,,,5.11%,5.03%,517.23,0.00,5.57,0.00%,0
2132,"HSMV",-0.17%,-1.90%,4.29%,2.58%,9.59%,6.45%,27.23%,18.80%,,0.27%,0.41%,18.10,0.00,39.07,0.00%,0
2133,"HSTM",0.74%,-0.31%,18.60%,32.72%,24.66%,2.71%,36.17%,-0.59%,15.01%,2.77%,3.59%,206.39,0.00,28.76,0.00%,0
2134,"HTEC",0.27%,13.26%,27.36%,22.23%,22.99%,42.60%,56.64%,-9.06%,,1.49%,1.33%,25.68,0.00,43.44,0.00%,0
2135,"HTFL",7.49%,91.25%,67.14%,112.78%,67.89%,55.96%,,,,4.86%,6.16%,1770.15,0.00,48.94,0.00%,0
2136,"HTGC",3.58%,10.91%,14.87%,15.30%,-5.03%,-7.51%,12.82%,15.08%,45.24%,1.49%,1.75%,1513.81,0.00,17.64,0.00%,3
2137,"HTHT",0.91%,14.42%,9.10%,-10.07%,4.21%,34.40%,22.88%,9.99%,348.25%,2.38%,2.66%,1964.28,0.00,49.03,0.00%,0
2138,"HTUS",-0.34%,4.55%,3.83%,13.18%,14.89%,21.63%,53.65%,61.60%,154.63%,0.51%,0.76%,14.03,0.00,45.61,0.00%,0
2139,"HULL",-1.48%,3.16%,3.87%,,3.22%,,,,,0.00%,0.06%,1.50,0.00,26.56,0.00%,0
2140,"HURN",-1.52%,29.00%,49.48%,17.45%,-9.45%,14.64%,58.74%,219.20%,148.52%,2.63%,5.45%,309.09,0.00,156.57,0.00%,0
2141,"HUSV",0.27%,-0.78%,4.52%,3.12%,6.61%,3.59%,27.28%,23.70%,107.70%,0.42%,0.48%,21.20,0.00,41.25,0.00%,0
2142,"HVMC",0.39%,0.79%,1.48%,1.99%,2.70%,,,,,0.08%,0.05%,114.47,0.00,10.27,0.00%,0
2143,"HWBK",-0.72%,0.46%,5.79%,10.68%,12.04%,19.47%,131.11%,84.90%,266.03%,2.41%,2.63%,14.46,0.00,39.08,0.00%,0
2144,"HWIV",-0.23%,3.71%,,,5.04%,,,,,0.06%,0.13%,1.72,0.00,26.58,0.00%,0
2145,"HWO",-0.90%,5.11%,,,7.63%,,,,,0.01%,0.24%,0.31,0.00,26.93,0.00%,0
2146,"HWSM",-0.07%,-0.28%,7.89%,10.84%,15.67%,17.62%,,,,0.04%,0.06%,0.10,0.00,31.91,0.00%,0
2147,"HXC",,,,,0.36%,,,,,,,300.03,0.00,25.10,0.00%,0
2148,"HXE",,,,,0.05%,,,,,,,300.77,0.00,25.20,0.00%,0
2149,"HYBB",0.11%,0.48%,-0.22%,-1.55%,-1.00%,-0.96%,5.14%,-10.63%,,0.22%,0.19%,80.40,0.00,46.66,0.00%,0
2150,"HYDB",0.30%,0.84%,-0.41%,-1.95%,-1.39%,-2.01%,5.55%,-9.31%,,0.19%,0.19%,161.64,0.00,46.69,0.00%,0
2151,"HYDW",-0.02%,0.72%,0.17%,-0.94%,-0.67%,-0.98%,4.82%,-7.94%,,0.16%,0.19%,3.88,0.00,46.87,0.00%,0
2152,"HYEM",0.30%,0.45%,-0.25%,-0.89%,1.06%,0.15%,12.54%,-15.01%,-17.35%,0.33%,0.31%,221.40,0.00,20.10,0.00%,0
2153,"HYFI",0.08%,0.51%,-0.56%,-1.48%,-0.90%,-1.34%,5.90%,,,0.24%,0.23%,47.85,0.00,37.24,0.00%,0
2154,"HYG",0.43%,0.83%,-0.41%,-1.18%,-0.91%,-1.32%,7.09%,-9.16%,-7.69%,0.17%,0.19%,31495.05,0.00,79.90,0.00%,16
2155,"HYGH",0.39%,0.71%,0.15%,0.64%,0.78%,0.42%,3.51%,-0.83%,-0.73%,0.24%,0.29%,55.01,0.00,86.87,0.00%,0
2156,"HYGU",0.75%,,,,-0.16%,,,,,0.28%,,3.28,0.00,25.21,0.00%,0
2157,"HYHG",0.21%,0.25%,-0.32%,0.35%,0.65%,-0.11%,5.65%,3.77%,-1.84%,0.54%,0.55%,22.18,0.00,64.82,0.00%,0
2158,"HYLB",0.22%,0.52%,-0.41%,-1.49%,-1.06%,-1.49%,6.33%,-9.29%,,0.17%,0.18%,1010.83,0.00,36.44,0.00%,0
2159,"HYMC",-3.57%,31.55%,-24.01%,-49.46%,6.04%,504.46%,662.43%,28.60%,,7.18%,6.55%,2010.68,0.07,25.21,-1.00%,6880
2160,"HYNE",0.18%,-0.54%,4.15%,14.43%,14.35%,,,,,1.59%,1.37%,14.67,0.00,16.57,0.00%,0
2161,"HYNX",0.86%,54.95%,,,-22.01%,,,,,6.34%,12.10%,1231.11,0.10,23.49,7.90%,6231
2162,"HYPG",14.81%,56.79%,,,13.79%,,,,,4.39%,4.22%,105.41,7.78,29.54,2.75%,41003
2163,"HYS",0.17%,0.49%,-0.60%,-1.67%,-1.80%,-2.41%,2.53%,-6.09%,-4.01%,0.21%,0.24%,103.32,0.00,93.11,0.00%,0
2164,"HYSA",0.01%,0.71%,-0.40%,-2.08%,-1.72%,-1.69%,2.14%,-6.53%,-19.12%,0.51%,0.50%,66.31,0.00,14.89,0.00%,0
2165,"HYXF",0.23%,0.60%,-0.15%,-1.09%,-1.29%,-1.68%,7.67%,-10.30%,-8.67%,0.29%,0.45%,20.33,0.00,46.65,0.00%,0
2166,"HYZD",-0.07%,0.56%,0.27%,0.97%,0.35%,0.76%,6.80%,2.15%,-2.98%,0.32%,0.39%,87.75,0.00,22.61,0.00%,0
2167,"IA",5.11%,,,,-12.28%,,,,,4.84%,,238.39,0.00,22.00,1.52%,38
2168,"IACL",0.12%,,,,0.08%,,,,,0.11%,,0.54,0.00,25.04,0.00%,0
2169,"IACO",0.10%,0.50%,1.01%,,1.53%,,,,,0.10%,0.07%,34.18,0.00,9.98,0.00%,0
2170,"IAE",1.36%,6.83%,4.09%,9.19%,22.39%,23.75%,52.05%,3.97%,-5.11%,1.25%,1.91%,67.35,0.00,8.91,0.00%,0
2171,"IAF",1.24%,5.98%,7.67%,-4.26%,4.26%,-1.86%,12.11%,-27.93%,-24.54%,1.10%,1.20%,18.09,0.00,13.47,0.00%,0
2172,"IAG",4.63%,53.98%,23.56%,-9.95%,30.08%,134.17%,853.33%,793.75%,450.00%,3.76%,4.18%,5675.09,0.01,21.45,-0.42%,2241
2173,"IAI",2.51%,3.24%,9.75%,12.47%,8.69%,11.01%,109.18%,79.08%,376.21%,1.42%,1.18%,89.21,0.00,194.96,0.00%,0
2174,"IAK",1.33%,-3.85%,11.44%,8.19%,7.40%,10.42%,62.09%,79.66%,178.36%,0.98%,1.22%,117.87,0.00,146.22,0.00%,0
2175,"IALT",0.69%,2.83%,2.83%,10.19%,15.00%,,,,,0.72%,0.85%,4052.75,0.45,29.10,0.66%,90279
2176,"IAPR",0.41%,2.44%,3.32%,8.71%,10.86%,14.69%,39.89%,32.17%,,0.33%,0.38%,7.97,0.00,34.19,0.00%,0
2177,"IAU",1.07%,13.15%,1.71%,-12.02%,6.00%,34.42%,137.29%,148.53%,237.94%,1.32%,1.29%,6251.17,0.17,86.04,-0.38%,52226
2178,"IAUG",0.57%,2.04%,3.92%,4.97%,9.00%,12.34%,,,,0.31%,0.33%,17.18,0.00,31.02,0.00%,0
2179,"IAUM",1.04%,13.14%,1.83%,-11.93%,6.12%,34.77%,138.60%,150.87%,,1.29%,1.26%,2421.39,0.59,45.62,-0.37%,71618
2180,"IBAC",0.00%,0.83%,1.40%,1.49%,3.62%,3.42%,,,,0.44%,0.37%,3.95,0.00,10.88,0.00%,0
2181,"IBB",1.88%,13.93%,24.70%,23.53%,27.27%,54.98%,68.36%,25.02%,126.09%,1.69%,1.80%,1581.94,0.01,214.79,-0.20%,1161
2182,"IBBQ",-0.68%,11.64%,23.87%,21.98%,28.78%,55.56%,78.48%,36.66%,,1.55%,1.53%,27.16,0.00,36.57,0.00%,0
2183,"IBDR",0.08%,-0.04%,-0.04%,-0.12%,0.00%,-0.08%,3.77%,-8.81%,,0.04%,0.05%,589.89,0.00,24.23,0.00%,0
2184,"IBDS",0.12%,0.08%,-0.08%,-0.53%,-0.29%,-0.37%,4.13%,-10.60%,,0.16%,0.10%,562.18,0.00,24.21,0.00%,0
2185,"IBDT",0.04%,0.12%,-0.22%,-1.29%,-0.96%,-1.10%,3.96%,-12.74%,,0.19%,0.13%,627.97,0.00,25.21,0.00%,0
2186,"IBDU",0.09%,0.22%,-0.37%,-1.87%,-1.30%,-1.45%,4.19%,-13.97%,,0.24%,0.16%,755.78,0.00,23.10,0.00%,0
2187,"IBEX",2.40%,2.12%,17.74%,29.02%,-4.06%,25.49%,95.15%,100.49%,,2.17%,3.38%,105.65,0.00,36.63,0.00%,0
2188,"IBFR",0.42%,2.36%,2.85%,0.88%,1.40%,,,,,0.16%,0.15%,1.19,0.00,51.35,0.00%,0
2189,"IBHH",0.58%,0.32%,-0.30%,-0.78%,-0.76%,-1.45%,4.84%,,,0.32%,0.31%,118.13,0.00,23.50,0.00%,1
2190,"IBHI",0.36%,0.52%,-0.34%,-0.76%,-1.02%,-1.60%,7.27%,,,0.20%,0.36%,114.95,0.00,23.39,0.00%,1
2191,"IBHJ",0.23%,0.76%,0.08%,-0.52%,-0.60%,-0.70%,6.40%,,,0.32%,0.47%,39.08,0.00,26.45,0.00%,0
2192,"IBHM",0.24%,0.95%,0.16%,,1.56%,,,,,0.13%,0.18%,5.20,0.00,25.38,0.00%,0
2193,"IBKR",8.08%,12.58%,16.85%,30.24%,51.00%,57.16%,319.39%,495.40%,1000.08%,3.73%,3.36%,4795.43,0.03,97.11,0.09%,6396
2194,"IBLC",6.22%,7.19%,-14.79%,14.19%,13.47%,10.34%,179.14%,,,2.86%,3.16%,13.98,0.00,46.42,0.00%,0
2195,"IBMO",0.08%,0.00%,-0.02%,-0.27%,0.01%,-0.19%,2.48%,-5.20%,,0.13%,0.22%,74.79,0.00,25.64,0.00%,0
2196,"IBMP",0.06%,0.02%,0.02%,-0.51%,0.00%,-0.25%,2.65%,-6.31%,,0.09%,0.12%,79.45,0.00,25.39,0.00%,0
2197,"IBMQ",0.06%,0.27%,0.10%,-0.91%,-0.16%,-0.37%,2.67%,-6.99%,,0.11%,0.12%,71.20,0.00,25.53,0.00%,0
2198,"IBMR",0.06%,0.30%,-0.10%,-1.52%,-0.47%,-0.67%,3.43%,,,0.19%,0.14%,62.49,0.00,25.31,0.00%,0
2199,"IBN",2.41%,-0.36%,15.30%,-2.58%,1.17%,-5.37%,28.68%,60.89%,351.22%,1.59%,1.24%,6833.62,0.00,30.15,0.00%,0
2200,"IBND",-0.03%,1.85%,-0.67%,-3.66%,-2.43%,-2.12%,11.18%,-13.38%,-6.50%,0.51%,0.57%,66.56,0.00,31.33,0.00%,0
2201,"IBP",-1.48%,2.47%,15.22%,-17.66%,-4.53%,-10.56%,83.79%,108.39%,686.95%,3.13%,4.38%,404.60,0.00,246.00,0.00%,0
2202,"IBRN",-0.75%,7.80%,14.21%,23.30%,24.89%,61.71%,76.65%,,,1.15%,1.57%,3.14,0.00,40.36,0.00%,0
2203,"IBRX",5.99%,21.67%,7.64%,-12.98%,319.70%,255.13%,403.64%,-26.59%,5.06%,4.54%,4.90%,10854.41,0.02,8.31,0.73%,10082
2204,"IBTG",0.07%,0.00%,-0.04%,-0.11%,0.04%,-0.13%,2.45%,-10.33%,,0.04%,0.04%,524.54,0.00,22.89,0.00%,0
2205,"IBTH",0.04%,0.09%,-0.09%,-0.58%,-0.42%,-0.49%,2.76%,-12.09%,,0.04%,0.05%,500.41,0.00,22.38,0.00%,0
2206,"IBTI",0.00%,0.14%,-0.23%,-1.43%,-1.12%,-1.16%,2.63%,-13.18%,,0.06%,0.08%,453.50,0.00,22.11,0.00%,0
2207,"IBUF",0.33%,1.66%,4.22%,8.20%,9.97%,14.26%,,,,0.31%,0.32%,16.62,0.00,32.15,0.00%,0
2208,"IBUY",-0.56%,1.42%,10.51%,14.56%,-0.80%,0.47%,60.08%,-35.98%,171.72%,0.68%,1.11%,14.59,0.00,73.84,0.00%,0
2209,"ICAP",0.19%,3.56%,2.55%,1.80%,5.87%,7.28%,25.56%,,,0.84%,1.33%,30.55,0.00,29.41,0.00%,0
2210,"ICE",1.82%,4.68%,8.90%,-0.85%,-0.28%,-8.91%,39.46%,36.39%,190.80%,1.85%,2.25%,4526.89,0.00,161.50,-0.26%,860
2211,"ICF",0.23%,-2.27%,0.52%,5.06%,15.17%,12.42%,27.71%,0.42%,29.03%,0.85%,1.11%,141.58,0.00,68.72,0.00%,0
2212,"ICOP",4.20%,22.18%,7.85%,3.87%,33.53%,85.03%,148.91%,,,2.35%,2.18%,106.71,0.04,59.17,-1.03%,202
2213,"ICOW",0.31%,5.43%,1.40%,2.72%,17.94%,27.97%,52.68%,42.70%,,0.54%,0.65%,181.59,0.00,45.62,0.00%,0
2214,"ICPY",1.14%,2.71%,7.34%,10.83%,22.84%,,,,,0.56%,1.60%,20.58,0.00,13.31,0.00%,0
2215,"ICSH",0.06%,0.06%,-0.07%,-0.32%,-0.04%,-0.32%,0.92%,0.57%,1.41%,0.02%,0.03%,1442.15,0.00,50.56,0.02%,302
2216,"IDAC",0.20%,0.20%,,,0.50%,,,,,0.20%,0.17%,12.45,0.00,10.00,0.00%,0
2217,"IDCC",0.02%,30.96%,36.39%,-8.87%,7.42%,26.82%,308.70%,374.21%,389.83%,2.56%,3.75%,317.14,0.04,342.00,-0.67%,609
2218,"IDEC",0.53%,2.92%,3.89%,3.84%,9.73%,15.54%,,,,0.13%,0.14%,1.52,0.00,35.44,0.00%,0
2219,"IDEF",-3.07%,3.30%,0.21%,-5.89%,8.73%,14.78%,,,,1.28%,1.47%,835.85,0.00,33.50,0.00%,0
2220,"IDEQ",0.56%,5.58%,2.16%,2.22%,18.55%,31.51%,,,,0.86%,0.91%,322.37,0.00,35.98,0.00%,0
2221,"IDEV",0.85%,5.01%,3.38%,2.88%,13.17%,19.01%,57.30%,35.18%,,0.48%,0.65%,1536.38,0.00,93.34,0.00%,1
2222,"IDGT",0.39%,4.73%,-6.15%,20.84%,38.58%,40.98%,84.65%,62.34%,201.56%,1.06%,1.70%,42.28,0.00,117.79,0.00%,0
2223,"IDHQ",0.39%,6.06%,11.27%,15.51%,30.92%,39.37%,72.75%,44.44%,127.60%,0.54%,0.67%,150.24,0.00,46.02,0.00%,0
2224,"IDJL",0.10%,2.17%,,,0.70%,,,,,0.00%,0.14%,1.43,0.00,25.50,0.00%,0
2225,"IDJN",0.31%,3.08%,,,1.73%,,,,,0.00%,0.00%,1.39,0.00,25.60,0.00%,0
2226,"IDLV",0.72%,0.73%,3.36%,-1.27%,6.92%,6.92%,35.70%,13.62%,17.64%,0.49%,0.57%,33.27,0.00,36.24,0.00%,0
2227,"IDMO",1.19%,6.87%,4.38%,4.74%,13.64%,21.27%,93.27%,81.42%,160.86%,0.69%,0.92%,352.99,0.00,63.15,0.00%,0
2228,"IDMY",0.53%,2.81%,3.30%,,1.31%,,,,,0.05%,0.06%,2.26,0.00,25.90,0.00%,0
2229,"IDNA",4.35%,27.54%,36.30%,32.73%,56.55%,83.17%,87.04%,-23.62%,,2.36%,2.04%,60.43,0.03,41.00,0.91%,103
2230,"IDOG",-0.41%,3.87%,2.46%,4.70%,15.59%,23.94%,61.37%,59.01%,84.48%,0.64%,0.73%,32.76,0.00,44.57,0.00%,0
2231,"IDR",6.68%,19.73%,-14.06%,-23.09%,-17.62%,23.97%,484.51%,677.52%,1606.06%,5.94%,5.81%,239.52,0.01,33.20,0.51%,66
2232,"IDT",2.84%,2.98%,27.84%,36.78%,34.93%,8.92%,192.18%,53.01%,449.24%,2.51%,2.60%,205.15,0.00,69.10,0.00%,1
2233,"IDUB",0.82%,5.89%,2.12%,4.11%,16.73%,22.48%,45.85%,13.95%,,0.81%,0.84%,34.10,0.00,28.40,0.00%,0
2234,"IDV",0.14%,3.26%,0.42%,0.29%,13.89%,22.49%,74.01%,39.79%,50.47%,0.43%,0.51%,834.34,0.00,44.93,0.00%,0
2235,"IDVO",1.07%,2.68%,1.17%,-0.94%,12.96%,21.41%,57.94%,,,0.77%,0.92%,251.43,0.00,43.32,0.00%,0
2236,"IDVY",0.95%,5.00%,6.22%,5.15%,7.34%,,,,,0.06%,0.09%,0.34,0.00,27.26,0.00%,0
2237,"IDVZ",0.62%,-1.14%,-0.93%,-2.60%,9.44%,16.76%,,,,1.06%,1.40%,31.11,0.00,34.78,0.00%,0
2238,"IDYA",7.13%,17.73%,42.81%,31.35%,21.20%,67.60%,48.11%,82.81%,,3.96%,3.46%,1087.77,0.07,41.90,0.77%,4004
2239,"IDYN",1.00%,4.38%,0.82%,-2.39%,10.53%,20.18%,,,,0.31%,0.39%,13.18,0.00,31.12,0.00%,0
2240,"IE",18.08%,39.18%,-11.44%,-27.25%,-23.97%,36.21%,-15.21%,,,6.58%,5.74%,2218.38,0.00,12.15,1.84%,392
2241,"IEAG",-0.15%,0.24%,1.94%,,1.94%,,,,,0.08%,0.15%,77.29,0.00,10.24,0.00%,0
2242,"IEDI",,2.04%,3.69%,0.13%,4.03%,0.21%,39.10%,27.52%,,0.53%,0.58%,2.69,0.00,57.27,0.00%,0
2243,"IEFA",1.65%,5.62%,3.76%,3.26%,13.61%,18.57%,54.79%,32.36%,87.14%,0.48%,0.67%,9010.85,0.00,101.64,0.67%,10
2244,"IEMG",1.12%,10.53%,-1.91%,6.69%,21.93%,31.87%,68.23%,29.83%,84.70%,0.83%,1.27%,12901.21,0.00,81.96,0.13%,1041
2245,"IEO",-0.56%,12.20%,17.59%,27.05%,50.12%,46.50%,39.00%,168.75%,124.46%,1.91%,2.07%,77.38,0.00,134.00,0.00%,0
2246,"IETC",-0.06%,8.51%,-1.21%,17.00%,6.15%,10.88%,96.22%,85.66%,,1.08%,1.54%,46.02,0.00,107.84,0.00%,0
2247,"IEUR",0.64%,4.00%,3.07%,2.28%,10.59%,17.02%,53.23%,33.50%,91.00%,0.46%,0.62%,992.45,0.00,78.50,0.00%,0
2248,"IEUS",1.11%,4.89%,0.91%,1.94%,8.57%,10.40%,45.78%,2.39%,66.76%,0.53%,0.50%,7.01,0.00,74.42,0.00%,0
2249,"IEV",0.36%,3.72%,3.28%,2.02%,10.57%,17.72%,54.32%,39.05%,94.04%,0.48%,0.58%,103.39,0.00,75.85,0.00%,0
2250,"IEZ",-2.39%,9.01%,-4.22%,0.45%,39.20%,54.44%,25.27%,116.47%,-24.05%,2.20%,2.24%,406.20,0.00,29.05,0.00%,5
2251,"IFEB",0.42%,2.53%,3.34%,3.27%,6.50%,10.67%,,,,0.13%,0.25%,8.90,0.00,32.19,0.00%,0
2252,"IFED",-1.96%,6.81%,7.81%,7.39%,1.52%,4.54%,57.10%,,,3.56%,5.03%,1.58,0.00,47.06,0.00%,0
2253,"IFGL",0.04%,-1.46%,-1.42%,-10.51%,-1.52%,-1.46%,15.77%,-23.47%,-25.15%,0.66%,0.82%,9.43,0.00,22.74,0.00%,0
2254,"IFLO",0.65%,8.98%,11.91%,18.15%,31.27%,37.64%,,,,0.54%,0.74%,43.77,0.00,37.39,0.00%,0
2255,"IFLR",0.49%,2.73%,3.43%,0.34%,8.01%,,,,,0.46%,0.57%,14.62,0.00,54.52,0.00%,0
2256,"IFV",0.45%,5.74%,-6.37%,-6.04%,5.70%,8.34%,46.29%,11.49%,49.80%,1.03%,0.99%,53.52,0.00,26.25,0.00%,0
2257,"IGA",0.86%,3.93%,6.98%,5.17%,8.74%,6.23%,25.24%,7.14%,9.62%,0.79%,0.87%,57.20,0.00,10.57,0.00%,0
2258,"IGAC",0.30%,0.50%,0.95%,1.31%,2.44%,,,,,0.00%,0.03%,42.87,0.00,10.08,0.00%,0
2259,"IGBH",0.56%,1.18%,-0.65%,0.47%,-0.22%,0.66%,2.61%,-1.27%,5.11%,0.16%,0.21%,103.85,0.00,24.58,0.00%,0
2260,"IGD",-0.30%,1.85%,3.78%,10.20%,15.21%,11.32%,29.72%,8.39%,-8.85%,0.92%,0.93%,290.89,0.00,6.59,0.00%,0
2261,"IGE",0.41%,11.65%,9.25%,6.77%,30.78%,39.55%,60.28%,133.88%,99.05%,1.32%,1.26%,174.47,0.00,65.65,0.00%,0
2262,"IGGY",0.63%,6.68%,5.77%,3.23%,3.45%,,,,,0.01%,0.05%,0.20,0.00,30.09,0.00%,0
2263,"IGLD",1.16%,8.60%,-5.40%,-20.84%,-9.64%,2.54%,20.02%,10.54%,,1.20%,1.20%,351.71,0.09,22.60,0.31%,1635
2264,"IGM",1.98%,10.50%,-0.69%,28.86%,25.08%,37.50%,149.17%,127.45%,707.12%,1.06%,1.72%,439.30,0.00,161.55,1.83%,27
2265,"IGOV",-0.10%,2.04%,-0.46%,-3.08%,-0.41%,-1.57%,7.77%,-21.11%,-17.30%,0.64%,0.62%,344.13,0.00,41.49,0.00%,0
2266,"IGRO",0.75%,1.69%,4.84%,3.30%,12.26%,17.66%,53.46%,37.35%,85.39%,0.45%,0.57%,38.48,0.00,92.92,0.00%,0
2267,"IGSB",0.43%,0.43%,-0.22%,-1.56%,-0.98%,-1.22%,5.78%,-3.50%,0.23%,0.08%,0.11%,2990.94,0.00,52.36,0.31%,5
2268,"IGV",2.81%,13.42%,9.50%,26.84%,-0.87%,-2.49%,51.46%,23.60%,364.36%,1.99%,2.28%,15663.60,0.03,104.77,2.32%,25985
2269,"IHAK",-3.70%,3.27%,12.74%,44.58%,29.14%,21.44%,62.33%,36.54%,,2.49%,2.36%,168.87,0.00,62.14,0.00%,0
2270,"IHD",2.42%,7.02%,0.93%,6.28%,21.53%,27.00%,51.19%,1.20%,-5.93%,1.13%,1.58%,93.96,0.00,7.62,0.00%,0
2271,"IHDG",0.89%,1.38%,4.01%,2.94%,9.93%,18.11%,35.93%,28.75%,122.93%,0.43%,0.51%,125.00,0.00,53.49,0.00%,0
2272,"IHE",2.18%,4.37%,16.64%,19.06%,27.34%,52.06%,70.66%,67.64%,116.21%,1.45%,1.58%,240.50,0.00,108.02,1.97%,9
2273,"IHG",1.87%,1.47%,3.40%,17.07%,16.86%,36.22%,118.91%,163.50%,273.54%,1.16%,1.76%,261.58,0.00,164.58,0.00%,0
2274,"IHS",1.44%,2.54%,1.80%,6.00%,13.67%,17.29%,18.27%,,,0.67%,0.63%,1236.23,0.00,8.48,1.44%,20
2275,"IHY",0.17%,1.13%,-0.51%,-2.29%,-1.28%,-1.53%,9.46%,-14.83%,-11.72%,0.33%,0.37%,7.74,0.00,21.72,0.00%,1
2276,"IIF",0.61%,2.34%,6.18%,-4.01%,-7.13%,-7.59%,42.99%,48.24%,113.05%,1.63%,1.74%,32.12,0.00,23.20,0.00%,0
2277,"III",0.20%,19.52%,9.98%,5.76%,-14.19%,-0.80%,0.00%,-28.74%,30.53%,2.61%,4.01%,238.36,0.00,4.96,0.00%,0
2278,"IINC",0.34%,2.42%,,,5.56%,,,,,0.15%,0.45%,28.59,0.00,26.50,0.00%,0
2279,"IJAN",0.47%,2.33%,3.37%,3.77%,8.19%,12.29%,37.94%,45.29%,,0.25%,0.39%,11.64,0.00,39.12,0.00%,0
2280,"IJH",-0.55%,0.78%,3.04%,6.74%,16.09%,17.91%,48.70%,41.22%,145.86%,0.91%,1.03%,6901.68,0.00,76.62,0.00%,0
2281,"IJJ",-0.32%,-0.78%,4.34%,5.59%,12.81%,14.13%,41.92%,39.74%,122.95%,0.78%,0.92%,174.87,0.00,148.45,0.00%,0
2282,"IJK",-0.71%,2.34%,1.80%,7.73%,19.11%,21.64%,54.89%,41.39%,160.56%,0.94%,1.12%,235.51,0.00,115.39,0.00%,0
2283,"IJR",-0.78%,0.31%,5.12%,12.33%,22.13%,24.61%,49.25%,33.46%,137.66%,0.76%,1.01%,3519.19,0.00,146.77,0.00%,0
2284,"IJS",0.31%,1.52%,4.73%,10.83%,21.29%,25.35%,47.80%,33.09%,122.06%,0.71%,0.96%,322.43,0.00,137.93,0.00%,2
2285,"IJUL",0.46%,2.49%,4.72%,6.03%,10.45%,14.39%,43.95%,51.12%,,0.41%,0.47%,53.62,0.00,37.01,0.00%,0
2286,"IJUN",0.19%,2.51%,3.32%,5.53%,9.60%,13.86%,,,,0.20%,0.37%,42.88,0.00,32.03,0.00%,0
2287,"ILCB",-0.44%,3.48%,2.19%,10.95%,12.48%,18.60%,75.09%,68.06%,230.67%,0.46%,0.62%,13.14,0.00,106.16,0.00%,0
2288,"ILCG",0.61%,6.93%,-2.54%,12.93%,10.77%,14.11%,87.88%,66.85%,372.26%,0.79%,1.06%,78.62,1.68,115.24,0.81%,6607
2289,"ILCV",0.06%,3.26%,6.66%,11.02%,15.01%,24.26%,63.14%,64.19%,145.19%,0.46%,0.63%,23.45,0.00,108.52,0.00%,0
2290,"ILDR",-1.00%,8.24%,1.15%,22.81%,17.52%,28.33%,119.52%,71.70%,,1.21%,2.42%,57.71,0.00,38.77,0.00%,0
2291,"ILF",4.04%,0.43%,-0.74%,-6.14%,15.04%,32.61%,33.31%,21.47%,25.49%,1.88%,1.62%,2404.22,0.00,35.03,0.00%,0
2292,"ILLU",0.03%,-0.07%,0.44%,,-9.42%,,,,,0.04%,0.04%,28.22,0.00,9.96,0.00%,0
2293,"ILOW",0.72%,2.84%,5.21%,4.77%,11.48%,12.67%,,,,0.83%,0.75%,49.07,0.00,47.48,0.00%,0
2294,"ILS",0.45%,1.61%,1.41%,0.15%,0.83%,0.10%,,,,0.30%,0.21%,37.04,0.00,20.15,0.00%,0
2295,"IMAR",0.39%,2.39%,3.05%,2.89%,4.73%,8.67%,,,,0.33%,0.38%,34.40,0.00,31.28,0.00%,0
2296,"IMAX",0.53%,8.96%,35.15%,26.93%,43.45%,83.08%,184.29%,238.14%,74.35%,3.55%,3.92%,1259.85,0.00,53.02,0.49%,64
2297,"IMAY",0.41%,2.54%,3.27%,6.01%,9.18%,13.41%,,,,0.22%,0.24%,15.84,0.00,32.64,0.00%,0
2298,"IMC",-3.36%,107.21%,,,105.21%,,,,,11.72%,,362.91,0.00,10.63,-4.32%,20
2299,"IMCB",0.03%,2.31%,7.89%,13.53%,21.01%,21.84%,61.97%,45.75%,157.73%,0.55%,0.72%,32.10,0.00,100.11,0.00%,0
2300,"IMCG",0.21%,2.89%,6.55%,16.98%,23.21%,20.64%,66.28%,37.18%,264.33%,0.69%,0.98%,107.25,0.00,98.37,0.00%,0
2301,"IMCV",-0.02%,1.76%,9.53%,10.88%,19.47%,23.43%,56.99%,51.88%,122.46%,0.60%,0.77%,24.13,0.00,98.37,0.00%,0
2302,"IMF",0.26%,2.10%,1.17%,6.62%,14.49%,19.59%,,,,0.26%,0.47%,8.92,0.00,52.61,0.00%,0
2303,"IMFL",0.87%,4.34%,1.59%,0.37%,17.89%,27.27%,49.01%,32.93%,,0.67%,0.99%,68.98,0.00,35.12,0.00%,0
2304,"IMMX",7.90%,73.81%,60.63%,67.26%,171.51%,624.49%,602.97%,,,6.66%,7.60%,1813.22,0.00,14.20,0.92%,42
2305,"IMNM",1.50%,23.32%,26.44%,30.20%,32.68%,186.43%,355.27%,98.61%,,4.47%,5.56%,1392.52,0.00,28.50,-0.87%,262
2306,"IMO",-3.45%,4.53%,5.48%,13.09%,52.27%,49.70%,137.91%,403.33%,326.41%,1.99%,2.23%,545.68,0.00,131.42,0.00%,0
2307,"IMPP",-3.00%,3.41%,-10.85%,18.00%,33.98%,47.87%,273.08%,,,4.24%,3.94%,327.21,0.00,4.85,0.00%,0
2308,"IMTM",0.30%,5.53%,1.84%,1.38%,12.17%,17.83%,71.49%,45.02%,114.71%,0.62%,0.85%,382.34,0.00,53.81,0.00%,0
2309,"IMVT",-2.37%,12.15%,29.25%,57.97%,70.34%,185.24%,115.85%,415.48%,,2.75%,3.63%,1320.16,0.00,43.30,-1.34%,21
2310,"INAC",0.00%,0.00%,0.78%,1.58%,2.39%,3.20%,,,,0.00%,0.04%,10.21,0.00,10.29,0.00%,0
2311,"INBX",23.51%,57.30%,21.69%,56.15%,58.66%,383.66%,,,,10.98%,7.70%,300.38,0.00,125.34,0.00%,0
2312,"INCE",-0.23%,1.07%,2.74%,3.14%,13.21%,16.01%,40.96%,41.77%,,0.64%,0.67%,45.54,0.00,69.17,0.00%,0
2313,"INCM",-0.27%,1.30%,0.85%,0.34%,5.63%,6.89%,19.98%,,,0.59%,0.50%,401.19,0.00,29.62,0.00%,0
2314,"INCO",-0.35%,1.17%,6.10%,-3.17%,-4.20%,-5.22%,27.88%,43.67%,124.44%,0.38%,0.41%,28.85,0.00,62.09,0.00%,0
2315,"INCY",-0.14%,-0.05%,30.30%,26.93%,28.62%,49.74%,98.94%,67.86%,56.76%,2.29%,2.81%,1860.53,0.00,127.04,-0.84%,15
2316,"INDA",0.25%,1.03%,2.02%,-5.52%,-8.09%,-5.70%,13.52%,4.49%,71.58%,0.43%,0.47%,5814.62,0.00,49.68,-0.15%,397
2317,"INDQ",-1.12%,2.45%,-0.64%,,5.17%,,,,,0.36%,0.12%,1.42,0.00,26.68,0.00%,0
2318,"INDZ",0.76%,1.59%,4.81%,2.21%,4.60%,,,,,0.05%,0.11%,2.33,0.00,25.65,0.00%,0
2319,"INEQ",0.58%,4.29%,4.14%,1.47%,12.81%,20.27%,68.21%,62.70%,90.73%,0.36%,0.57%,15.00,0.00,42.04,0.00%,0
2320,"INFH",18.02%,103.11%,,,-47.97%,,,,,15.07%,14.31%,314.84,0.37,9.47,3.95%,5769
2321,"INFL",3.09%,10.46%,7.02%,4.83%,25.46%,30.97%,79.65%,86.89%,,1.37%,1.21%,190.48,0.00,55.78,0.00%,0
2322,"INFO",-0.35%,2.55%,3.69%,12.63%,14.56%,22.28%,,,,0.40%,0.64%,28.14,0.00,28.08,0.00%,0
2323,"INFQ",9.96%,56.29%,-22.34%,7.06%,-11.54%,36.63%,,,,7.96%,7.67%,14098.45,0.07,13.80,2.00%,50316
2324,"ING",1.71%,7.94%,13.78%,18.87%,26.22%,47.01%,151.03%,165.34%,202.06%,0.86%,1.14%,3115.95,0.02,35.09,-1.35%,2463
2325,"INGM",7.76%,-3.03%,7.13%,42.31%,36.64%,50.08%,,,,2.93%,3.51%,1197.30,0.00,29.16,0.00%,0
2326,"INKM",0.17%,0.88%,0.70%,-0.09%,5.78%,5.42%,16.86%,-2.25%,9.95%,0.17%,0.27%,4.74,0.00,34.90,0.00%,0
2327,"INOV",0.56%,3.30%,4.29%,4.15%,10.18%,15.67%,,,,0.16%,0.23%,8.12,0.00,38.06,0.00%,0
2328,"INQQ",1.01%,5.98%,13.67%,6.24%,-5.10%,-11.92%,14.49%,,,0.64%,0.58%,25.35,0.00,13.97,0.00%,0
2329,"INRO",-0.28%,3.56%,1.59%,12.43%,14.11%,20.59%,,,,0.29%,0.42%,2.42,0.00,36.71,0.00%,0
2330,"INSM",-0.85%,20.27%,14.44%,-17.32%,-28.74%,-7.81%,467.86%,361.38%,838.12%,3.18%,3.78%,3470.35,0.00,124.02,-0.30%,188
2331,"INSW",-4.79%,0.05%,30.14%,41.89%,111.91%,136.55%,190.43%,741.17%,,2.82%,3.47%,554.81,0.01,94.60,0.99%,147
2332,"INTA",0.77%,32.03%,111.08%,86.78%,-11.83%,-10.30%,20.13%,1.03%,,3.45%,4.86%,876.67,0.00,40.40,0.00%,0
2333,"INTF",0.68%,4.45%,3.97%,3.45%,14.44%,21.97%,64.95%,43.95%,84.46%,0.47%,0.64%,251.56,0.00,43.20,0.00%,0
2334,"INTL",0.94%,5.79%,1.23%,2.25%,12.70%,17.36%,53.16%,,,0.60%,0.77%,31.58,0.00,31.45,0.00%,0
2335,"INTR",6.73%,2.59%,-12.46%,-37.57%,-34.55%,-33.85%,24.44%,,,5.18%,4.87%,5525.33,0.02,5.55,0.36%,5025
2336,"INVN",-1.01%,9.77%,27.00%,36.39%,22.14%,30.94%,,,,0.63%,1.29%,4.58,0.00,26.43,0.00%,0
2337,"IOCT",0.36%,2.46%,3.89%,4.55%,9.35%,13.44%,45.51%,,,0.24%,0.28%,8.27,0.00,38.12,0.00%,0
2338,"ION",3.50%,15.53%,-10.79%,-17.72%,3.41%,54.06%,58.21%,,,0.33%,0.92%,2.63,0.00,53.42,0.00%,0
2339,"IONS",8.92%,18.43%,-17.24%,-20.60%,-19.10%,49.71%,58.73%,61.49%,107.12%,3.04%,3.29%,2908.97,0.01,64.00,1.01%,1015
2340,"IOO",-0.80%,3.64%,0.82%,10.30%,13.04%,24.74%,91.07%,94.62%,283.61%,0.60%,0.88%,286.32,0.00,143.19,0.00%,0
2341,"IOR",0.00%,-5.99%,12.16%,6.49%,14.07%,10.00%,69.66%,62.76%,177.87%,0.00%,1.68%,2.54,0.00,20.02,0.00%,0
2342,"IOT",2.85%,3.46%,26.99%,38.43%,13.09%,12.45%,58.71%,,,5.07%,5.03%,6058.76,0.00,40.09,0.63%,280
2343,"IP",2.55%,-2.93%,24.22%,-4.03%,5.08%,-14.43%,21.99%,-27.86%,-11.28%,2.81%,3.02%,5366.06,0.00,41.39,0.00%,1
2344,"IPAC",0.71%,4.86%,3.54%,2.29%,16.51%,17.53%,53.31%,29.18%,72.05%,0.52%,0.83%,86.96,0.00,85.30,0.00%,0
2345,"IPAV",0.95%,4.88%,-4.65%,-4.39%,10.17%,16.55%,,,,1.20%,0.60%,1.66,0.00,32.50,0.00%,0
2346,"IPAY",2.40%,3.75%,15.96%,16.58%,0.93%,-11.61%,28.50%,-25.37%,110.46%,1.13%,1.63%,56.19,0.00,52.52,0.00%,0
2347,"IPI",1.05%,5.95%,-3.56%,9.94%,34.80%,24.68%,45.67%,25.14%,183.18%,4.39%,4.52%,210.86,0.00,37.38,0.00%,0
2348,"IPKW",-0.30%,1.69%,3.33%,1.56%,9.21%,16.86%,74.81%,36.84%,117.80%,0.43%,0.61%,43.46,0.51,60.69,-0.17%,1099
2349,"IPVV",0.10%,0.31%,,,0.00%,,,,,0.13%,,10.93,0.00,9.83,0.00%,0
2350,"IQDF",1.14%,5.49%,3.01%,5.59%,18.59%,27.12%,66.47%,37.91%,58.39%,0.51%,0.60%,57.10,0.00,36.05,0.00%,0
2351,"IQDG",0.71%,4.04%,3.63%,0.79%,7.98%,14.61%,34.45%,10.46%,74.67%,0.35%,0.59%,43.70,0.00,44.79,0.00%,0
2352,"IQDY",1.26%,6.03%,2.66%,7.56%,20.01%,31.41%,71.08%,43.38%,87.27%,0.32%,0.51%,9.39,0.00,43.97,0.00%,0
2353,"IQHI",0.17%,0.37%,-0.48%,-1.48%,-0.82%,-1.41%,2.27%,,,0.43%,0.23%,5.62,0.00,25.93,0.00%,0
2354,"IQI",0.10%,1.20%,2.85%,-0.69%,1.31%,7.57%,11.00%,-25.81%,-27.57%,0.90%,0.95%,153.32,0.00,10.09,0.00%,0
2355,"IQLT",0.46%,4.79%,5.19%,4.71%,14.54%,20.45%,51.25%,31.07%,103.28%,0.46%,0.61%,1415.17,0.00,52.06,0.00%,0
2356,"IQMX",18.70%,9.64%,0.79%,8.29%,12.43%,13.54%,,,,11.11%,7.19%,571.55,0.06,11.49,4.55%,1744
2357,"IQQ",1.16%,8.66%,,,-0.29%,,,,,0.87%,1.28%,1097.12,0.09,24.33,1.08%,4718
2358,"IQRA",0.77%,0.19%,2.13%,-0.98%,9.40%,10.07%,31.17%,,,0.14%,0.03%,0.04,1.00,30.88,0.41%,2
2359,"IQSI",0.48%,4.32%,2.90%,1.38%,12.05%,16.50%,49.61%,30.33%,,0.17%,0.21%,12.75,0.00,39.41,0.00%,0
2360,"IQSM",-0.25%,3.30%,6.70%,10.37%,17.76%,20.64%,46.92%,,,0.04%,0.09%,5.82,0.00,40.77,0.00%,0
2361,"IQSU",0.03%,3.92%,1.77%,14.56%,14.62%,22.79%,63.17%,61.86%,,0.36%,0.46%,5.86,0.00,62.75,0.00%,0
2362,"IQSZ",0.22%,4.03%,2.88%,9.39%,16.01%,27.03%,,,,0.11%,0.03%,0.13,0.00,32.50,0.00%,0
2363,"IRAB",-0.10%,0.50%,0.60%,1.32%,1.11%,,,,,0.16%,0.13%,21.84,0.00,9.98,0.00%,0
2364,"IRHO",0.20%,0.35%,-0.15%,1.57%,1.88%,,,,,0.07%,0.09%,71.31,0.00,10.05,0.00%,0
2365,"IRON",5.28%,12.66%,17.23%,22.22%,4.52%,38.45%,50.01%,115.03%,,2.75%,3.85%,518.22,0.06,83.00,0.40%,1559
2366,"IRTC",-6.92%,-2.71%,3.04%,-15.02%,-32.87%,-29.84%,14.19%,153.99%,,3.56%,5.09%,613.88,0.00,119.12,-0.03%,86
2367,"IRTR",0.09%,1.42%,0.18%,1.31%,4.28%,6.73%,,,,0.31%,0.32%,13.89,0.00,32.12,0.00%,0
2368,"ISBG",34.10%,58.63%,-3.93%,-17.03%,-30.98%,,,,,3.52%,2.54%,9.31,0.00,17.60,0.00%,0
2369,"ISCB",-0.49%,1.67%,5.25%,10.00%,17.22%,22.00%,55.92%,34.56%,109.02%,0.46%,0.68%,4.15,0.00,76.21,0.00%,0
2370,"ISCF",0.89%,5.33%,2.27%,0.98%,11.10%,14.04%,52.00%,22.97%,81.36%,0.40%,0.60%,47.07,0.00,46.08,0.00%,0
2371,"ISCG",-0.68%,2.99%,3.59%,9.77%,16.93%,22.71%,61.44%,29.39%,171.19%,0.80%,0.98%,27.61,0.00,64.85,0.00%,0
2372,"ISCV",-0.13%,0.46%,7.36%,10.46%,18.19%,21.87%,50.96%,42.18%,88.12%,1.00%,1.08%,11.61,0.00,80.96,0.00%,0
2373,"ISEP",0.17%,2.01%,3.75%,4.65%,9.07%,12.48%,,,,0.20%,0.20%,14.86,0.00,35.55,0.00%,0
2374,"ISHG",0.05%,2.69%,0.76%,-0.40%,1.23%,0.65%,10.82%,-6.73%,-8.64%,0.54%,0.59%,90.54,0.00,76.17,0.00%,0
2375,"ISHP",0.05%,3.42%,8.88%,4.03%,-5.28%,-10.47%,41.46%,3.59%,,0.05%,0.08%,0.10,0.00,37.06,0.00%,0
2376,"ISMF",0.82%,1.37%,-0.07%,1.77%,7.80%,14.69%,,,,0.43%,0.46%,8.37,0.00,28.33,0.00%,0
2377,"ISNR",0.35%,,,,0.10%,,,,,0.34%,,13.02,0.00,9.91,0.00%,0
2378,"ISPY",0.37%,3.51%,-0.86%,5.47%,6.05%,10.48%,,,,0.60%,0.83%,93.14,0.00,48.39,0.00%,1
2379,"ISRA",-0.38%,4.74%,-5.11%,6.70%,13.28%,28.21%,94.40%,39.63%,136.06%,1.12%,1.09%,5.00,0.00,66.61,0.00%,0
2380,"ISSB",27.70%,34.27%,2.14%,13.49%,-10.58%,,,,,2.11%,1.22%,2.25,0.00,22.47,0.00%,0
2381,"ISTM",1.34%,8.71%,-2.15%,-2.29%,10.20%,28.21%,,,,2.07%,1.46%,5.72,0.00,31.34,0.00%,0
2382,"ISTR",0.70%,-0.27%,6.18%,3.44%,12.50%,30.07%,130.88%,33.66%,91.46%,1.69%,1.79%,181.82,0.00,30.06,0.00%,0
2383,"ISVL",1.26%,5.96%,4.57%,4.03%,14.81%,23.44%,75.57%,48.75%,,0.46%,0.74%,17.86,0.00,54.62,0.00%,0
2384,"ISWN",0.19%,2.79%,1.34%,-2.45%,5.44%,7.73%,23.95%,-11.63%,,0.33%,0.39%,1.87,0.00,22.64,0.00%,0
2385,"ITAN",-0.30%,4.70%,7.21%,19.58%,20.88%,32.84%,87.35%,73.33%,,0.47%,0.65%,12.77,0.00,44.77,0.00%,0
2386,"ITDB",0.15%,2.15%,1.57%,3.97%,7.73%,10.14%,,,,0.29%,0.40%,16.61,0.00,35.47,0.00%,0
2387,"ITDC",0.15%,2.61%,1.92%,5.12%,9.63%,12.49%,,,,0.36%,0.50%,19.16,0.00,37.24,0.00%,0
2388,"ITDD",0.13%,2.91%,2.22%,6.04%,11.33%,14.96%,,,,0.36%,0.54%,15.99,0.00,39.19,0.00%,0
2389,"ITDE",0.15%,3.30%,2.44%,7.11%,12.84%,17.26%,,,,0.38%,0.55%,11.47,0.00,40.85,0.00%,0
2390,"ITDF",0.16%,3.72%,2.72%,7.95%,14.08%,19.15%,,,,0.29%,0.60%,10.91,0.00,42.41,0.00%,0
2391,"ITDG",0.19%,4.01%,2.86%,8.56%,14.77%,20.30%,,,,0.37%,0.52%,7.91,0.00,43.21,0.00%,0
2392,"ITDH",0.08%,4.05%,2.89%,8.65%,15.04%,20.43%,,,,0.39%,0.57%,5.76,0.00,43.23,0.00%,0
2393,"ITDI",0.16%,4.06%,2.90%,8.65%,14.87%,20.46%,,,,0.44%,0.50%,3.00,0.00,43.21,0.00%,0
2394,"ITDJ",0.15%,4.03%,2.88%,8.63%,14.85%,20.71%,,,,0.26%,0.48%,5.03,0.00,33.59,0.00%,0
2395,"ITGR",-0.09%,24.72%,40.71%,44.73%,59.62%,15.43%,52.06%,33.92%,434.09%,0.29%,1.70%,866.86,0.00,125.19,0.00%,0
2396,"ITHA",0.00%,0.50%,0.91%,1.31%,1.31%,,,,,0.18%,0.12%,9.26,0.00,10.03,0.00%,0
2397,"ITIC",4.65%,5.25%,26.73%,32.82%,22.57%,29.07%,127.61%,101.02%,365.99%,3.06%,2.81%,55.09,0.00,305.98,0.00%,0
2398,"ITOT",0.69%,5.21%,2.01%,11.52%,13.23%,18.86%,73.51%,63.04%,240.24%,0.50%,0.77%,1793.57,0.00,168.36,0.26%,4
2399,"ITRG",3.87%,44.61%,9.67%,-32.03%,-26.43%,39.81%,227.63%,-57.71%,,4.05%,4.81%,3246.14,0.01,2.95,1.37%,880
2400,"ITRI",0.28%,-3.54%,18.09%,2.74%,6.30%,-20.35%,46.48%,15.15%,104.62%,2.45%,3.07%,787.78,0.02,98.71,-0.15%,617
2401,"ITT",0.73%,9.88%,8.44%,2.70%,20.83%,20.86%,113.18%,113.70%,480.45%,2.82%,3.08%,928.40,0.02,209.66,-0.35%,1058
2402,"ITW",0.51%,-2.83%,13.83%,-2.10%,15.38%,6.50%,18.12%,23.21%,137.54%,1.43%,2.00%,1364.24,0.00,284.17,-0.47%,25
2403,"IUS",5.87%,8.50%,11.58%,21.69%,28.46%,36.13%,81.17%,91.08%,,0.49%,0.70%,57.74,0.00,73.43,4.94%,2
2404,"IUSG",0.18%,7.13%,-0.54%,14.49%,12.87%,19.97%,94.68%,75.83%,345.15%,0.72%,1.09%,527.77,0.00,189.56,0.00%,14
2405,"IUSV",0.79%,2.29%,4.25%,7.11%,12.35%,16.59%,49.16%,55.53%,149.51%,0.55%,0.69%,632.28,0.00,115.20,0.00%,11
2406,"IVA",5.38%,8.65%,-6.31%,-25.19%,5.38%,-6.31%,43.70%,-60.99%,,3.50%,4.15%,1039.17,0.00,4.90,1.66%,30
2407,"IVAL",0.86%,3.71%,4.70%,1.61%,18.13%,24.34%,55.71%,32.60%,53.11%,0.45%,0.66%,17.81,0.00,37.16,0.00%,0
2408,"IVE",-0.25%,1.47%,4.33%,7.35%,12.16%,17.33%,49.47%,58.03%,148.89%,0.55%,0.68%,973.65,0.00,237.86,0.00%,0
2409,"IVES",-0.37%,12.45%,-1.90%,25.00%,20.85%,35.85%,,,,1.30%,2.00%,505.17,0.00,38.20,0.21%,7
2410,"IVLU",0.89%,3.98%,3.18%,3.28%,16.74%,26.62%,76.34%,72.77%,108.45%,0.45%,0.65%,830.50,0.00,44.42,0.00%,0
2411,"IVOG",-0.60%,2.33%,1.88%,8.40%,19.66%,21.82%,55.29%,42.02%,163.57%,0.95%,1.11%,23.03,0.00,143.83,0.00%,0
2412,"IVOO",-0.48%,0.79%,3.00%,6.61%,15.99%,17.88%,48.60%,41.29%,146.68%,0.85%,0.94%,78.52,0.00,129.68,0.00%,0
2413,"IVOV",-0.26%,-0.77%,4.74%,6.56%,13.67%,14.15%,42.84%,40.77%,126.40%,0.73%,0.85%,13.23,0.00,114.82,0.00%,0
2414,"IVRS",,3.20%,-0.81%,6.37%,-5.33%,-13.10%,31.39%,,,0.29%,0.48%,0.72,0.00,32.58,0.00%,0
2415,"IVSI",0.89%,3.59%,6.48%,6.03%,17.68%,,,,,0.43%,0.15%,0.89,0.00,30.25,0.00%,0
2416,"IVSS",-0.08%,-0.31%,8.60%,12.01%,21.40%,,,,,0.31%,0.45%,3.01,0.00,30.61,0.00%,0
2417,"IVSX",1.46%,4.51%,5.38%,2.41%,3.51%,,,,,0.61%,0.32%,0.41,0.00,26.07,0.00%,0
2418,"IVV",0.84%,5.41%,1.92%,11.60%,12.82%,18.92%,74.67%,70.89%,254.51%,0.52%,0.78%,7737.43,0.02,772.75,0.40%,9342
2419,"IVVB",-0.22%,2.43%,2.38%,5.26%,6.87%,10.48%,41.56%,,,0.36%,0.41%,23.44,0.00,35.34,0.00%,0
2420,"IVVM",-0.16%,2.19%,2.44%,7.14%,8.41%,12.59%,50.09%,,,0.34%,0.40%,22.10,0.00,37.72,0.00%,0
2421,"IVW",0.72%,7.80%,-0.17%,15.47%,13.06%,20.56%,98.38%,78.94%,358.73%,0.75%,1.14%,1928.74,0.02,139.36,0.54%,1730
2422,"IVZ",5.23%,17.56%,17.61%,21.82%,25.62%,49.66%,117.25%,28.45%,6.87%,2.54%,2.76%,5071.59,0.01,33.00,0.06%,2100
2423,"IWB",1.27%,5.99%,2.80%,11.93%,13.32%,19.06%,75.01%,66.81%,250.71%,0.50%,0.77%,558.92,0.00,423.20,0.85%,2
2424,"IWC",-1.05%,4.11%,2.82%,16.03%,25.13%,37.86%,86.54%,36.73%,160.09%,0.93%,1.15%,70.93,0.00,197.05,0.00%,0
2425,"IWD",0.96%,3.65%,8.65%,14.75%,22.95%,28.34%,65.02%,58.08%,144.75%,0.54%,0.70%,2144.38,0.00,258.62,0.06%,45
2426,"IWDL",,4.87%,16.60%,29.37%,44.16%,63.69%,141.73%,117.75%,,0.20%,0.47%,1.11,0.00,70.25,0.00%,0
2427,"IWF",-0.06%,6.75%,-4.22%,7.23%,2.89%,8.69%,78.78%,68.76%,366.63%,0.89%,1.26%,4697.95,0.00,121.75,0.00%,6
2428,"IWFG",-0.17%,5.78%,0.30%,7.63%,1.53%,3.62%,72.50%,,,0.00%,0.15%,0.94,0.00,54.29,0.00%,0
2429,"IWFL",,15.51%,-1.26%,15.27%,7.22%,16.58%,149.75%,100.25%,,0.01%,0.07%,0.35,0.00,61.44,0.00%,0
2430,"IWL",-0.40%,3.78%,1.60%,10.54%,11.05%,18.39%,78.57%,76.61%,286.21%,0.50%,0.79%,47.86,0.00,189.48,0.00%,0
2431,"IWLG",0.21%,5.22%,-0.46%,8.68%,3.95%,8.04%,78.08%,,,0.62%,0.92%,20.25,0.00,56.34,0.00%,0
2432,"IWM",0.30%,3.47%,2.24%,12.25%,21.29%,26.55%,62.27%,31.87%,142.63%,0.75%,1.00%,23119.42,0.09,298.58,-0.12%,99599
2433,"IWML",,7.63%,9.25%,28.76%,44.88%,69.96%,112.54%,44.27%,,0.20%,0.86%,0.46,0.00,34.49,0.00%,0
2434,"IWN",0.24%,1.24%,4.17%,11.71%,23.80%,28.54%,59.37%,36.23%,115.69%,0.63%,0.87%,595.56,0.00,224.34,0.00%,7
2435,"IWO",0.83%,6.07%,0.79%,13.25%,19.44%,25.02%,64.68%,26.17%,162.23%,0.99%,1.29%,453.54,0.03,385.79,0.15%,671
2436,"IWP",-0.92%,4.64%,1.27%,4.59%,4.04%,0.59%,52.31%,22.11%,191.51%,1.03%,1.37%,856.84,0.00,142.47,0.00%,0
2437,"IWR",-0.33%,2.28%,6.15%,10.34%,17.63%,18.33%,58.29%,39.70%,159.81%,0.63%,0.83%,1850.48,0.00,113.24,0.00%,0
2438,"IWS",0.68%,2.46%,7.41%,11.54%,22.01%,23.84%,59.12%,45.27%,124.97%,0.62%,0.80%,474.75,0.00,172.10,0.00%,9
2439,"IWV",0.49%,5.03%,2.04%,11.21%,12.89%,18.58%,73.11%,63.44%,240.33%,0.48%,0.75%,201.54,0.01,436.71,0.09%,63
2440,"IWX",-0.14%,2.91%,8.82%,15.91%,22.99%,30.61%,67.85%,65.93%,155.73%,0.58%,0.71%,371.16,0.00,112.98,0.00%,0
2441,"IWY",-0.66%,4.66%,-3.55%,6.27%,2.69%,9.62%,80.42%,78.48%,408.64%,0.84%,1.26%,387.58,0.00,284.38,0.00%,0
2442,"IX",7.94%,3.58%,4.71%,13.86%,38.68%,57.18%,123.88%,116.58%,193.68%,0.80%,1.47%,282.82,0.00,40.52,1.99%,1
2443,"IXC",-1.81%,6.55%,6.12%,11.99%,36.13%,38.95%,44.54%,134.32%,81.31%,1.38%,1.49%,931.98,0.00,57.08,0.00%,0
2444,"IXG",1.29%,1.23%,10.57%,11.38%,11.63%,17.08%,90.15%,68.92%,165.05%,0.75%,0.75%,60.86,0.00,134.83,0.00%,0
2445,"IXJ",-0.56%,2.59%,10.59%,4.76%,7.89%,20.02%,23.35%,19.29%,108.26%,1.19%,1.22%,266.36,0.00,105.08,-1.16%,8
2446,"IXN",1.37%,12.34%,-0.26%,29.86%,34.27%,46.87%,137.88%,137.44%,692.11%,1.23%,1.81%,423.86,0.01,140.98,1.61%,302
2447,"IXP",0.98%,1.85%,-5.79%,-3.22%,-3.16%,-0.70%,72.27%,34.24%,88.89%,0.82%,1.06%,35.35,0.00,117.39,0.00%,0
2448,"IXUS",0.91%,6.62%,1.45%,4.09%,15.89%,22.78%,60.36%,34.13%,91.18%,0.55%,0.77%,1909.56,0.00,98.09,0.06%,13
2449,"IYC",-1.18%,2.25%,-1.04%,0.24%,-0.75%,-1.43%,49.00%,30.10%,177.68%,0.73%,0.93%,111.70,0.00,102.36,0.00%,0
2450,"IYE",-1.84%,8.10%,9.30%,14.02%,38.96%,40.71%,43.43%,153.65%,77.40%,1.66%,1.76%,1092.36,0.00,66.05,0.00%,0
2451,"IYF",0.99%,0.61%,12.28%,10.78%,6.69%,9.87%,81.61%,62.97%,203.68%,0.94%,0.96%,347.11,0.00,137.55,0.00%,0
2452,"IYG",1.17%,1.71%,12.73%,12.36%,6.17%,9.76%,84.93%,52.85%,232.38%,0.95%,0.96%,95.97,0.00,97.94,0.00%,0
2453,"IYH",-1.25%,4.42%,17.25%,11.31%,12.75%,27.12%,30.71%,25.90%,142.92%,1.25%,1.43%,812.91,0.00,73.40,0.00%,0
2454,"IYJ",-0.36%,-0.25%,4.44%,3.51%,11.62%,12.83%,56.86%,45.58%,187.97%,0.86%,1.08%,75.98,0.00,165.38,0.00%,0
2455,"IYK",0.93%,-1.65%,4.35%,-0.97%,13.22%,8.32%,15.69%,23.44%,95.10%,0.80%,1.08%,239.66,0.00,75.77,0.00%,0
2456,"IYLD",0.25%,1.00%,0.36%,-0.98%,4.20%,6.66%,18.04%,-6.87%,-10.35%,0.30%,0.36%,14.57,0.00,22.32,0.00%,0
2457,"IYM",3.23%,9.61%,6.25%,4.65%,27.37%,31.91%,50.64%,48.61%,144.94%,1.34%,1.34%,204.86,0.00,196.10,0.00%,0
2458,"IYR",-0.04%,-2.12%,2.38%,3.65%,11.56%,7.60%,25.00%,-2.27%,28.12%,0.84%,1.12%,5452.57,0.00,104.74,0.00%,547
2459,"IYT",0.73%,0.29%,3.08%,8.43%,17.06%,21.53%,41.82%,37.22%,148.07%,0.95%,1.29%,631.84,0.00,87.22,0.00%,0
2460,"IYW",2.44%,11.21%,1.32%,30.86%,26.62%,38.27%,137.04%,135.13%,767.67%,1.09%,1.61%,638.58,0.01,252.83,2.50%,402
2461,"IYY",0.12%,4.60%,1.46%,10.84%,12.20%,17.83%,73.28%,64.29%,243.51%,0.41%,0.64%,25.43,0.00,186.03,-0.29%,1
2462,"IYZ",2.75%,10.12%,-2.21%,12.24%,29.00%,39.89%,99.50%,27.01%,37.30%,1.23%,1.66%,1253.00,0.00,43.73,0.00%,4
2463,"J",2.42%,11.49%,27.37%,8.41%,14.39%,2.13%,36.21%,34.80%,236.53%,1.94%,2.61%,1076.42,0.00,151.52,0.00%,11
2464,"JA",0.11%,0.10%,0.10%,0.32%,0.42%,,,,,0.04%,0.08%,17.45,0.00,50.28,0.00%,0
2465,"JAAA",0.06%,0.04%,-0.06%,-0.02%,0.20%,-0.22%,0.86%,0.31%,,0.04%,0.04%,5222.67,0.00,50.68,0.02%,707
2466,"JAB",0.10%,,,,0.61%,,,,,0.24%,,424.89,0.00,9.95,0.00%,0
2467,"JACS",0.19%,0.23%,1.13%,2.19%,2.98%,3.77%,,,,0.02%,0.16%,41.82,0.00,10.73,0.00%,0
2468,"JADB",-0.06%,1.83%,2.42%,,3.17%,,,,,0.08%,0.04%,0.42,0.00,26.17,0.00%,0
2469,"JADE",1.99%,8.04%,1.18%,9.37%,27.63%,41.82%,,,,0.37%,0.57%,2.92,0.00,80.24,0.00%,0
2470,"JAJL",0.07%,0.80%,1.53%,3.30%,3.99%,6.22%,,,,0.29%,0.24%,56.36,0.00,30.22,0.00%,0
2471,"JAN",3.93%,0.35%,17.20%,,35.15%,,,,,1.75%,2.88%,1737.27,0.00,31.76,0.00%,0
2472,"JANB",0.08%,1.90%,2.53%,7.18%,8.43%,,,,,0.19%,0.25%,22.55,0.00,27.81,0.00%,0
2473,"JANI",0.33%,2.82%,2.83%,1.98%,5.15%,,,,,0.30%,0.19%,8.52,0.00,26.39,0.00%,0
2474,"JANM",0.10%,0.91%,1.44%,3.33%,3.80%,6.48%,,,,0.12%,0.13%,1.49,0.00,34.27,0.00%,0
2475,"JANP",0.01%,1.84%,2.56%,7.19%,8.49%,13.99%,,,,0.17%,0.25%,5.85,0.00,35.47,0.00%,0
2476,"JANT",0.00%,2.13%,2.63%,7.79%,9.09%,15.33%,56.80%,63.11%,,0.14%,0.22%,10.93,0.00,44.98,0.00%,0
2477,"JANU",-0.37%,2.59%,1.10%,7.79%,8.75%,14.10%,,,,0.30%,0.44%,11.38,0.00,30.60,0.00%,0
2478,"JANW",0.09%,1.37%,2.02%,5.50%,6.32%,10.11%,35.78%,49.53%,,0.14%,0.18%,22.49,0.00,39.35,0.00%,0
2479,"JANZ",-0.31%,2.63%,1.52%,8.29%,9.40%,13.00%,45.88%,51.36%,,0.10%,0.22%,3.45,0.00,41.69,0.00%,0
2480,"JAPN",1.65%,5.14%,13.56%,4.57%,-0.22%,-10.11%,,,,0.47%,0.69%,5.02,0.00,25.66,0.00%,0
2481,"JATT",-15.06%,1.79%,12.33%,,17.05%,,,,,26.54%,11.32%,27.67,11.84,11.71,-2.54%,16378
2482,"JAVA",-0.08%,2.47%,7.50%,9.43%,16.13%,22.83%,58.26%,,,0.54%,0.71%,445.72,0.00,83.29,0.00%,0
2483,"JAZZ",0.40%,-2.45%,6.08%,32.14%,46.88%,100.68%,76.78%,87.53%,94.29%,3.51%,3.05%,857.46,0.02,249.70,0.16%,706
2484,"JBBB",0.14%,0.24%,0.09%,0.45%,-0.24%,-1.98%,0.95%,,,0.17%,0.17%,356.17,0.00,47.58,0.00%,0
2485,"JBS",0.00%,-1.29%,4.01%,-16.21%,-4.65%,-14.01%,79.74%,17.85%,92.45%,3.24%,3.21%,6777.42,0.00,13.75,0.00%,0
2486,"JCAP",-9.35%,3.36%,23.66%,3.46%,-5.01%,7.77%,,,,3.49%,3.37%,358.23,0.00,21.22,0.00%,0
2487,"JCE",0.50%,4.22%,3.52%,6.86%,6.96%,9.29%,34.25%,10.24%,41.62%,1.50%,1.86%,42.85,0.00,17.05,0.00%,0
2488,"JCHI",-0.55%,0.60%,-1.00%,-3.27%,-0.51%,-0.46%,27.41%,,,0.12%,0.16%,0.60,0.00,54.44,0.00%,0
2489,"JDIV",0.71%,3.28%,3.93%,3.17%,9.18%,11.81%,,,,0.35%,0.26%,1.69,0.00,58.53,0.00%,0
2490,"JDOC",-0.79%,2.90%,13.86%,8.78%,10.72%,24.38%,,,,0.19%,0.27%,0.39,0.00,64.05,0.00%,0
2491,"JDVI",1.20%,7.18%,5.70%,4.93%,17.57%,27.47%,,,,1.11%,0.97%,54.13,0.00,41.36,0.00%,0
2492,"JDVL",0.55%,3.85%,7.50%,12.68%,20.99%,27.27%,,,,0.87%,0.82%,88.12,0.00,32.62,0.00%,0
2493,"JELH",0.23%,0.52%,0.72%,,2.04%,,,,,0.51%,0.91%,8.58,0.00,25.65,0.00%,0
2494,"JELM",0.09%,0.36%,0.84%,,1.58%,,,,,0.37%,1.00%,42.94,0.00,25.53,0.00%,0
2495,"JEMA",1.56%,7.86%,-1.22%,8.13%,27.29%,38.65%,76.04%,30.44%,,0.81%,1.24%,149.94,0.00,62.37,0.00%,0
2496,"JEMB",0.16%,0.32%,-0.07%,-2.23%,-0.34%,2.16%,,,,1.72%,1.58%,66.04,0.00,53.49,0.00%,0
2497,"JENA",1.06%,0.77%,1.75%,1.75%,2.95%,3.41%,,,,0.15%,0.20%,29.02,0.00,10.47,0.00%,0
2498,"JEPI",0.73%,2.14%,3.45%,-2.43%,1.57%,1.77%,6.73%,-6.19%,,0.35%,0.45%,4785.85,0.07,58.14,-0.03%,16839
2499,"JEPQ",1.01%,7.34%,-1.13%,3.58%,3.69%,7.86%,28.40%,,,0.66%,0.93%,6831.11,0.11,60.26,0.79%,37922
2500,"JFLI",0.06%,2.84%,0.52%,2.77%,7.13%,9.51%,,,,0.20%,0.37%,4.81,0.00,54.30,0.00%,0
2501,"JGLO",0.05%,3.85%,3.62%,5.23%,8.85%,10.39%,,,,0.43%,0.69%,254.56,0.00,73.66,0.00%,0
2502,"JGRW",-0.57%,2.17%,4.56%,8.03%,4.56%,5.75%,,,,0.26%,0.61%,9.19,0.00,28.30,0.00%,0
2503,"JHAC",0.53%,4.31%,5.78%,8.68%,4.93%,4.10%,,,,0.01%,0.04%,0.42,0.00,15.83,0.00%,0
2504,"JHDG",-0.04%,3.94%,3.21%,,9.86%,,,,,0.00%,0.23%,20.43,0.00,28.18,0.00%,0
2505,"JHDV",-0.03%,1.90%,2.82%,11.10%,19.61%,22.83%,66.25%,,,0.18%,0.14%,0.78,0.00,47.61,0.00%,0
2506,"JHEM",1.34%,7.12%,-1.80%,6.00%,21.60%,32.51%,65.76%,34.00%,,0.66%,0.90%,45.28,0.00,40.00,0.00%,0
2507,"JHID",0.39%,3.56%,2.95%,4.09%,17.01%,26.28%,66.06%,,,0.13%,0.13%,0.79,0.00,44.56,0.00%,0
2508,"JHMD",0.58%,3.75%,2.72%,1.22%,11.97%,17.60%,53.73%,35.77%,,0.55%,0.72%,80.02,0.00,46.50,0.00%,0
2509,"JHML",-0.28%,2.55%,3.12%,10.18%,14.11%,19.48%,67.74%,61.53%,224.34%,0.36%,0.63%,32.68,0.00,91.12,0.00%,0
2510,"JHMM",-0.22%,1.90%,4.00%,6.86%,16.08%,18.93%,55.89%,42.74%,175.70%,0.69%,0.92%,215.03,0.00,76.01,0.00%,0
2511,"JHSC",-0.77%,0.34%,3.89%,6.84%,16.43%,17.67%,48.11%,40.35%,,0.62%,0.84%,39.05,0.00,48.89,0.00%,0
2512,"JIDE",0.45%,5.38%,5.75%,1.30%,6.99%,,,,,0.29%,0.14%,0.49,0.00,52.77,0.00%,0
2513,"JIG",1.11%,6.83%,1.86%,4.40%,16.48%,18.28%,52.80%,7.71%,,0.57%,0.87%,33.86,0.00,85.42,0.00%,0
2514,"JIRE",0.52%,3.89%,4.84%,3.08%,13.92%,17.75%,53.94%,,,0.48%,0.65%,409.32,0.00,85.30,0.00%,0
2515,"JIVE",1.42%,5.45%,6.71%,7.02%,22.82%,35.75%,,,,0.54%,0.70%,322.98,0.31,98.60,0.35%,4936
2516,"JLCO",-0.12%,3.89%,,,2.30%,,,,,0.16%,0.14%,0.89,0.00,25.68,0.00%,0
2517,"JLL",-1.06%,12.53%,33.14%,21.95%,14.74%,26.38%,136.61%,62.38%,232.25%,2.35%,2.82%,374.24,0.00,386.08,0.00%,0
2518,"JMEE",-0.64%,1.13%,4.44%,9.92%,20.60%,23.99%,56.19%,,,0.82%,1.00%,115.36,0.00,77.64,0.00%,0
2519,"JMIA",4.37%,21.15%,-6.35%,-19.61%,-44.52%,-24.51%,131.77%,-65.07%,,5.00%,5.10%,1837.85,0.02,6.93,1.46%,2046
2520,"JMID",-0.76%,5.29%,1.91%,6.92%,10.02%,6.99%,,,,0.25%,0.64%,4.02,0.00,32.00,0.00%,0
2521,"JMMF",0.00%,0.02%,0.04%,0.05%,0.06%,,,,,0.04%,0.08%,6.19,0.00,100.18,0.00%,0
2522,"JMOM",-0.36%,3.26%,1.96%,16.36%,21.92%,27.03%,98.21%,82.06%,,0.67%,1.03%,121.14,0.00,83.09,0.00%,0
2523,"JMST",0.07%,0.14%,0.08%,-0.25%,0.04%,-0.14%,1.11%,0.06%,,0.06%,0.08%,1104.41,0.00,50.96,0.00%,0
2524,"JNEU",-0.26%,2.25%,1.35%,9.41%,10.92%,15.95%,,,,0.21%,0.28%,5.75,0.00,33.62,0.00%,0
2525,"JNJ",0.42%,1.12%,16.33%,10.28%,29.74%,51.88%,61.50%,55.27%,125.55%,1.79%,1.95%,7940.09,0.01,268.50,-0.56%,3967
2526,"JNK",0.43%,0.83%,-0.46%,-1.33%,-1.06%,-1.53%,5.10%,-11.90%,-11.71%,0.16%,0.20%,2706.28,0.00,96.18,0.00%,6
2527,"JNUG",4.49%,87.08%,19.40%,-40.09%,0.21%,103.30%,586.51%,205.92%,-94.94%,5.77%,6.13%,325.45,0.18,206.98,-1.00%,2889
2528,"JOE",-1.16%,11.07%,8.27%,0.33%,16.47%,36.18%,16.34%,58.09%,266.84%,1.78%,2.48%,246.53,0.00,69.15,0.00%,0
2529,"JOET",-0.41%,1.60%,4.69%,8.12%,10.14%,10.84%,63.15%,48.75%,,0.54%,0.75%,20.59,0.00,46.26,0.00%,0
2530,"JOF",1.21%,10.79%,8.48%,0.80%,13.09%,20.37%,71.88%,45.45%,93.87%,1.33%,1.46%,80.24,0.00,12.53,0.00%,0
2531,"JOYT",-0.05%,2.81%,4.23%,5.71%,8.62%,17.54%,,,,0.27%,0.34%,7.95,0.00,59.11,0.00%,0
2532,"JOYY",-0.09%,-0.39%,11.79%,17.34%,13.80%,37.65%,127.96%,18.93%,54.84%,4.58%,2.74%,320.84,0.00,73.70,-1.48%,18
2533,"JPAN",0.81%,6.72%,2.43%,4.20%,19.24%,20.71%,,,,0.99%,0.46%,1.49,0.00,42.70,0.00%,0
2534,"JPEF",-0.91%,2.48%,0.83%,6.30%,8.50%,11.68%,68.34%,,,0.55%,0.78%,91.17,0.00,81.03,0.00%,0
2535,"JPEM",1.53%,3.94%,2.56%,-0.97%,9.53%,14.45%,29.86%,14.03%,38.95%,0.41%,0.52%,15.93,0.00,66.52,0.00%,0
2536,"JPFP",0.58%,5.03%,,,1.61%,,,,,0.57%,0.46%,7.41,0.00,51.05,0.00%,0
2537,"JPIE",0.07%,0.15%,-0.17%,-1.31%,-0.78%,-1.12%,3.57%,,,0.11%,0.11%,1543.53,0.00,45.93,0.00%,0
2538,"JPIN",1.15%,4.11%,3.56%,0.55%,13.58%,17.20%,50.62%,27.98%,54.15%,0.32%,0.48%,8.15,0.00,77.40,0.00%,0
2539,"JPLD",-0.06%,0.14%,-0.21%,-1.06%,-0.51%,-0.67%,4.63%,,,0.11%,0.10%,418.27,0.00,52.07,0.00%,0
2540,"JPM",0.69%,2.69%,19.30%,15.63%,9.86%,18.28%,140.73%,117.11%,434.57%,1.50%,1.64%,8662.63,0.01,353.99,-0.70%,5349
2541,"JPME",-0.26%,0.63%,4.70%,7.58%,17.80%,18.66%,47.58%,42.10%,141.83%,0.56%,0.70%,10.88,0.00,128.00,0.00%,0
2542,"JPNU",5.96%,,,,5.17%,,,,,,,1.90,0.01,26.02,2.54%,1
2543,"JPRE",0.55%,-2.03%,2.17%,5.66%,14.73%,12.05%,29.69%,,,0.68%,0.96%,20.67,0.00,53.59,0.00%,0
2544,"JPSE",-0.86%,0.23%,2.36%,8.75%,19.60%,21.38%,47.53%,38.42%,,0.61%,0.76%,23.32,0.00,59.89,0.00%,0
2545,"JPST",0.08%,0.04%,-0.04%,-0.39%,-0.06%,-0.32%,1.25%,0.39%,,0.03%,0.04%,6352.19,0.00,50.56,0.02%,281
2546,"JPSV",-0.89%,-1.14%,8.05%,13.71%,20.89%,17.33%,40.82%,,,0.21%,0.36%,0.55,0.00,70.13,0.00%,0
2547,"JPUS",0.14%,1.18%,5.63%,6.74%,17.24%,18.70%,49.70%,45.78%,148.27%,0.34%,0.67%,7.42,0.00,145.31,0.00%,0
2548,"JPXN",0.63%,5.81%,3.06%,2.15%,18.28%,21.87%,59.70%,41.72%,92.32%,0.30%,0.74%,10.62,0.00,102.27,0.00%,0
2549,"JPY",1.44%,4.39%,4.19%,6.16%,19.67%,25.61%,,,,0.29%,0.61%,4.28,0.00,38.29,0.00%,0
2550,"JQUA",0.13%,3.69%,6.39%,16.24%,18.27%,21.44%,68.55%,74.59%,,0.58%,0.78%,520.96,0.00,74.72,0.00%,0
2551,"JSCP",-0.03%,0.17%,-0.27%,-1.67%,-1.21%,-1.21%,3.57%,-6.14%,,0.08%,0.11%,270.81,0.00,46.98,0.00%,0
2552,"JSTC",0.52%,2.76%,4.05%,10.04%,13.85%,14.50%,46.24%,30.58%,,0.46%,1.02%,24.70,0.00,23.10,0.00%,0
2553,"JUDB",-0.10%,1.84%,1.58%,,3.10%,,,,,0.19%,0.22%,8.09,0.00,26.27,0.00%,0
2554,"JUDO",-0.41%,3.55%,2.69%,,14.92%,,,,,0.61%,0.50%,0.94,0.00,28.72,0.00%,0
2555,"JULB",-0.05%,2.09%,3.39%,8.35%,9.72%,,,,,0.21%,0.29%,10.06,0.00,28.09,0.00%,0
2556,"JULC",0.23%,2.75%,,,2.29%,,,,,0.20%,0.31%,2.47,0.00,25.68,0.00%,0
2557,"JULH",0.15%,1.34%,0.65%,0.49%,1.18%,0.02%,1.58%,,,0.12%,0.13%,5.37,0.00,25.22,0.00%,0
2558,"JULI",0.39%,2.89%,,,3.05%,,,,,0.02%,0.07%,6.84,0.00,25.67,0.00%,0
2559,"JULJ",0.13%,1.09%,0.08%,-0.16%,0.52%,-0.24%,0.46%,,,0.06%,0.09%,4.07,0.00,25.05,0.00%,0
2560,"JULM",-0.07%,0.74%,1.39%,3.15%,3.92%,6.14%,,,,0.10%,0.17%,5.87,0.00,34.92,0.00%,0
2561,"JULP",-0.12%,2.19%,2.64%,6.67%,7.96%,12.43%,,,,0.28%,0.27%,9.22,0.00,33.27,0.00%,0
2562,"JULT",-0.13%,2.36%,2.74%,7.13%,8.55%,13.24%,55.25%,72.04%,,0.04%,0.27%,27.16,0.00,48.71,0.00%,0
2563,"JULU",-0.28%,2.35%,1.02%,8.41%,9.51%,14.74%,,,,0.26%,0.44%,24.32,0.00,32.53,0.00%,0
2564,"JULW",-0.06%,1.60%,2.09%,4.91%,5.88%,9.24%,39.60%,55.01%,,0.20%,0.26%,31.25,0.00,41.42,0.00%,0
2565,"JULZ",-0.24%,2.55%,1.28%,8.65%,9.66%,8.28%,38.33%,45.52%,,0.13%,0.21%,5.47,0.00,46.19,0.00%,0
2566,"JUNC",-0.18%,2.37%,,,0.99%,,,,,0.00%,0.01%,1.27,0.00,25.38,0.00%,0
2567,"JUNM",-0.08%,0.80%,1.12%,2.55%,3.27%,5.27%,,,,0.18%,0.16%,6.72,0.00,35.36,0.00%,0
2568,"JUNP",-0.16%,2.18%,1.55%,4.37%,5.52%,9.46%,,,,0.37%,0.47%,37.21,0.00,32.26,0.00%,0
2569,"JUNT",-0.20%,2.34%,1.69%,5.00%,6.01%,10.19%,47.70%,,,0.33%,0.40%,48.87,0.00,38.52,0.00%,0
2570,"JUNW",0.07%,1.79%,1.56%,3.62%,4.60%,7.60%,35.68%,,,0.35%,0.41%,170.31,0.00,34.92,0.00%,0
2571,"JUNZ",-0.23%,2.42%,1.78%,8.47%,9.62%,12.16%,40.56%,40.12%,,0.19%,0.26%,4.07,0.00,35.83,0.00%,0
2572,"JUSA",-0.42%,3.32%,2.28%,10.02%,11.82%,18.22%,,,,0.47%,0.72%,140.02,0.00,68.99,0.00%,0
2573,"JUST",-0.38%,3.43%,3.06%,12.03%,14.06%,20.42%,75.69%,69.73%,,0.37%,0.56%,4.69,0.00,110.29,0.00%,0
2574,"JVA",0.57%,9.91%,-19.13%,12.70%,-8.51%,-13.20%,190.98%,-30.86%,-38.41%,2.36%,3.11%,62.27,0.00,3.55,2.60%,4
2575,"JVAL",-0.02%,2.88%,4.96%,15.19%,21.48%,28.38%,68.04%,61.44%,,0.42%,0.74%,55.31,0.00,59.62,0.00%,0
2576,"JXN",1.95%,8.67%,28.57%,18.31%,25.27%,35.58%,292.83%,,,2.25%,2.86%,633.42,0.00,133.60,0.00%,0
2577,"JXX",0.01%,6.24%,0.11%,21.08%,12.89%,18.16%,,,,0.32%,0.72%,1.32,0.00,31.61,0.00%,0
2578,"KAIT",1.12%,,,,0.41%,,,,,1.29%,,12.22,0.00,24.57,0.00%,0
2579,"KAPR",-0.15%,1.43%,3.18%,12.56%,14.80%,19.85%,47.73%,48.43%,,0.28%,0.28%,7.33,0.00,40.33,0.00%,0
2580,"KARO",2.59%,0.06%,35.39%,36.83%,41.76%,24.96%,178.38%,89.71%,,2.47%,3.30%,113.97,0.00,64.50,0.34%,25
2581,"KAT",1.47%,4.88%,7.12%,3.68%,7.64%,8.72%,,,,0.47%,0.62%,12.86,0.00,59.21,0.00%,0
2582,"KAUG",-0.41%,1.64%,3.12%,6.83%,10.25%,14.53%,,,,0.37%,0.38%,20.30,0.00,29.25,0.00%,0
2583,"KB",4.15%,4.42%,17.83%,2.24%,40.47%,55.29%,204.89%,164.12%,259.27%,1.10%,1.80%,284.06,0.00,120.86,0.00%,0
2584,"KBFR",-0.87%,1.61%,6.87%,10.75%,11.39%,,,,,0.39%,0.63%,3.56,0.00,27.74,0.00%,0
2585,"KBON",0.34%,-0.06%,0.44%,0.64%,0.94%,,,,,0.00%,0.05%,49.78,0.00,10.13,0.00%,0
2586,"KBWB",1.84%,2.21%,11.60%,12.14%,14.51%,24.59%,134.78%,42.13%,163.43%,1.29%,1.43%,1768.09,0.00,96.52,0.00%,2
2587,"KBWP",2.01%,-3.02%,14.92%,9.30%,6.50%,12.04%,65.53%,68.57%,169.05%,1.17%,1.21%,18.74,0.00,135.57,0.00%,0
2588,"KC",-7.88%,6.26%,-16.64%,-16.51%,1.74%,-25.50%,104.27%,-63.59%,,3.58%,3.60%,1557.17,0.11,10.52,2.83%,8899
2589,"KCA-U",0.70%,-0.50%,0.90%,,0.80%,,,,,0.14%,0.35%,73.38,0.00,10.10,0.00%,0
2590,"KCAI",0.56%,2.63%,1.87%,4.13%,8.25%,22.22%,,,,0.24%,0.14%,4.72,0.00,32.99,0.00%,0
2591,"KCE",2.28%,5.57%,12.72%,16.19%,13.95%,9.04%,95.74%,73.68%,320.60%,0.78%,1.19%,15.00,0.00,170.84,0.00%,0
2592,"KCHV",-0.01%,0.66%,1.10%,2.24%,2.95%,4.18%,,,,0.04%,0.03%,35.60,0.00,10.44,0.00%,0
2593,"KCOP",6.03%,14.99%,4.46%,-3.70%,2.29%,,,,,2.04%,2.02%,20.38,0.00,25.51,0.00%,0
2594,"KDEC",0.05%,1.61%,3.68%,9.04%,13.08%,15.34%,,,,0.26%,0.31%,10.41,0.00,28.88,0.00%,0
2595,"KDEF",-3.57%,18.83%,-20.00%,-29.91%,-2.65%,8.51%,,,,1.59%,2.69%,89.64,0.00,42.72,0.00%,0
2596,"KDRN",0.04%,0.39%,-0.77%,-1.81%,-0.38%,-0.86%,0.91%,,,0.00%,0.00%,0.02,0.00,23.12,0.00%,0
2597,"KDVD",0.38%,1.07%,6.23%,4.07%,17.16%,,,,,0.04%,0.13%,0.32,0.00,29.27,0.00%,0
2598,"KEAT",-0.35%,5.90%,4.61%,-0.22%,14.32%,21.17%,,,,0.12%,0.21%,3.67,0.00,34.83,0.00%,0
2599,"KEMQ",-0.06%,4.65%,1.32%,0.50%,5.06%,9.03%,79.84%,-9.57%,,0.56%,0.60%,10.50,0.00,25.90,0.00%,0
2600,"KEMX",2.12%,8.31%,-0.30%,10.77%,37.15%,55.32%,94.48%,64.30%,,0.57%,1.21%,11.26,0.00,50.86,0.00%,0
2601,"KEN",4.85%,7.10%,-25.55%,-15.49%,3.10%,50.98%,177.11%,119.99%,1165.45%,1.48%,1.97%,25.13,0.01,68.36,3.27%,16
2602,"KEO",-0.01%,,,,2.58%,,,,,1.71%,,4.21,0.00,25.68,0.00%,0
2603,"KEP",9.88%,8.44%,-6.66%,-44.64%,-25.21%,-7.84%,85.01%,19.69%,-52.50%,1.52%,2.08%,1151.17,0.01,12.34,0.82%,555
2604,"KEQU",5.19%,6.55%,-5.18%,-9.53%,1.26%,-32.39%,145.97%,180.59%,71.40%,1.97%,2.17%,4.81,0.00,37.88,0.00%,0
2605,"KEX",0.25%,-4.38%,-3.01%,6.84%,26.18%,41.47%,69.70%,158.35%,167.60%,2.23%,2.93%,572.60,0.00,139.02,0.00%,0
2606,"KEYY",0.10%,0.41%,,,-1.10%,,,,,0.05%,0.12%,111.40,0.00,9.89,0.00%,0
2607,"KFEB",-0.06%,1.63%,3.45%,8.66%,15.62%,20.37%,,,,0.09%,0.13%,2.51,0.00,31.50,0.00%,0
2608,"KFII",-0.19%,0.28%,0.95%,2.31%,2.80%,4.32%,,,,0.06%,0.03%,26.83,0.00,10.63,0.00%,0
2609,"KFY",-0.49%,0.35%,22.49%,40.03%,27.22%,12.38%,61.02%,21.13%,248.36%,1.54%,2.13%,508.42,0.00,83.99,0.00%,0
2610,"KGC",2.42%,38.69%,9.90%,-12.43%,14.31%,59.28%,569.23%,432.07%,648.60%,3.72%,3.47%,8573.94,0.06,32.19,-0.40%,25147
2611,"KGEI",-5.13%,17.90%,13.69%,47.68%,45.80%,5.14%,43.61%,619.85%,237.06%,2.91%,4.29%,182.28,0.00,5.73,0.00%,0
2612,"KIE",1.46%,-3.51%,13.89%,12.10%,6.60%,8.86%,52.67%,63.82%,161.25%,1.08%,1.31%,1214.02,0.00,64.12,0.00%,0
2613,"KINS",1.77%,-0.15%,26.87%,21.08%,19.79%,48.89%,933.85%,185.55%,122.76%,2.49%,3.41%,119.14,0.00,20.16,0.00%,0
2614,"KJAN",-0.06%,1.29%,3.23%,8.15%,11.85%,17.54%,46.85%,49.36%,,0.31%,0.31%,10.87,0.00,46.33,0.00%,0
2615,"KJUL",-0.55%,1.31%,1.09%,4.80%,7.54%,11.95%,33.69%,30.32%,,0.35%,0.51%,71.30,0.00,34.09,0.00%,0
2616,"KJUN",-0.39%,1.38%,2.76%,5.26%,7.54%,11.70%,,,,0.14%,0.30%,43.36,0.00,30.03,0.00%,0
2617,"KKR",1.31%,9.21%,15.30%,15.81%,-14.95%,-22.82%,82.22%,68.88%,644.13%,2.24%,3.75%,4568.61,0.00,108.42,-0.07%,306
2618,"KLMN",-0.18%,3.68%,2.80%,10.95%,12.56%,19.25%,,,,0.01%,0.18%,725.69,0.00,31.59,0.00%,0
2619,"KLMT",0.14%,3.73%,2.83%,8.79%,13.96%,19.78%,,,,0.05%,0.18%,2.27,0.00,35.30,0.00%,0
2620,"KMAR",-0.13%,1.53%,3.43%,9.07%,13.66%,20.22%,,,,0.05%,0.14%,3.97,0.00,32.58,0.00%,0
2621,"KMAY",-0.28%,1.51%,2.95%,6.56%,8.51%,12.85%,,,,0.28%,0.37%,20.35,0.00,30.70,0.00%,0
2622,"KMDA",3.37%,18.26%,5.47%,-6.96%,17.42%,16.27%,52.95%,54.38%,83.00%,3.35%,2.95%,76.14,0.04,8.29,-1.07%,147
2623,"KMEM",2.05%,17.34%,,,-31.88%,,,,,2.65%,5.10%,273.24,0.00,18.56,0.00%,0
2624,"KMTS",-4.80%,11.36%,26.52%,5.23%,0.19%,43.35%,,,,4.15%,5.39%,365.46,0.00,26.57,0.00%,0
2625,"KNGZ",0.23%,2.77%,5.47%,12.38%,19.38%,21.02%,50.65%,43.36%,,0.38%,0.61%,5.24,0.00,42.75,0.00%,0
2626,"KNO",-0.19%,4.52%,4.28%,12.84%,26.22%,28.30%,62.28%,35.26%,139.98%,0.21%,0.13%,0.58,0.00,64.72,0.00%,0
2627,"KNOP",0.57%,4.51%,-3.62%,2.01%,3.00%,42.90%,113.63%,-39.74%,-41.72%,2.97%,3.15%,67.47,0.00,10.66,0.00%,0
2628,"KNOV",0.08%,1.69%,3.91%,9.23%,13.51%,20.32%,,,,0.21%,0.19%,36.23,0.00,32.31,0.00%,0
2629,"KNOW",0.11%,1.55%,3.03%,4.20%,14.91%,16.21%,,,,0.07%,0.19%,2.87,0.00,13.12,0.00%,0
2630,"KNSA",1.00%,-2.06%,55.89%,82.23%,92.13%,135.17%,354.18%,519.65%,,2.64%,3.57%,741.53,0.10,79.25,0.73%,3606
2631,"KNSL",1.23%,2.44%,25.28%,0.89%,-1.35%,-15.21%,0.71%,113.42%,1785.88%,2.22%,2.83%,302.89,0.07,385.85,-0.33%,1056
2632,"KNTK",1.31%,8.89%,18.14%,17.23%,52.84%,31.53%,58.06%,68.27%,,2.63%,2.73%,1044.86,0.00,55.10,0.00%,1
2633,"KO",-1.16%,0.42%,11.24%,11.12%,27.95%,29.96%,48.12%,60.74%,106.49%,1.56%,1.55%,17680.88,0.05,89.45,-0.70%,44792
2634,"KOCT",0.16%,1.50%,3.91%,8.98%,12.98%,18.73%,42.83%,41.43%,,0.22%,0.30%,13.23,0.00,38.04,0.00%,0
2635,"KODK",-2.06%,14.96%,-6.66%,25.07%,12.65%,64.03%,107.63%,34.23%,-38.79%,3.71%,4.48%,927.08,0.00,9.53,0.00%,0
2636,"KOF",1.40%,5.59%,4.47%,3.29%,21.22%,33.36%,32.38%,103.08%,50.47%,2.49%,2.12%,137.38,0.00,114.81,0.00%,0
2637,"KOKU",-0.13%,3.45%,2.67%,8.91%,12.09%,18.57%,70.40%,61.58%,,0.00%,0.02%,0.31,0.00,134.49,0.00%,0
2638,"KONG",-0.14%,4.58%,6.32%,7.00%,8.25%,9.21%,27.29%,29.71%,,0.26%,0.22%,0.80,0.00,33.06,0.00%,0
2639,"KOOL",0.09%,4.87%,1.06%,8.54%,16.02%,19.22%,,,,0.49%,0.72%,4.72,0.00,14.73,0.00%,0
2640,"KOPN",0.06%,54.83%,-19.13%,110.89%,109.09%,126.51%,257.13%,-20.18%,119.40%,5.01%,7.95%,5592.85,0.04,4.89,3.44%,12534
2641,"KOYN",0.00%,0.39%,0.99%,1.79%,2.71%,,,,,0.08%,0.06%,29.76,0.00,10.22,0.00%,0
2642,"KR",2.86%,-3.24%,-9.00%,-13.77%,-7.28%,-14.78%,24.47%,27.35%,77.26%,1.94%,2.08%,7785.70,0.00,57.93,-0.99%,886
2643,"KRAQ",0.00%,-0.10%,0.60%,,0.81%,,,,,0.10%,0.18%,59.77,0.00,9.98,0.00%,0
2644,"KRSP",1.04%,1.81%,2.40%,3.29%,4.00%,,,,,1.49%,0.72%,25.12,0.00,10.66,0.00%,0
2645,"KRT",2.26%,18.19%,80.31%,99.11%,118.25%,93.56%,109.33%,129.49%,,3.63%,4.00%,134.97,0.00,49.26,0.00%,0
2646,"KRYP",17.06%,23.54%,3.50%,-1.78%,-8.02%,,,,,1.28%,1.04%,4.02,0.00,21.89,0.00%,0
2647,"KRYS",4.78%,-1.23%,17.33%,32.02%,45.92%,144.93%,185.30%,534.27%,,3.37%,3.80%,409.09,0.00,359.76,0.00%,0
2648,"KSEP",0.08%,1.03%,3.23%,8.22%,12.28%,16.93%,,,,0.25%,0.15%,3.52,0.00,31.31,0.00%,0
2649,"KSMH",-1.02%,,,,-2.15%,,,,,1.48%,,4.91,0.00,24.38,0.00%,0
2650,"KSPY",0.40%,1.27%,3.52%,6.15%,8.74%,15.03%,,,,0.34%,0.48%,43.39,0.00,29.85,0.00%,0
2651,"KT",3.47%,4.63%,11.07%,-19.19%,3.64%,-3.67%,56.28%,41.74%,24.43%,1.82%,2.01%,1715.59,0.00,19.66,0.00%,0
2652,"KTOS",-4.77%,21.92%,-17.93%,-41.94%,-29.52%,-21.23%,250.82%,116.42%,619.09%,5.43%,6.50%,4633.03,0.04,53.50,1.08%,8546
2653,"KTWO",0.50%,1.20%,1.61%,2.23%,2.13%,,,,,0.14%,0.18%,38.13,0.00,10.09,0.00%,0
2654,"KVLE",0.14%,2.92%,5.70%,9.33%,14.74%,15.23%,42.27%,37.23%,,0.17%,0.36%,2.09,0.00,29.35,0.00%,0
2655,"KWH",0.01%,3.63%,,,-0.57%,,,,,0.65%,0.69%,77.99,0.00,25.12,0.00%,0
2656,"KWIN",0.04%,0.55%,0.92%,1.98%,2.21%,,,,,0.35%,0.53%,17.29,0.00,25.79,0.00%,0
2657,"KWT",1.15%,2.73%,-1.84%,2.05%,-1.79%,0.37%,22.73%,16.72%,,0.26%,0.22%,5.28,0.00,37.59,0.00%,0
2658,"KWY",2.73%,9.72%,1.70%,-18.13%,-24.46%,-27.89%,13.52%,87.45%,81.43%,4.23%,4.83%,69.18,0.00,10.16,0.00%,0
2659,"KXI",0.14%,-1.25%,0.65%,-4.92%,7.33%,5.96%,16.00%,12.39%,39.38%,0.69%,0.86%,87.05,0.00,69.39,0.00%,0
2660,"KYC",2.70%,5.32%,16.70%,,13.20%,,,,,0.18%,0.33%,0.94,0.00,27.86,0.00%,0
2661,"KYMR",-1.38%,18.26%,53.67%,38.45%,61.35%,186.19%,539.26%,114.43%,,4.08%,4.04%,845.88,0.00,125.55,0.00%,0
2662,"KYN",1.37%,3.49%,7.08%,4.73%,19.79%,19.98%,70.85%,84.45%,-24.57%,1.75%,1.87%,356.60,0.00,14.83,0.00%,1
2663,"LABU",9.15%,43.31%,73.64%,91.59%,108.80%,373.33%,243.80%,-74.39%,-57.40%,7.36%,7.59%,520.37,0.07,332.80,0.36%,1697
2664,"LAD",-0.37%,3.30%,26.49%,32.42%,11.38%,11.83%,22.93%,10.99%,359.19%,2.31%,3.91%,299.85,0.00,370.15,0.00%,0
2665,"LADM",-0.05%,1.61%,,,2.25%,,,,,0.11%,0.13%,0.74,0.00,32.74,0.00%,0
2666,"LAFA",0.20%,0.40%,0.59%,2.01%,2.53%,,,,,0.09%,0.06%,7.07,0.00,10.15,0.00%,0
2667,"LALT",-0.16%,0.95%,-1.18%,0.49%,6.89%,10.75%,21.53%,,,0.57%,0.60%,218.37,0.00,24.36,0.00%,0
2668,"LAPR",0.22%,0.10%,-0.37%,0.75%,0.90%,0.46%,,,,0.13%,0.18%,2.13,0.00,25.36,0.00%,0
2669,"LARK",-0.79%,-0.20%,14.74%,12.12%,22.01%,26.57%,86.83%,46.44%,98.74%,1.00%,1.40%,13.92,0.00,31.95,0.00%,0
2670,"LATA",0.39%,0.58%,1.28%,1.69%,2.30%,,,,,0.12%,0.04%,24.52,0.00,10.19,0.00%,0
2671,"LATR",1.63%,1.64%,13.78%,,17.07%,,,,,0.54%,0.42%,1.00,0.00,28.60,0.00%,0
2672,"LAUR",0.76%,2.52%,16.23%,14.21%,14.85%,42.38%,191.94%,424.07%,,2.66%,2.82%,1173.54,0.00,38.67,0.00%,0
2673,"LAZR",5.11%,42.12%,,,-7.55%,,,,,3.26%,5.36%,170.13,0.29,46.26,4.78%,2433
2674,"LB",1.86%,18.34%,17.82%,19.09%,80.96%,70.97%,,,,5.31%,5.40%,355.61,0.00,88.65,0.07%,85
2675,"LBOX",,,,,-0.02%,,,,,,,0.45,0.00,25.02,0.00%,0
2676,"LBRX",-1.58%,37.85%,73.26%,91.59%,116.37%,,,,,3.92%,6.57%,323.46,0.00,48.17,0.00%,0
2677,"LBTYA",0.75%,5.48%,-10.84%,-15.98%,-3.23%,-7.63%,19.78%,-25.90%,-32.10%,2.25%,2.72%,2189.59,0.00,10.78,0.00%,0
2678,"LCAP",-0.48%,1.82%,2.01%,9.33%,13.41%,20.59%,,,,0.39%,0.63%,43.11,0.00,33.50,0.00%,0
2679,"LCCC",2.48%,2.58%,3.66%,4.47%,5.50%,7.07%,,,,0.00%,0.07%,45.19,0.00,10.75,1.61%,1
2680,"LCDS",-0.45%,3.40%,3.09%,10.41%,12.70%,19.48%,,,,0.01%,0.04%,0.27,0.00,73.67,0.00%,0
2681,"LCF",0.18%,4.28%,4.87%,9.75%,9.22%,14.55%,63.85%,,,0.20%,0.25%,0.99,0.00,46.17,0.00%,0
2682,"LCLN",4.27%,10.64%,10.69%,,11.82%,,,,,4.64%,5.44%,389.17,0.00,25.17,0.00%,0
2683,"LCNB",-2.36%,-6.06%,12.97%,8.63%,16.35%,19.04%,20.09%,7.07%,9.03%,2.30%,2.80%,40.22,0.01,19.07,-0.57%,12
2684,"LCO",1.43%,13.20%,1.95%,3.75%,13.12%,,,,,0.19%,0.11%,0.09,0.00,28.60,0.00%,0
2685,"LCOW",0.61%,3.12%,5.81%,11.78%,11.44%,17.91%,,,,0.38%,0.63%,3.98,0.00,26.67,0.00%,0
2686,"LCR",0.11%,3.20%,3.61%,4.80%,7.15%,10.51%,33.03%,32.36%,,0.67%,0.42%,3.98,0.00,40.81,0.00%,0
2687,"LCTD",0.56%,4.06%,3.18%,0.89%,10.47%,15.59%,47.30%,25.61%,,0.45%,0.55%,32.44,0.00,60.38,0.00%,0
2688,"LCTO",-0.66%,2.88%,,,0.68%,,,,,0.33%,0.33%,0.54,0.00,25.17,0.00%,0
2689,"LCTU",-0.18%,3.47%,3.19%,10.62%,11.51%,17.41%,70.21%,62.63%,,0.43%,0.66%,84.68,0.00,82.62,0.00%,0
2690,"LDEM",1.04%,5.78%,-0.80%,-4.86%,5.87%,9.29%,40.47%,3.25%,,0.33%,0.31%,1.43,0.00,61.52,0.00%,0
2691,"LDOS",-2.90%,20.02%,4.32%,-21.94%,-23.91%,-25.15%,43.30%,39.77%,247.08%,2.94%,3.21%,1647.63,0.00,137.27,-0.12%,30
2692,"LDRX",-0.59%,3.65%,0.88%,11.48%,10.57%,20.19%,,,,0.36%,0.59%,5.59,0.00,36.38,0.00%,0
2693,"LDUR",0.03%,0.20%,0.00%,-0.87%,-0.45%,-0.58%,2.65%,-5.15%,-3.80%,0.10%,0.12%,75.51,0.00,95.51,0.00%,0
2694,"LE",0.50%,-1.62%,2.37%,-30.60%,-16.60%,-17.62%,32.21%,-66.59%,-33.68%,2.95%,3.42%,245.74,0.00,12.11,-0.57%,1
2695,"LECO",3.78%,8.56%,10.38%,0.94%,21.06%,17.80%,55.61%,109.94%,354.73%,2.99%,3.21%,412.11,0.00,290.12,0.00%,0
2696,"LEGH",0.11%,6.25%,19.11%,30.25%,46.26%,3.44%,34.99%,54.16%,,3.92%,4.20%,107.92,0.00,28.55,0.00%,0
2697,"LEGO",-0.10%,0.00%,0.71%,,0.30%,,,,,0.05%,0.06%,24.75,0.00,9.98,0.00%,0
2698,"LEGR",0.42%,4.01%,1.28%,8.02%,12.07%,21.96%,78.00%,54.57%,,0.32%,0.36%,2.28,0.00,66.68,0.00%,0
2699,"LEMB",0.18%,2.46%,3.29%,0.79%,4.26%,6.52%,19.26%,0.56%,-4.26%,0.16%,0.22%,136.41,0.00,43.34,0.00%,0
2700,"LENS",1.54%,18.87%,8.50%,-4.57%,21.74%,57.77%,,,,0.61%,0.65%,9.97,0.00,47.04,0.00%,0
2701,"LEU",7.92%,19.03%,2.49%,-9.90%,-21.70%,-4.14%,329.56%,660.32%,5346.42%,8.53%,6.93%,795.29,0.07,190.08,1.31%,2772
2702,"LEXI",0.01%,2.59%,2.66%,9.65%,14.98%,22.39%,68.65%,61.03%,,0.34%,0.34%,10.82,0.00,40.93,0.00%,0
2703,"LFAC",0.00%,0.50%,0.90%,0.90%,1.01%,,,,,0.01%,0.07%,45.42,0.00,10.05,0.00%,0
2704,"LFEQ",-0.34%,3.32%,2.24%,10.72%,12.47%,18.38%,58.01%,46.91%,,0.18%,0.28%,1.57,0.00,60.92,0.00%,0
2705,"LFSC",-1.76%,4.82%,21.79%,29.09%,29.96%,71.94%,,,,0.64%,1.09%,4.83,0.00,47.58,0.00%,0
2706,"LFST",-5.30%,8.10%,59.66%,63.97%,72.59%,125.00%,60.50%,-12.78%,,3.39%,4.64%,3696.83,0.00,12.15,0.00%,0
2707,"LGCF",0.06%,3.56%,11.10%,13.03%,14.98%,18.27%,,,,0.02%,0.11%,0.13,0.00,39.17,0.00%,0
2708,"LGDS",0.94%,7.26%,,,-0.14%,,,,,0.64%,1.07%,51.07,0.18,49.39,0.99%,463
2709,"LGDX",-0.30%,3.52%,2.52%,11.70%,11.51%,16.42%,,,,0.04%,0.01%,0.03,0.00,25.62,0.00%,0
2710,"LGH",-0.55%,4.57%,2.20%,5.39%,6.32%,14.34%,70.25%,55.82%,,0.60%,1.04%,24.69,0.00,65.89,0.00%,0
2711,"LGI",-0.11%,2.28%,1.49%,-7.20%,5.62%,4.78%,26.00%,-9.24%,53.05%,1.02%,1.08%,33.37,0.00,18.42,0.00%,0
2712,"LGL",1.33%,11.11%,7.96%,4.94%,34.25%,13.43%,52.86%,66.22%,410.15%,3.42%,2.79%,17.98,0.00,7.60,0.00%,0
2713,"LGLV",0.47%,-0.62%,5.96%,1.79%,8.10%,7.09%,36.63%,35.60%,142.29%,0.46%,0.67%,26.64,0.00,189.79,0.00%,0
2714,"LGRO",-0.53%,6.15%,9.46%,19.20%,14.39%,22.62%,86.32%,,,0.19%,0.52%,6.93,0.00,46.88,0.00%,0
2715,"LH",0.06%,8.42%,26.74%,15.78%,32.73%,19.23%,56.93%,28.99%,184.94%,2.06%,2.46%,675.21,0.00,333.00,-0.81%,8
2716,"LIEN",6.84%,7.98%,1.81%,0.89%,-1.74%,-7.89%,16.97%,,,2.18%,2.39%,68.09,0.00,10.15,0.00%,0
2717,"LIFE",19.06%,108.03%,85.00%,230.32%,105.84%,,,,,8.77%,9.60%,895.48,0.00,39.11,0.00%,0
2718,"LIME",2.97%,60.77%,,,60.30%,,,,,7.36%,9.22%,421.72,0.01,43.28,0.02%,113
2719,"LIMI",3.75%,15.56%,-19.55%,-17.14%,-3.35%,46.60%,,,,0.00%,0.44%,0.57,0.00,45.12,0.00%,0
2720,"LIND",-1.98%,4.88%,38.19%,50.31%,116.30%,112.47%,228.32%,112.32%,246.56%,3.33%,3.95%,891.82,0.00,31.19,0.00%,0
2721,"LINK",0.00%,17.53%,-2.45%,61.56%,33.25%,-10.55%,24.01%,20.05%,7.71%,6.89%,8.79%,25.40,0.00,5.17,0.00%,0
2722,"LIT",2.02%,14.01%,-13.04%,0.42%,17.31%,62.65%,33.02%,-10.52%,209.81%,1.22%,1.41%,334.90,0.34,76.09,0.22%,5762
2723,"LITC",25.40%,84.16%,,,18.71%,,,,,6.50%,9.58%,2.78,0.00,29.88,0.00%,0
2724,"LITE",10.18%,60.83%,12.56%,43.10%,162.83%,669.83%,1777.80%,1014.03%,2758.53%,7.48%,9.28%,5211.54,0.22,968.76,3.17%,57506
2725,"LITG",22.12%,,,,37.92%,,,,,11.07%,,8.81,0.23,20.26,7.64%,102
2726,"LITL",-1.41%,0.47%,8.34%,12.39%,16.05%,19.59%,,,,0.19%,0.42%,1.63,0.00,34.22,0.00%,0
2727,"LITU",20.71%,135.17%,-6.22%,,-12.62%,,,,,14.52%,18.31%,139.27,0.27,22.69,7.47%,1901
2728,"LITX",20.01%,133.10%,-5.57%,12.18%,282.13%,,,,,15.38%,19.10%,4166.18,0.57,35.92,6.34%,118220
2729,"LIVN",3.30%,-0.79%,10.61%,13.79%,31.30%,43.01%,44.96%,-2.58%,33.29%,2.73%,3.31%,716.41,0.00,80.79,1.02%,99
2730,"LKSP",0.20%,0.49%,0.89%,2.20%,3.02%,,,,,0.00%,0.03%,42.69,0.00,10.22,0.00%,0
2731,"LLY",-4.69%,-1.99%,5.25%,16.04%,10.36%,61.54%,114.21%,356.59%,1415.85%,3.29%,3.37%,2942.28,0.04,1186.00,-0.29%,5469
2732,"LLYVA",-1.57%,2.37%,7.18%,9.84%,24.96%,8.05%,207.12%,,,1.97%,2.71%,232.63,0.00,101.84,0.00%,0
2733,"LLYVK",-1.03%,2.99%,8.46%,11.16%,27.15%,8.85%,214.42%,,,2.00%,2.65%,389.33,0.00,105.74,0.00%,0
2734,"LMRI",3.51%,17.38%,57.01%,-16.22%,-34.65%,,,,,5.34%,6.08%,603.32,0.00,12.09,1.09%,15
2735,"LMT",-1.63%,-1.24%,4.64%,-12.39%,16.23%,23.69%,24.62%,55.29%,129.97%,2.39%,2.44%,1222.25,0.01,562.15,-0.61%,741
2736,"LMTL",-8.28%,-6.73%,8.09%,-30.28%,21.01%,32.58%,,,,3.21%,4.03%,24.82,0.00,36.37,0.00%,0
2737,"LNC",-0.37%,1.14%,23.07%,20.30%,-2.72%,1.67%,70.02%,-37.14%,-7.00%,2.99%,3.14%,1925.32,0.00,43.32,0.00%,0
2738,"LNG",1.01%,9.04%,22.84%,21.29%,45.07%,16.72%,74.94%,214.38%,541.05%,2.27%,2.45%,1930.37,0.00,282.00,-0.73%,93
2739,"LNGX",-0.28%,8.68%,6.74%,10.67%,25.96%,,,,,1.61%,1.52%,12.49,0.00,44.97,0.00%,0
2740,"LNSR",-0.80%,61.68%,47.61%,-28.75%,-25.62%,-31.29%,159.76%,9.22%,,5.31%,6.00%,115.62,0.00,8.65,0.00%,0
2741,"LOAR",-3.95%,2.61%,18.21%,7.66%,8.04%,1.41%,,,,3.92%,4.60%,712.86,0.00,73.47,0.00%,0
2742,"LODI",0.08%,0.06%,-0.04%,-0.67%,0.00%,-0.23%,,,,0.19%,0.27%,20.12,0.00,25.25,0.00%,0
2743,"LOEV",0.77%,5.83%,,,5.96%,,,,,0.51%,0.70%,29.86,0.00,16.35,0.00%,0
2744,"LOGO",-0.85%,3.75%,0.03%,5.19%,0.74%,-0.25%,,,,0.33%,0.49%,2.37,0.00,21.12,0.00%,0
2745,"LOHA",-0.33%,1.82%,6.38%,,7.10%,,,,,0.89%,1.02%,43.74,0.00,26.86,0.00%,0
2746,"LOPE",1.26%,-1.12%,-2.05%,-5.18%,-10.55%,-27.03%,30.47%,70.04%,254.64%,3.30%,3.53%,352.43,0.00,148.77,0.00%,0
2747,"LOTI",-0.09%,-0.29%,1.58%,0.07%,4.25%,,,,,0.14%,0.19%,4.55,0.00,26.30,0.00%,0
2748,"LOWV",0.02%,2.25%,3.94%,7.32%,7.08%,9.66%,52.54%,,,0.23%,0.45%,7.33,0.00,83.91,0.00%,0
2749,"LPBB",0.19%,0.37%,1.27%,2.47%,2.96%,3.65%,,,,0.06%,0.08%,58.47,0.00,10.80,0.00%,0
2750,"LPCV",0.00%,0.30%,0.40%,0.91%,0.70%,,,,,0.00%,0.15%,36.01,0.00,10.02,0.00%,0
2751,"LPG",-3.49%,7.71%,12.68%,38.85%,110.85%,65.35%,161.38%,724.14%,1843.22%,3.35%,3.95%,688.13,0.00,47.90,0.00%,0
2752,"LPLA",0.28%,5.21%,32.71%,13.12%,0.86%,-1.92%,53.87%,144.27%,1132.03%,3.19%,2.69%,877.12,0.00,360.24,0.00%,0
2753,"LPRE",-0.12%,-1.72%,2.20%,6.23%,12.68%,14.29%,,,,0.67%,1.08%,27.31,0.00,30.08,0.00%,0
2754,"LPTH",5.22%,45.90%,-24.52%,22.98%,26.85%,185.42%,745.68%,514.35%,613.54%,7.87%,8.29%,3214.40,0.09,13.70,3.95%,14638
2755,"LQ",-0.60%,2.67%,-1.29%,,-2.91%,,,,,0.11%,0.17%,1.15,0.00,24.19,0.00%,0
2756,"LQDH",0.41%,0.64%,-0.72%,-0.23%,-0.54%,-0.17%,0.04%,-2.89%,1.90%,0.18%,0.15%,40.56,0.00,92.84,0.00%,0
2757,"LQDT",-3.88%,6.51%,16.17%,34.09%,38.21%,58.08%,131.82%,80.09%,333.20%,2.45%,3.54%,206.87,0.00,41.89,0.00%,0
2758,"LQDU",0.18%,,,,-0.18%,,,,,0.00%,,0.05,0.00,25.35,0.00%,0
2759,"LRGC",-0.51%,2.26%,3.55%,10.27%,10.90%,15.39%,,,,0.34%,0.59%,41.42,0.00,86.21,0.00%,0
2760,"LRGE",-0.31%,5.58%,1.37%,9.24%,6.49%,8.60%,64.08%,55.28%,,0.53%,0.87%,21.26,0.00,87.68,0.00%,0
2761,"LRGF",0.67%,5.04%,2.76%,12.25%,12.56%,16.50%,76.57%,74.33%,215.95%,0.51%,0.73%,152.94,0.00,78.15,0.00%,1
2762,"LRGG",-0.13%,4.55%,5.55%,8.52%,0.27%,-0.30%,,,,0.52%,0.78%,48.31,0.00,29.68,0.00%,0
2763,"LRND",-0.71%,4.49%,2.26%,14.04%,12.77%,20.89%,79.68%,,,0.41%,0.61%,41.89,0.00,45.97,0.00%,0
2764,"LRNZ",-2.07%,9.20%,11.47%,48.45%,28.99%,46.56%,108.25%,28.67%,,0.58%,1.18%,4.00,0.00,61.47,0.00%,0
2765,"LSAF",1.36%,2.75%,13.42%,19.06%,25.10%,27.25%,75.88%,66.19%,,0.57%,0.71%,4.12,0.00,56.40,0.00%,0
2766,"LSAT",0.50%,0.97%,10.32%,19.03%,21.67%,14.20%,37.16%,32.05%,,0.51%,0.57%,2.26,0.00,47.28,0.00%,0
2767,"LSBK",-0.23%,0.53%,10.26%,11.69%,17.33%,30.80%,126.33%,58.32%,74.30%,0.49%,0.68%,8.94,0.00,17.20,0.00%,0
2768,"LSE",-0.37%,7.12%,19.87%,18.04%,24.26%,-1.09%,,,,5.30%,7.01%,15.19,0.00,5.43,0.00%,0
2769,"LSEQ",1.41%,4.27%,2.51%,5.43%,27.94%,27.89%,,,,0.17%,0.60%,1.86,0.00,35.29,0.00%,0
2770,"LSGR",2.12%,10.08%,-0.44%,8.30%,1.50%,5.82%,80.64%,,,0.67%,1.11%,65.57,0.00,45.43,1.56%,15
2771,"LST",0.84%,4.26%,4.29%,10.62%,19.88%,26.63%,,,,0.55%,0.80%,70.98,0.00,48.13,0.00%,0
2772,"LSVD",0.25%,3.96%,4.86%,17.53%,21.75%,33.79%,,,,0.30%,0.27%,1.50,0.00,36.23,0.00%,0
2773,"LTC",0.20%,-2.04%,7.96%,1.16%,18.76%,11.99%,27.20%,19.56%,-21.56%,1.55%,2.32%,574.27,0.34,40.83,0.74%,9840
2774,"LTGO",15.23%,,,,14.90%,,,,,9.78%,,451.65,0.00,24.13,0.00%,0
2775,"LTGR",0.00%,0.51%,,,-0.10%,,,,,0.22%,,8.80,0.00,9.93,0.00%,0
2776,"LTH",0.34%,-1.82%,35.39%,69.25%,68.55%,58.98%,172.84%,,,1.97%,3.20%,2836.62,0.00,44.80,0.00%,0
2777,"LTL",2.52%,4.49%,-8.53%,-9.75%,-12.86%,-3.42%,134.50%,93.09%,99.96%,1.02%,1.72%,4.64,0.00,24.75,0.00%,0
2778,"LTRX",7.08%,30.26%,-23.08%,5.01%,10.92%,75.20%,73.33%,15.25%,371.01%,5.95%,5.97%,1186.52,1.04,6.50,14.84%,61868
2779,"LUMA",1.68%,20.52%,,,-0.24%,,,,,2.38%,3.62%,19.75,0.00,24.59,0.00%,0
2780,"LVDS",-0.18%,1.94%,8.72%,14.53%,22.37%,27.22%,,,,0.40%,0.40%,3.96,0.00,60.77,0.00%,0
2781,"LVHI",0.37%,0.16%,4.35%,3.45%,16.51%,24.75%,67.01%,75.42%,96.90%,0.52%,0.63%,730.01,0.01,42.90,-0.42%,272
2782,"LVLN",0.38%,0.69%,0.44%,0.77%,-1.37%,,,,,0.25%,0.14%,4.44,0.00,24.89,0.00%,0
2783,"LWAC",-0.10%,0.78%,1.37%,2.27%,3.09%,3.71%,,,,0.20%,0.09%,24.79,0.00,10.34,0.00%,0
2784,"LYFT",0.69%,13.47%,26.77%,24.26%,-9.55%,7.82%,71.43%,-63.79%,,3.50%,3.97%,12405.11,0.00,17.52,0.75%,835
2785,"LYLD",0.60%,3.65%,12.04%,12.08%,20.95%,22.70%,,,,0.04%,0.30%,1.02,0.00,33.67,0.00%,0
2786,"LYTE",2.65%,,,,3.76%,,,,,2.89%,,3007.57,0.28,25.92,3.64%,42030
2787,"LYV",0.26%,-1.05%,9.26%,15.57%,28.07%,10.23%,115.24%,110.01%,596.30%,2.11%,2.64%,2263.60,0.00,182.50,-0.08%,11
2788,"MA",3.22%,5.15%,19.97%,15.07%,3.76%,0.28%,47.02%,66.51%,514.01%,1.53%,1.81%,3533.22,0.01,592.34,-1.02%,1257
2789,"MACI",0.37%,0.73%,1.48%,2.61%,3.39%,4.67%,,,,0.00%,0.08%,2.20,0.00,10.99,0.00%,0
2790,"MAGA",-0.46%,0.52%,6.10%,4.05%,12.56%,10.18%,47.29%,57.35%,,0.04%,0.35%,1.32,0.00,57.85,0.00%,0
2791,"MAGS",1.72%,8.76%,-3.99%,9.27%,3.15%,12.76%,126.63%,,,0.99%,1.58%,4363.91,0.05,68.04,0.70%,11727
2792,"MAGX",2.98%,17.00%,-10.94%,11.47%,-2.61%,12.69%,,,,1.80%,3.00%,71.01,1.32,55.68,1.13%,4671
2793,"MAIN",0.00%,7.51%,14.54%,1.68%,-2.20%,-7.88%,57.20%,52.10%,96.37%,1.25%,1.96%,619.83,0.02,58.40,-0.05%,505
2794,"MAKO",5.00%,50.21%,30.78%,38.05%,88.28%,142.13%,999.03%,312.23%,366.67%,4.10%,5.61%,172.16,0.00,10.92,0.00%,0
2795,"MAMB",0.06%,1.33%,-0.68%,-2.67%,0.65%,3.32%,12.13%,-5.41%,,0.32%,0.30%,22.95,0.00,24.07,0.00%,0
2796,"MANI",0.42%,1.26%,1.05%,3.02%,4.32%,,,,,0.06%,0.13%,2.63,0.00,26.05,0.00%,0
2797,"MAPP",0.42%,4.27%,0.66%,2.36%,7.48%,12.33%,,,,0.07%,0.14%,0.75,0.00,28.15,0.00%,0
2798,"MARM",0.06%,0.57%,1.04%,3.61%,4.19%,6.32%,,,,0.18%,0.19%,4.62,0.00,34.44,0.00%,0
2799,"MART",0.04%,2.06%,2.51%,8.31%,10.56%,15.80%,56.57%,,,0.12%,0.17%,1.00,0.00,42.82,0.00%,0
2800,"MARU",-0.38%,2.63%,1.15%,7.37%,8.59%,13.63%,,,,0.14%,0.20%,1.08,0.00,30.15,0.00%,0
2801,"MARW",0.06%,1.37%,1.96%,5.49%,6.83%,10.53%,38.04%,,,0.11%,0.17%,2.10,0.00,36.69,0.00%,0
2802,"MARZ",-0.28%,2.44%,1.52%,7.94%,8.94%,10.33%,39.54%,43.88%,,1.03%,0.40%,5.71,0.00,37.34,0.00%,0
2803,"MATE",-0.44%,3.53%,0.46%,8.24%,19.04%,,,,,0.35%,0.50%,5.51,0.00,30.77,0.00%,0
2804,"MATX",1.55%,9.13%,20.29%,30.34%,79.40%,111.58%,154.74%,192.80%,509.43%,2.39%,3.08%,294.36,0.00,221.65,0.00%,0
2805,"MAUG",-0.08%,1.80%,2.93%,,3.83%,,,,,0.06%,0.04%,0.19,0.00,33.25,0.00%,0
2806,"MAVF",-0.20%,2.81%,3.47%,9.94%,15.55%,23.76%,,,,0.08%,0.16%,0.63,0.00,140.51,0.00%,0
2807,"MAXJ",-0.09%,1.05%,1.64%,3.42%,4.40%,5.98%,,,,0.20%,0.22%,47.29,0.00,29.43,0.00%,0
2808,"MAYC",0.05%,1.91%,2.79%,,3.83%,,,,,0.00%,0.02%,2.13,0.00,26.14,0.00%,0
2809,"MAYM",-0.02%,0.86%,0.90%,2.47%,3.12%,5.18%,,,,0.07%,0.06%,3.48,0.00,33.21,0.00%,0
2810,"MAYP",-0.06%,2.03%,2.20%,5.90%,7.07%,10.68%,,,,0.23%,0.21%,3.61,0.00,33.10,0.00%,0
2811,"MAYT",-0.11%,2.18%,2.27%,6.52%,7.74%,11.56%,51.88%,,,0.30%,0.41%,22.90,0.00,39.80,0.00%,0
2812,"MAYU",-0.34%,2.45%,1.21%,10.59%,10.12%,15.76%,,,,0.19%,0.21%,6.58,0.00,34.69,0.00%,0
2813,"MAYW",-0.10%,1.46%,1.68%,4.36%,5.35%,8.21%,36.69%,,,0.32%,0.39%,53.27,0.00,35.34,0.00%,0
2814,"MAYZ",-0.26%,2.57%,1.74%,8.73%,9.80%,12.76%,46.70%,42.67%,,0.02%,0.11%,4.70,0.00,36.76,0.00%,0
2815,"MAZE",-0.57%,6.10%,13.55%,-37.37%,-28.60%,110.53%,,,,4.00%,5.23%,545.18,0.00,29.58,0.00%,0
2816,"MBB",0.90%,0.98%,-0.60%,-2.70%,-1.13%,-0.11%,3.85%,-13.06%,-13.40%,0.23%,0.29%,2259.68,0.00,94.14,0.60%,3
2817,"MBBC",3.70%,3.01%,13.94%,16.80%,26.65%,48.33%,122.54%,103.09%,,0.65%,0.96%,10.16,0.00,15.40,0.00%,0
2818,"MBIN",-1.63%,-1.90%,12.38%,21.13%,56.33%,61.50%,83.74%,119.25%,,2.30%,2.95%,166.69,0.00,53.25,-0.47%,1
2819,"MBOX",0.74%,2.38%,9.54%,12.93%,23.07%,24.28%,64.75%,67.02%,,0.30%,0.43%,4.79,0.00,43.05,0.00%,0
2820,"MBSF",0.23%,0.14%,0.51%,-0.31%,0.33%,0.78%,,,,0.35%,0.64%,49.03,0.00,25.73,0.00%,0
2821,"MBSX",-0.55%,-0.28%,5.77%,5.97%,4.16%,6.69%,,,,5.29%,4.98%,4.81,0.00,27.50,0.00%,0
2822,"MBVI",-0.20%,0.29%,0.69%,1.39%,2.00%,,,,,0.05%,0.03%,25.48,0.00,10.20,0.00%,0
2823,"MBWM",-0.15%,-1.19%,13.02%,12.01%,24.14%,19.85%,79.74%,84.75%,131.62%,1.74%,2.26%,134.72,0.00,59.71,-0.28%,3
2824,"MBX",1.61%,5.41%,111.35%,92.41%,113.76%,371.14%,,,,3.95%,5.57%,758.55,0.00,67.42,0.99%,27
2825,"MC",-1.97%,-2.01%,2.03%,7.16%,-2.23%,-8.71%,48.89%,13.03%,229.61%,3.42%,3.88%,925.43,0.00,67.21,0.00%,0
2826,"MCAH",0.48%,0.89%,,,0.99%,,,,,1.99%,0.50%,49.45,0.00,10.04,0.00%,0
2827,"MCDS",-0.49%,1.24%,5.79%,10.39%,17.48%,19.14%,,,,0.24%,0.23%,0.53,0.00,68.81,0.00%,0
2828,"MCH",0.96%,3.71%,-2.17%,-2.87%,0.71%,0.79%,35.66%,,,0.16%,0.21%,2.20,0.00,28.41,0.00%,0
2829,"MCHI",-0.50%,0.29%,0.44%,-6.75%,-8.06%,-7.98%,26.21%,-19.08%,19.83%,0.72%,0.83%,2935.51,0.00,55.23,0.24%,139
2830,"MCHX",3.11%,1.96%,11.96%,19.28%,9.94%,-7.12%,12.03%,-41.32%,-23.31%,3.02%,6.03%,20.77,0.00,1.83,0.00%,0
2831,"MCI",-1.52%,8.58%,1.12%,-12.18%,-0.28%,-15.97%,24.74%,17.26%,-4.76%,1.82%,2.05%,32.48,0.00,18.10,0.00%,0
2832,"MCK",6.35%,0.39%,17.84%,-8.46%,8.74%,30.50%,110.73%,343.52%,388.00%,2.98%,3.12%,1055.06,0.01,892.01,-0.52%,276
2833,"MCO",2.85%,6.16%,13.89%,6.99%,0.42%,0.57%,53.40%,35.77%,382.96%,1.92%,2.15%,927.09,0.00,513.00,-0.30%,18
2834,"MCOW",-0.69%,4.29%,5.96%,13.02%,12.31%,,,,,0.33%,0.16%,1.73,0.00,22.06,0.00%,0
2835,"MCS",-2.41%,18.77%,55.98%,86.52%,90.97%,91.84%,92.71%,91.72%,27.56%,3.76%,4.42%,291.52,0.00,29.62,0.00%,0
2836,"MD",2.78%,0.34%,24.48%,35.43%,25.99%,58.25%,91.41%,-18.87%,-57.04%,2.55%,3.95%,799.08,0.00,26.95,0.00%,0
2837,"MDAA",0.77%,5.52%,-0.62%,4.87%,16.23%,,,,,0.00%,0.02%,0.36,0.00,117.77,0.00%,0
2838,"MDCR",-0.04%,1.51%,,,2.22%,,,,,0.00%,0.00%,0.10,0.00,32.81,0.00%,0
2839,"MDEV",-0.68%,6.97%,14.92%,3.48%,1.70%,4.98%,11.58%,-19.87%,,0.13%,0.25%,3.20,0.00,21.47,0.00%,0
2840,"MDGL",-0.24%,0.01%,2.12%,23.88%,-7.46%,26.84%,200.51%,559.75%,5626.67%,4.18%,4.51%,357.06,0.00,538.88,0.00%,0
2841,"MDIV",-0.70%,-0.46%,1.44%,1.66%,7.03%,4.37%,15.08%,2.47%,-13.72%,0.59%,0.62%,62.65,0.00,16.83,0.00%,0
2842,"MDLV",-0.10%,0.61%,3.16%,3.50%,12.99%,15.66%,34.95%,,,0.26%,0.31%,6.16,0.00,32.05,0.00%,0
2843,"MDPL",0.30%,8.73%,17.29%,15.95%,14.32%,12.62%,,,,0.58%,0.77%,13.97,0.00,30.68,0.00%,0
2844,"MDRR",7.40%,7.88%,8.21%,5.54%,-0.89%,2.60%,16.10%,-40.71%,,4.06%,1.72%,5.59,0.00,12.19,0.00%,0
2845,"MDST",0.86%,1.90%,1.27%,4.50%,13.08%,11.95%,,,,1.81%,1.58%,64.35,0.00,29.88,0.00%,0
2846,"MDT",-0.33%,5.09%,21.74%,-5.18%,-4.23%,-0.05%,11.94%,-31.25%,6.24%,1.96%,2.19%,9002.04,0.00,92.00,-0.02%,400
2847,"MDY",-0.59%,0.78%,2.92%,6.52%,15.77%,17.68%,48.07%,41.01%,145.85%,0.87%,1.00%,681.64,0.00,698.40,0.00%,0
2848,"MDYV",-0.28%,-0.81%,4.24%,5.44%,12.71%,14.09%,41.96%,40.12%,122.53%,0.76%,0.89%,82.21,0.00,95.41,0.00%,0
2849,"MEDI",-2.84%,3.51%,11.55%,9.72%,9.98%,25.44%,56.18%,,,0.90%,0.95%,5.17,0.00,34.59,0.00%,0
2850,"MEDP",1.77%,8.42%,44.64%,41.31%,10.22%,31.91%,138.26%,244.51%,2181.79%,3.41%,2.91%,306.50,0.00,619.05,0.00%,0
2851,"MEDX",-1.49%,3.51%,9.86%,6.23%,12.32%,30.08%,27.98%,,,1.03%,0.65%,2.28,0.00,37.29,0.00%,0
2852,"MEGX",-0.93%,9.48%,,,-7.18%,,,,,0.43%,0.27%,0.43,0.00,22.69,0.00%,0
2853,"MEIB",5.83%,,,,-1.96%,,,,,0.19%,,0.30,0.00,24.14,0.00%,0
2854,"MELI",1.29%,4.48%,14.82%,11.83%,-3.35%,-19.33%,57.28%,4.39%,1066.11%,3.24%,3.42%,458.82,0.02,1946.82,-0.19%,568
2855,"MEM",1.28%,7.58%,-2.12%,5.60%,24.05%,34.42%,66.26%,,,0.52%,0.55%,2.77,0.00,44.42,0.00%,0
2856,"MEMA",1.31%,7.34%,-4.02%,4.27%,20.61%,,,,,0.45%,0.62%,10.66,0.00,31.12,0.00%,0
2857,"MEMS",1.22%,8.17%,-1.09%,6.94%,22.10%,17.36%,,,,0.50%,0.31%,1.12,0.00,31.12,0.00%,0
2858,"MEMX",1.74%,9.03%,-1.79%,6.99%,28.40%,44.11%,83.40%,,,0.15%,0.81%,3.77,0.00,48.05,0.00%,0
2859,"MEOH",0.60%,7.01%,-3.75%,17.58%,43.33%,59.24%,37.85%,63.92%,100.88%,3.51%,3.70%,882.80,0.00,56.93,0.00%,0
2860,"MESH",0.15%,0.50%,0.70%,1.72%,1.21%,,,,,0.06%,0.07%,84.62,0.00,10.06,0.00%,0
2861,"MESO",-0.92%,22.22%,17.01%,2.07%,-4.27%,7.13%,475.67%,16.85%,66.06%,2.52%,2.38%,221.81,0.01,17.27,2.55%,82
2862,"MET",3.27%,-0.52%,17.76%,27.10%,22.27%,19.00%,54.65%,53.77%,159.18%,1.73%,1.68%,3730.26,0.00,96.52,0.00%,187
2863,"METC",5.31%,30.26%,-18.28%,-28.09%,-29.44%,-50.27%,78.57%,100.00%,,8.06%,8.74%,1801.07,0.00,12.70,0.00%,0
2864,"METL",6.76%,22.40%,1.86%,-6.66%,17.64%,,,,,2.04%,2.07%,20.95,0.00,29.73,0.00%,0
2865,"METV",4.10%,7.25%,5.61%,18.04%,6.79%,4.29%,108.47%,35.42%,,1.19%,1.41%,54.24,0.00,20.06,0.00%,0
2866,"MEVO",0.30%,0.30%,0.71%,1.32%,1.11%,,,,,0.04%,0.05%,42.92,0.00,9.99,0.00%,0
2867,"MEXX",10.19%,2.39%,-8.13%,-18.96%,21.61%,72.18%,-0.11%,69.43%,,4.02%,3.55%,15.83,0.00,30.39,0.00%,0
2868,"MFC",-0.44%,-3.16%,11.68%,22.12%,19.16%,43.62%,141.78%,119.57%,215.98%,1.63%,1.77%,2313.79,0.00,43.23,0.00%,0
2869,"MFDX",0.43%,4.45%,1.28%,-0.43%,11.31%,15.62%,56.47%,45.61%,,0.78%,0.66%,17.65,0.00,42.77,0.00%,0
2870,"MFEB",-0.04%,1.59%,2.40%,,3.73%,,,,,0.00%,0.00%,0.11,0.00,33.24,0.00%,0
2871,"MFEM",1.42%,8.38%,-3.26%,2.27%,23.38%,30.81%,55.22%,15.03%,,0.83%,0.91%,22.55,0.00,28.53,0.00%,0
2872,"MFG",3.06%,3.57%,15.34%,19.29%,42.76%,58.81%,225.55%,273.21%,214.76%,1.04%,1.55%,3740.96,0.00,10.45,0.00%,0
2873,"MFIG",-0.57%,3.95%,3.69%,13.11%,6.87%,,,,,0.51%,0.75%,7.98,0.00,21.37,0.00%,0
2874,"MFIN",2.54%,18.15%,22.21%,15.35%,13.90%,11.51%,41.72%,35.02%,138.70%,2.39%,3.10%,84.43,0.00,11.72,0.00%,0
2875,"MFP",-0.74%,4.25%,,,38.83%,,,,,7.69%,6.76%,1053.32,0.04,48.59,0.31%,2331
2876,"MFSG",1.54%,7.56%,-0.53%,10.54%,7.09%,10.26%,,,,0.70%,0.94%,54.34,0.33,30.31,0.76%,900
2877,"MFSI",0.72%,3.03%,4.21%,4.43%,10.67%,16.81%,,,,0.55%,0.68%,205.83,0.00,33.70,0.00%,0
2878,"MFSV",-0.43%,0.51%,7.15%,6.73%,12.36%,15.14%,,,,0.60%,0.72%,115.48,0.00,29.82,0.00%,0
2879,"MFUL",0.01%,0.97%,1.13%,1.96%,4.14%,2.65%,5.31%,,,0.06%,0.05%,0.47,0.00,22.64,0.00%,0
2880,"MFUS",-0.37%,1.83%,2.90%,9.60%,17.84%,21.70%,70.55%,69.66%,,0.43%,0.62%,15.40,0.00,66.71,0.00%,0
2881,"MFVL",-0.52%,3.67%,11.80%,7.94%,11.56%,,,,,0.37%,1.06%,3.02,0.00,22.65,0.00%,0
2882,"MG",-3.34%,22.16%,5.74%,23.04%,48.62%,97.48%,244.95%,98.10%,-20.78%,4.80%,5.06%,210.25,0.00,18.80,0.00%,0
2883,"MGC",-0.50%,3.79%,1.49%,11.06%,11.54%,19.09%,79.66%,76.33%,278.23%,0.50%,0.78%,98.09,0.00,280.16,0.00%,0
2884,"MGK",0.91%,7.59%,-1.47%,14.49%,8.32%,15.69%,91.88%,81.53%,412.02%,0.88%,1.19%,1516.16,0.00,89.42,0.64%,126
2885,"MGKX",-1.56%,8.79%,,,-7.77%,,,,,0.35%,0.37%,0.43,0.00,22.54,0.00%,0
2886,"MGMT",-0.66%,0.36%,6.45%,5.50%,15.81%,16.25%,48.85%,41.86%,,0.45%,0.59%,8.55,0.00,51.34,0.00%,0
2887,"MGNI",-0.21%,18.09%,61.47%,72.85%,43.56%,-8.88%,199.87%,-21.63%,161.80%,3.07%,3.81%,2908.62,0.00,23.30,-0.34%,122
2888,"MGNR",0.88%,15.60%,1.01%,2.03%,24.83%,53.04%,,,,1.58%,1.68%,177.62,0.35,55.05,-0.95%,3080
2889,"MGRT",-0.76%,-3.86%,15.97%,1491.72%,1205.59%,2800.89%,,,,4.85%,5.11%,16.59,0.00,98.05,0.00%,0
2890,"MGTX",-1.24%,23.58%,43.60%,87.47%,80.63%,93.01%,131.99%,7.24%,,5.18%,5.20%,853.73,0.01,14.36,-1.37%,469
2891,"MGV",0.68%,3.51%,6.86%,10.26%,19.25%,24.78%,61.70%,63.36%,166.13%,0.50%,0.71%,252.17,0.01,168.33,-0.01%,85
2892,"MGY",-3.86%,12.95%,-4.13%,-2.22%,20.74%,9.49%,17.68%,83.03%,,2.37%,2.84%,4291.27,0.00,26.43,0.00%,0
2893,"MGYR",1.34%,3.63%,13.76%,11.63%,13.89%,12.46%,82.67%,92.70%,146.76%,2.28%,1.89%,3.47,0.00,19.68,0.00%,0
2894,"MHIG",-0.16%,3.21%,2.72%,,1.05%,,,,,0.05%,0.02%,0.06,0.00,20.49,0.00%,0
2895,"MHIP",-0.42%,4.57%,7.34%,,5.88%,,,,,0.00%,0.02%,0.10,0.00,21.25,0.00%,0
2896,"MHK",-2.27%,12.83%,24.71%,7.04%,20.92%,0.78%,37.58%,-34.27%,-36.97%,2.66%,3.06%,826.03,0.00,132.17,0.00%,0
2897,"MHO",-1.49%,0.10%,13.96%,8.47%,19.02%,4.78%,68.63%,139.26%,556.99%,2.50%,2.69%,239.31,0.00,152.29,0.00%,0
2898,"MHY",0.66%,1.18%,2.42%,3.88%,4.93%,,,,,0.22%,0.19%,17.93,0.00,26.00,0.00%,0
2899,"MIAX",6.87%,-6.08%,-13.58%,5.86%,-2.23%,27.99%,,,,4.20%,4.36%,1872.39,0.00,43.39,0.00%,0
2900,"MICC",1.97%,10.36%,22.89%,24.48%,27.00%,,,,,1.36%,1.56%,1133.45,0.00,20.13,-0.70%,6
2901,"MID",0.22%,4.02%,4.73%,4.69%,6.37%,3.45%,51.54%,14.66%,,0.50%,0.64%,2.89,0.00,69.31,0.00%,0
2902,"MIDE",-0.26%,0.69%,3.40%,7.25%,16.35%,19.59%,48.61%,42.01%,,0.09%,0.21%,0.56,0.00,38.44,0.00%,0
2903,"MIGO",-0.28%,6.10%,2.29%,18.16%,19.88%,,,,,0.08%,0.05%,5.98,0.00,29.76,0.00%,0
2904,"MILN",0.61%,3.12%,7.58%,9.54%,0.01%,-5.80%,51.38%,6.32%,195.15%,0.73%,0.98%,9.53,0.00,46.93,0.00%,0
2905,"MINE",1.99%,28.99%,7.34%,-21.28%,-12.41%,25.82%,-0.32%,119.29%,,5.87%,6.96%,86.45,0.00,3.07,0.00%,0
2906,"MINT",0.07%,0.01%,0.04%,0.09%,0.42%,0.11%,1.17%,-0.79%,-0.18%,0.02%,0.02%,1494.25,0.00,100.76,0.00%,23
2907,"MIVL",0.39%,2.42%,,,5.64%,,,,,0.00%,0.02%,15.05,0.00,26.62,0.00%,0
2908,"MIY",0.16%,4.21%,4.64%,2.52%,7.50%,13.80%,18.72%,-19.15%,-16.56%,1.15%,1.29%,57.81,0.00,12.62,0.00%,0
2909,"MJUN",-0.11%,1.81%,,,2.35%,,,,,0.00%,0.00%,0.73,0.00,32.87,0.00%,0
2910,"MKAM",-0.17%,1.85%,1.05%,4.12%,5.11%,8.61%,25.27%,,,0.02%,0.00%,0.35,0.00,32.32,0.00%,0
2911,"MKLY",0.10%,0.49%,0.39%,1.99%,2.61%,,,,,0.12%,0.16%,61.42,0.00,10.23,0.00%,0
2912,"MKOR",2.10%,16.35%,-5.93%,18.04%,77.31%,129.62%,156.48%,,,0.60%,1.93%,15.95,0.00,61.01,0.00%,0
2913,"MKTN",-1.04%,2.12%,6.26%,6.44%,7.12%,,,,,1.96%,1.00%,26.51,0.00,27.48,0.00%,0
2914,"MLAA",0.00%,0.40%,0.45%,,2.67%,,,,,0.08%,0.07%,57.68,0.00,9.99,0.00%,0
2915,"MLI",3.42%,-2.02%,0.19%,6.39%,11.64%,32.75%,236.29%,466.58%,705.46%,3.97%,2.80%,1439.02,0.00,64.08,0.00%,2
2916,"MLPA",0.62%,1.05%,5.15%,7.25%,17.31%,14.66%,30.67%,68.52%,-17.62%,1.03%,1.28%,189.71,0.00,56.79,0.00%,0
2917,"MLPB",0.94%,3.57%,6.65%,10.94%,24.03%,21.82%,52.27%,110.35%,14.12%,0.98%,0.96%,3.98,0.00,31.38,0.00%,0
2918,"MLPR",1.26%,5.70%,7.76%,14.10%,33.91%,30.88%,70.74%,156.37%,,0.57%,0.50%,0.57,0.00,78.17,0.00%,0
2919,"MLPX",0.42%,1.65%,3.24%,7.02%,25.06%,24.48%,79.07%,120.65%,77.47%,1.91%,1.61%,427.63,0.00,75.70,-0.06%,16
2920,"MLR",1.65%,11.54%,17.99%,35.42%,53.06%,29.24%,43.36%,56.28%,161.78%,2.24%,3.25%,85.20,0.00,57.20,0.00%,0
2921,"MMAR",-0.05%,1.70%,,,2.30%,,,,,0.00%,0.00%,0.11,0.00,32.85,0.00%,0
2922,"MMAX",0.05%,0.74%,1.22%,3.46%,4.27%,5.94%,,,,0.05%,0.11%,3.96,0.00,27.35,0.00%,0
2923,"MMAY",-0.08%,1.67%,2.06%,,3.58%,,,,,0.00%,0.02%,0.52,0.00,33.25,0.00%,0
2924,"MMED",-3.61%,10.49%,80.46%,,2.31%,,,,,4.94%,4.62%,1166.31,0.00,19.49,0.00%,0
2925,"MMID",-0.15%,1.92%,8.69%,6.74%,10.08%,,,,,0.08%,0.16%,0.48,0.00,27.65,0.00%,0
2926,"MMKT",-0.01%,0.01%,0.01%,-0.01%,0.01%,0.01%,,,,0.01%,0.02%,6.40,0.00,100.23,0.00%,0
2927,"MMM",0.32%,0.40%,16.89%,7.52%,11.60%,14.14%,115.97%,9.56%,19.11%,1.52%,1.84%,3554.71,0.00,178.67,-0.74%,546
2928,"MMSC",-1.22%,4.17%,0.48%,11.08%,18.67%,29.00%,79.90%,,,0.53%,0.75%,4.55,0.00,28.41,0.00%,0
2929,"MMSI",-1.57%,15.65%,44.82%,14.27%,2.72%,1.66%,34.75%,31.83%,284.30%,2.08%,2.82%,902.02,0.00,90.54,0.00%,0
2930,"MMTX",-0.10%,0.50%,0.79%,1.55%,2.43%,,,,,0.14%,0.14%,18.82,0.00,10.15,0.00%,0
2931,"MNA",0.40%,0.77%,0.97%,1.34%,3.00%,3.22%,16.63%,11.38%,28.58%,0.28%,0.38%,28.20,0.00,36.87,0.00%,0
2932,"MNPR",3.17%,6.48%,77.54%,109.29%,75.18%,228.61%,3366.36%,360.32%,,7.67%,6.50%,215.85,0.26,114.39,0.59%,2823
2933,"MNVR",0.02%,1.42%,2.89%,,3.57%,,,,,0.00%,0.00%,0.12,0.00,33.19,0.00%,0
2934,"MNVT",0.20%,7.88%,-6.22%,,18.88%,,,,,1.91%,2.86%,33.96,0.00,29.72,0.00%,0
2935,"MNZL",-0.62%,1.82%,0.71%,11.45%,16.86%,,,,,0.75%,0.80%,5.98,0.00,60.28,0.00%,0
2936,"MOAT",0.79%,5.86%,10.98%,6.77%,10.30%,15.63%,46.45%,49.20%,229.95%,0.75%,1.01%,711.09,0.00,114.23,0.32%,39
2937,"MOB",-4.29%,31.11%,-26.96%,-4.21%,-6.72%,-3.23%,262.42%,,,8.21%,8.62%,137.99,0.01,5.69,0.53%,60
2938,"MODL",-0.00%,3.71%,4.21%,11.22%,11.43%,18.76%,73.43%,,,0.46%,0.67%,56.37,0.00,52.95,0.00%,0
2939,"MOOD",0.18%,2.64%,1.55%,3.09%,15.90%,29.21%,74.17%,,,0.18%,0.31%,19.01,0.00,44.54,0.00%,0
2940,"MOTG",-0.39%,3.53%,5.30%,0.04%,5.47%,6.71%,47.00%,29.14%,,0.08%,0.24%,0.99,0.00,40.89,0.00%,0
2941,"MOTI",0.11%,3.83%,6.06%,-2.40%,1.27%,0.61%,19.96%,8.31%,37.78%,0.65%,0.73%,8.06,0.00,37.15,0.00%,0
2942,"MP",8.50%,56.75%,-10.64%,-0.47%,18.21%,-16.36%,204.38%,77.11%,,7.56%,6.58%,6035.63,0.05,59.72,0.69%,14213
2943,"MPB",-0.59%,-4.04%,12.57%,10.08%,18.81%,22.84%,71.01%,40.34%,99.46%,1.80%,1.84%,164.59,0.00,36.80,0.00%,0
2944,"MPC",1.97%,18.33%,45.35%,81.68%,124.62%,105.35%,153.72%,508.63%,772.88%,2.99%,3.57%,2362.86,0.00,365.30,0.84%,52
2945,"MPLX",1.59%,3.01%,7.28%,1.49%,11.55%,18.97%,70.43%,113.84%,81.12%,1.49%,1.83%,1461.26,0.00,59.53,0.36%,4
2946,"MPLY",-0.43%,4.69%,-2.51%,7.55%,6.21%,15.49%,,,,1.17%,1.72%,4.71,0.00,32.13,0.00%,0
2947,"MPRO",-0.03%,-0.42%,0.48%,0.31%,6.71%,8.13%,28.95%,22.99%,,0.22%,0.27%,26.21,0.00,32.73,0.00%,0
2948,"MRAM",8.43%,42.30%,-41.14%,64.29%,98.28%,187.95%,89.30%,165.90%,,7.10%,8.45%,1831.88,0.09,18.40,4.49%,8072
2949,"MRCO",0.20%,,,,0.51%,,,,,0.10%,,12.87,0.00,9.88,0.00%,0
2950,"MRCP",0.02%,1.79%,2.49%,7.53%,9.54%,14.65%,,,,0.11%,0.16%,3.33,0.00,35.07,0.00%,0
2951,"MRNX",18.80%,267.07%,313.17%,204.10%,328.34%,,,,,33.98%,19.40%,171.61,0.47,88.28,-2.74%,4013
2952,"MRP",0.72%,9.84%,9.45%,-1.00%,3.11%,-12.97%,,,,1.48%,1.97%,1417.70,0.00,30.80,0.42%,1
2953,"MRSK",-0.48%,2.62%,3.02%,5.68%,7.39%,13.37%,38.10%,41.30%,,0.37%,1.09%,26.06,0.00,39.52,0.00%,0
2954,"MRVL",2.58%,57.58%,25.71%,224.75%,203.00%,244.29%,381.29%,319.78%,1998.55%,5.76%,6.54%,40421.63,0.31,257.49,5.05%,616554
2955,"MRVU",4.05%,132.73%,10.46%,534.28%,496.70%,,,,,11.58%,12.98%,332.07,0.69,146.78,10.36%,11393
2956,"MRVX",5.63%,81.61%,,,6.96%,,,,,9.90%,10.54%,7.45,0.00,28.12,0.00%,0
2957,"MRX",4.22%,14.87%,40.02%,68.21%,89.08%,100.08%,,,,4.60%,4.85%,831.24,0.00,72.53,0.57%,10
2958,"MSA",0.58%,6.00%,10.96%,-2.62%,18.97%,11.98%,5.58%,20.40%,230.99%,1.85%,2.58%,316.10,0.00,190.52,0.00%,0
2959,"MSBT",14.66%,22.90%,4.75%,,8.13%,,,,,2.10%,2.02%,626.64,0.00,22.49,0.00%,0
2960,"MSEP",0.13%,1.37%,,,2.07%,,,,,0.00%,0.00%,0.10,0.00,32.74,0.00%,0
2961,"MSFC",5.31%,54.83%,,,72.46%,,,,,0.16%,2.30%,1.74,0.00,47.32,0.00%,0
2962,"MSFT",2.12%,25.82%,15.08%,22.31%,1.60%,-3.04%,52.13%,63.94%,746.73%,1.63%,2.41%,39071.94,0.07,491.36,-1.01%,135917
2963,"MSFU",3.98%,52.88%,23.20%,33.41%,-11.07%,-23.48%,21.93%,,,3.22%,4.72%,7285.51,0.07,36.86,-1.97%,24534
2964,"MSGE",0.59%,5.67%,15.29%,30.09%,49.01%,103.76%,151.49%,,,2.65%,3.68%,453.17,0.02,80.30,1.02%,504
2965,"MSGS",-1.10%,0.09%,8.77%,26.20%,54.05%,102.27%,126.92%,137.45%,225.56%,2.91%,3.09%,243.12,0.00,398.45,0.00%,0
2966,"MSI",2.75%,12.08%,18.25%,3.11%,26.95%,4.79%,74.56%,100.42%,530.36%,2.08%,2.55%,1034.97,0.00,486.64,-0.13%,9
2967,"MSIX",2.67%,19.95%,,,42.96%,,,,,0.47%,0.52%,0.43,0.00,37.76,0.00%,0
2968,"MSLC",-0.31%,3.39%,3.01%,10.28%,11.51%,15.83%,,,,0.44%,0.70%,79.74,0.00,60.65,0.00%,0
2969,"MSLE",-7.23%,-1.06%,28.57%,-19.52%,59.18%,77.60%,168.23%,-52.73%,-2.50%,4.71%,5.23%,53.99,0.00,9.36,0.00%,0
2970,"MSM",4.08%,1.26%,11.59%,31.28%,45.66%,33.57%,20.87%,43.53%,85.25%,2.35%,2.61%,748.12,0.00,122.50,0.00%,8
2971,"MSOL",17.94%,31.08%,,,34.08%,,,,,2.23%,1.71%,74.56,0.00,26.36,0.00%,0
2972,"MSSE",17.61%,28.65%,,,31.78%,,,,,2.36%,1.99%,61.40,0.00,26.59,0.00%,0
2973,"MSSM",-0.65%,1.30%,2.02%,10.29%,19.73%,24.82%,,,,0.54%,0.89%,22.78,0.00,60.58,0.00%,0
2974,"MSSS",-0.71%,1.61%,6.62%,13.71%,20.59%,20.21%,,,,0.31%,0.53%,13.07,0.00,36.49,0.00%,0
2975,"MSTB",-0.15%,3.75%,1.97%,9.02%,10.34%,14.69%,62.24%,43.77%,,0.58%,0.74%,9.71,0.00,44.05,0.00%,0
2976,"MSTC",38.42%,57.03%,,,84.21%,,,,,4.53%,4.16%,1.95,0.00,46.86,0.00%,0
2977,"MT",5.44%,14.12%,7.85%,13.83%,64.54%,128.11%,187.50%,116.02%,311.07%,2.42%,2.57%,1736.93,0.13,74.98,0.60%,11692
2978,"MTA",-0.28%,47.55%,46.16%,25.84%,39.59%,124.84%,162.32%,52.44%,1257.52%,4.69%,4.71%,521.85,0.00,10.86,0.00%,0
2979,"MTAKU",0.00%,0.25%,,,-0.20%,,,,,0.08%,0.12%,325.86,0.00,9.98,0.00%,0
2980,"MTG",1.33%,2.32%,21.00%,17.99%,7.08%,12.35%,80.55%,106.81%,289.18%,1.16%,2.01%,1800.39,0.00,31.29,0.00%,0
2981,"MTNE",0.00%,0.20%,,,-1.59%,,,,,0.00%,0.07%,63.22,0.00,9.89,0.00%,0
2982,"MTNE-U",-0.10%,-0.41%,0.10%,,0.30%,,,,,0.18%,0.16%,15.35,0.00,10.03,0.00%,0
2983,"MTRA",1.34%,5.48%,3.29%,3.65%,4.50%,9.13%,,,,0.12%,0.16%,9.18,0.00,27.38,0.00%,0
2984,"MU",0.32%,32.27%,5.84%,135.22%,242.49%,730.14%,1434.04%,1220.93%,5820.59%,3.92%,6.38%,46721.72,0.23,977.49,4.17%,529047
2985,"MUFG",4.57%,2.76%,19.79%,18.97%,42.15%,47.54%,190.15%,312.90%,336.91%,0.99%,1.39%,3162.09,0.02,22.54,0.47%,3017
2986,"MUIB",-0.03%,,,,14.92%,,,,,1.55%,,2.11,0.00,28.73,0.00%,0
2987,"MUSQ",0.21%,-1.14%,-3.19%,-4.19%,-9.01%,-12.96%,8.92%,,,0.20%,0.41%,1.47,0.00,25.63,0.00%,0
2988,"MUX",4.06%,22.61%,-0.05%,-22.33%,13.67%,89.04%,183.56%,93.03%,-45.21%,4.31%,4.55%,1157.95,0.00,21.04,0.00%,0
2989,"MUZE",0.00%,0.40%,0.71%,,1.32%,,,,,0.06%,0.07%,17.04,0.00,9.99,0.00%,0
2990,"MVAL",-0.02%,4.05%,10.93%,1.52%,9.37%,15.04%,,,,0.05%,0.14%,0.62,0.00,39.87,0.00%,0
2991,"MVBF",-1.16%,0.57%,13.47%,7.00%,15.95%,25.16%,24.61%,-22.95%,134.72%,2.17%,2.56%,52.91,0.00,29.95,0.00%,0
2992,"MVFD",-0.30%,3.73%,3.52%,2.56%,11.72%,14.98%,,,,0.88%,0.78%,12.91,0.00,31.50,0.00%,0
2993,"MVFG",0.04%,1.84%,2.55%,2.77%,14.78%,20.50%,,,,0.52%,0.67%,19.16,0.00,35.64,0.00%,0
2994,"MVLL",3.96%,129.65%,7.13%,503.43%,400.86%,425.69%,,,,11.89%,13.29%,6090.82,0.98,35.94,10.01%,297466
2995,"MVPA",0.62%,6.67%,14.10%,17.52%,13.75%,8.63%,,,,0.41%,0.48%,1.05,0.00,37.75,0.00%,0
2996,"MVPL",-0.76%,6.19%,2.79%,19.08%,21.49%,29.06%,,,,0.86%,0.65%,2.57,0.00,44.13,0.00%,0
2997,"MVV",-1.16%,1.00%,4.53%,10.14%,28.91%,30.55%,75.59%,38.23%,223.62%,1.12%,1.52%,8.42,0.00,89.85,0.00%,0
2998,"MXE",1.45%,1.35%,-2.11%,-4.33%,8.88%,20.90%,30.31%,9.15%,24.58%,2.35%,2.07%,3.56,0.00,13.48,0.00%,0
2999,"MXF",3.23%,2.89%,-1.03%,-2.43%,9.63%,21.05%,25.53%,44.91%,40.78%,2.71%,2.39%,37.72,0.00,22.08,0.00%,0
3000,"MXI",3.73%,10.69%,4.52%,1.53%,21.55%,30.83%,48.15%,29.67%,123.61%,1.21%,0.97%,22.31,0.00,117.47,0.00%,0
3001,"MYCG",0.09%,0.11%,-0.05%,-0.48%,-0.21%,-0.26%,,,,0.07%,0.06%,9.22,0.00,24.99,0.00%,0
3002,"MYE",-0.75%,1.12%,42.99%,46.84%,77.67%,96.34%,80.17%,45.11%,132.75%,3.18%,4.08%,455.14,0.03,33.26,-0.15%,602
3003,"MYHB",0.25%,0.44%,0.26%,,0.12%,,,,,0.00%,0.01%,0.07,0.00,25.07,0.00%,0
3004,"MYHC",0.27%,0.31%,-0.03%,,0.42%,,,,,0.01%,0.02%,0.78,0.00,25.15,0.00%,0
3005,"MYHD",0.08%,0.72%,0.06%,,0.28%,,,,,0.10%,0.78%,1.96,0.00,25.08,0.00%,0
3006,"MYLD",-0.09%,-0.71%,10.16%,14.17%,25.18%,31.25%,,,,0.46%,0.60%,11.65,0.00,33.53,0.00%,0
3007,"MYX",-0.15%,0.05%,0.66%,,0.66%,,,,,0.04%,0.14%,21.67,0.00,9.97,0.00%,0
3008,"MZYX",-0.10%,-0.40%,0.61%,,1.84%,,,,,0.42%,0.20%,45.74,0.00,9.97,0.00%,0
3009,"NACP",-0.22%,4.88%,1.61%,16.70%,21.77%,32.55%,88.99%,79.77%,,0.19%,0.48%,2.76,0.00,60.00,0.00%,0
3010,"NAK",7.90%,29.80%,-18.21%,19.41%,-9.08%,101.69%,623.72%,337.09%,129.64%,4.24%,5.25%,5736.16,0.01,1.79,2.35%,1734
3011,"NANC",1.86%,8.21%,4.81%,15.83%,14.16%,19.55%,89.45%,,,0.60%,0.89%,19.58,0.02,52.10,1.70%,22
3012,"NANR",1.47%,13.32%,10.22%,7.89%,32.82%,47.69%,72.12%,135.59%,174.68%,1.20%,1.23%,28.35,0.00,90.09,0.00%,0
3013,"NAPR",0.11%,2.48%,1.36%,10.53%,11.74%,15.33%,43.57%,58.43%,,0.19%,0.25%,9.40,0.00,60.00,0.00%,0
3014,"NAT",-6.58%,1.87%,29.56%,20.93%,89.83%,113.40%,59.27%,180.26%,-34.51%,3.37%,3.63%,3837.68,0.01,6.53,0.15%,1979
3015,"NATL",0.82%,-1.32%,2.97%,14.47%,21.86%,18.02%,,,,1.23%,1.64%,655.21,0.00,46.44,0.00%,0
3016,"NAUG",-0.13%,2.45%,3.69%,9.63%,10.26%,15.19%,,,,0.44%,0.46%,44.44,0.00,32.60,0.00%,0
3017,"NAVN",0.51%,11.31%,48.43%,215.38%,71.72%,,,,,3.08%,3.88%,3982.46,0.00,29.33,0.00%,0
3018,"NBBK",1.83%,-3.25%,11.11%,0.31%,12.51%,17.18%,,,,2.15%,2.07%,296.57,0.00,22.30,0.00%,0
3019,"NBCM",-0.23%,7.10%,4.43%,21.19%,33.39%,33.27%,33.36%,,,0.85%,1.29%,78.26,0.00,30.18,0.00%,0
3020,"NBCR",-0.16%,2.93%,2.32%,8.65%,9.36%,14.87%,,,,0.41%,0.62%,46.84,0.00,34.46,0.00%,0
3021,"NBDS",-0.41%,7.62%,3.58%,24.95%,15.42%,18.96%,83.01%,,,0.44%,0.72%,60.17,0.00,40.92,0.00%,0
3022,"NBET",0.03%,5.75%,4.52%,9.11%,28.26%,29.58%,74.90%,,,0.27%,0.77%,4.51,0.00,41.97,0.00%,0
3023,"NBGX",-0.45%,3.93%,-0.48%,8.81%,5.44%,9.22%,,,,0.00%,0.20%,0.48,0.00,29.54,0.00%,0
3024,"NBIE",0.80%,3.75%,5.97%,,13.15%,,,,,0.26%,0.50%,27.11,0.00,27.67,0.00%,0
3025,"NBIS",3.86%,54.23%,1.00%,117.96%,173.10%,226.11%,1106.97%,215.70%,932.52%,5.06%,10.18%,21520.10,0.45,228.60,6.86%,488452
3026,"NBOS",-0.48%,1.56%,1.63%,2.78%,4.22%,7.68%,,,,0.42%,0.48%,94.67,0.00,28.42,0.00%,0
3027,"NBRG",-0.10%,0.60%,1.11%,,1.41%,,,,,0.12%,0.08%,35.47,0.00,10.04,0.00%,0
3028,"NBSM",-0.28%,2.42%,9.66%,8.68%,16.26%,12.37%,,,,0.55%,0.76%,86.20,0.00,29.34,0.00%,0
3029,"NBTB",-0.95%,-5.30%,11.11%,15.60%,23.76%,14.01%,50.16%,39.83%,60.58%,1.32%,1.68%,359.97,0.00,51.39,-0.24%,2
3030,"NBTX",-2.28%,12.77%,5.63%,55.16%,84.62%,374.79%,300.78%,226.38%,,6.02%,6.01%,116.21,0.34,42.68,-4.08%,1973
3031,"NCLD",1.76%,,,,4.62%,,,,,4.45%,,1041.49,0.16,24.24,4.98%,8584
3032,"NCLO",0.30%,0.33%,0.20%,0.20%,0.24%,-0.20%,,,,0.50%,0.41%,43.92,0.00,25.11,0.00%,0
3033,"NCO",0.10%,,,,0.61%,,,,,0.16%,,142.57,0.00,9.89,0.00%,0
3034,"NCSM",-3.52%,9.07%,10.53%,25.50%,23.63%,28.74%,179.77%,110.16%,,0.71%,2.76%,17.23,0.00,48.82,0.00%,0
3035,"NDAA",0.15%,3.65%,1.68%,6.37%,12.35%,16.28%,,,,0.11%,0.18%,1.23,0.00,24.43,0.00%,0
3036,"NDAQ",1.34%,3.46%,8.64%,11.59%,1.78%,4.24%,87.48%,53.29%,320.74%,1.73%,1.87%,3902.60,0.00,98.86,-0.61%,338
3037,"NDEC",0.10%,3.06%,1.53%,9.21%,9.54%,14.59%,,,,0.22%,0.27%,16.96,0.00,30.38,0.00%,0
3038,"NDIV",-0.39%,7.01%,1.69%,9.86%,31.31%,23.17%,33.34%,,,1.24%,1.48%,13.01,0.00,35.40,0.00%,0
3039,"NDOW",0.08%,1.68%,-0.75%,1.16%,6.41%,10.81%,,,,0.18%,0.20%,9.94,0.00,29.34,0.00%,0
3040,"NDSN",-0.04%,13.42%,16.13%,14.34%,39.16%,48.26%,40.23%,43.26%,236.06%,3.35%,2.20%,403.84,0.00,334.58,0.00%,4
3041,"NEAR",0.09%,0.26%,-0.25%,-1.26%,-0.95%,-1.18%,2.26%,1.61%,1.47%,0.09%,0.11%,577.88,0.00,50.62,0.00%,0
3042,"NELS",-0.31%,2.63%,3.07%,9.89%,13.33%,,,,,0.35%,0.38%,8.25,0.00,29.20,0.00%,0
3043,"NEM",2.30%,42.96%,20.65%,2.44%,30.78%,80.38%,240.85%,124.40%,235.18%,3.04%,3.02%,8232.46,0.09,130.58,-0.78%,38644
3044,"NEMG",9.85%,99.29%,37.64%,-6.74%,35.76%,,,,,4.17%,4.15%,10.23,0.00,25.57,0.00%,0
3045,"NEOV",1.45%,77.16%,74.50%,14.80%,14.80%,-0.29%,29.02%,-46.31%,,10.50%,10.21%,2620.58,0.01,3.49,0.29%,1012
3046,"NEPH",-14.92%,15.71%,12.66%,0.75%,-17.01%,0.25%,135.47%,-51.79%,7.17%,11.78%,9.90%,18.60,0.00,4.05,0.00%,0
3047,"NERD",-1.04%,6.13%,10.75%,3.35%,-6.98%,-17.06%,56.77%,-17.80%,,0.34%,0.58%,1.93,0.00,22.48,0.00%,0
3048,"NESR",3.61%,38.88%,39.62%,34.84%,116.48%,275.42%,695.77%,192.49%,,4.86%,5.39%,2207.25,0.01,33.90,0.77%,1208
3049,"NET",4.39%,7.69%,27.64%,66.70%,47.68%,41.86%,368.10%,135.62%,,5.56%,5.88%,3700.71,0.10,291.16,2.20%,17615
3050,"NETG",8.55%,11.14%,46.29%,96.53%,38.57%,,,,,10.68%,10.92%,122.94,0.13,17.73,4.50%,795
3051,"NEU",-0.16%,17.59%,17.66%,47.28%,34.76%,12.60%,103.40%,167.84%,114.35%,2.12%,3.21%,118.61,0.11,926.15,0.09%,633
3052,"NEWP",7.15%,67.96%,48.28%,28.10%,109.12%,314.69%,200.82%,89.66%,1727.54%,6.18%,6.27%,766.44,0.00,7.34,2.80%,75
3053,"NEWZ",0.10%,3.43%,4.17%,6.85%,11.96%,5.81%,,,,0.21%,0.30%,1.15,0.00,30.42,0.00%,0
3054,"NEXA",11.58%,29.11%,6.39%,31.97%,79.24%,233.25%,189.71%,106.37%,,5.72%,5.41%,750.06,0.04,15.70,0.77%,1434
3055,"NEXN",0.10%,-3.82%,22.09%,64.11%,53.82%,2.03%,152.76%,-52.34%,,5.63%,5.23%,435.04,0.00,10.06,0.00%,0
3056,"NEXT",7.00%,18.14%,-6.96%,43.21%,42.13%,-29.41%,24.01%,137.78%,-25.70%,5.19%,4.99%,2751.84,0.00,7.49,1.77%,10
3057,"NFEB",0.08%,2.91%,1.37%,8.21%,9.42%,15.08%,,,,0.18%,0.19%,3.90,0.00,30.67,0.00%,0
3058,"NFG",-0.07%,2.62%,6.67%,-5.61%,4.32%,-3.88%,57.97%,65.78%,45.78%,1.72%,1.92%,671.07,0.00,83.52,0.00%,0
3059,"NFJ",-0.64%,2.57%,5.84%,13.38%,20.95%,20.29%,31.15%,4.71%,25.86%,0.78%,0.95%,177.92,0.00,15.59,0.00%,0
3060,"NFLX",0.34%,9.21%,-6.88%,-4.94%,-14.23%,-34.27%,93.29%,43.88%,724.09%,2.16%,2.73%,42366.37,0.08,80.42,-1.28%,163429
3061,"NFRA",0.55%,1.03%,-0.32%,-0.58%,9.62%,5.89%,31.40%,14.00%,47.54%,0.47%,0.62%,74.50,0.00,66.33,0.00%,0
3062,"NFTY",0.09%,-0.28%,1.60%,-6.62%,-6.84%,-5.42%,15.67%,18.11%,66.94%,0.80%,0.80%,27.62,0.00,54.33,0.00%,0
3063,"NFX",3.21%,24.43%,,,8.91%,,,,,0.18%,0.76%,1.01,0.00,27.78,0.00%,0
3064,"NG",7.64%,61.00%,12.04%,-26.43%,0.02%,41.46%,133.63%,28.22%,71.99%,5.96%,5.24%,4773.44,0.06,9.32,0.02%,14453
3065,"NGEN",25.57%,38.99%,6.25%,-47.13%,-60.54%,-8.30%,59.45%,36.42%,,8.21%,5.63%,727.81,0.00,2.21,0.00%,71
3066,"NGL",1.59%,14.59%,2.50%,43.33%,72.00%,239.25%,345.60%,1039.07%,-3.48%,5.11%,5.14%,266.94,0.00,17.20,0.00%,0
3067,"NHC",-6.35%,-3.04%,19.95%,38.43%,61.73%,98.02%,224.82%,199.02%,243.75%,2.98%,3.98%,129.13,0.00,221.72,-1.50%,20
3068,"NHIV",0.07%,0.20%,,,-3.62%,,,,,0.07%,0.10%,35.25,0.00,10.12,0.00%,0
3069,"NHP",-1.66%,3.23%,12.24%,,43.60%,,,,,3.49%,4.30%,782.97,0.00,16.60,0.00%,0
3070,"NIC",-0.99%,-1.28%,22.45%,6.51%,40.93%,24.31%,131.42%,125.83%,357.57%,1.71%,1.92%,276.09,0.00,170.95,0.00%,0
3071,"NICM",-1.31%,8.84%,4.75%,,-8.83%,,,,,2.13%,4.81%,7.83,0.00,6.40,0.00%,0
3072,"NIHI",0.80%,3.04%,2.70%,-0.62%,4.35%,,,,,0.38%,0.51%,43.59,0.00,52.96,0.00%,0
3073,"NIQ",2.35%,60.17%,122.04%,58.14%,13.64%,13.51%,,,,3.59%,4.99%,1604.77,0.00,18.74,0.00%,0
3074,"NISM",0.83%,4.27%,2.02%,,2.10%,,,,,0.00%,0.00%,0.32,0.00,25.54,0.00%,0
3075,"NITE",-0.74%,10.78%,3.23%,10.27%,8.24%,18.95%,,,,0.10%,0.25%,0.89,0.00,39.63,0.00%,0
3076,"NIXT",-0.29%,2.86%,10.33%,22.81%,31.73%,34.32%,,,,0.78%,0.69%,2.16,0.00,34.83,0.00%,0
3077,"NJAN",0.09%,2.89%,1.49%,8.16%,8.62%,14.47%,48.00%,44.00%,,0.26%,0.31%,11.80,0.00,59.65,0.00%,0
3078,"NJUL",-0.26%,3.29%,-0.40%,4.53%,5.59%,10.97%,50.38%,63.45%,,0.44%,0.60%,24.97,0.00,76.68,0.00%,0
3079,"NJUN",-0.11%,3.25%,-0.87%,2.45%,3.42%,7.43%,,,,0.33%,0.56%,92.46,0.00,32.60,0.00%,0
3080,"NKSH",-0.69%,1.88%,15.17%,5.86%,20.94%,29.84%,55.54%,15.35%,17.21%,2.75%,3.40%,34.09,0.00,40.55,-0.56%,5
3081,"NKTR",-1.14%,4.24%,13.34%,11.81%,74.27%,151.64%,668.70%,-67.14%,-71.82%,3.93%,3.95%,927.00,0.00,73.68,-0.12%,30
3082,"NL",2.01%,10.76%,-22.65%,2.49%,20.48%,0.61%,39.30%,15.49%,99.66%,3.26%,4.04%,53.03,0.00,6.59,0.00%,0
3083,"NLOP",1.12%,-0.93%,-2.90%,8.31%,10.31%,9.76%,,,,2.11%,2.31%,136.97,0.00,11.70,1.47%,1
3084,"NLR",8.24%,20.73%,-6.99%,-17.20%,-0.17%,6.16%,94.28%,131.68%,155.78%,3.46%,2.94%,434.89,0.01,123.99,0.23%,314
3085,"NLSI",-1.12%,4.39%,9.49%,20.63%,9.44%,,,,,0.39%,0.44%,2.26,0.00,56.06,0.00%,0
3086,"NLY",-1.67%,-0.65%,6.02%,-1.63%,2.42%,9.20%,16.18%,-34.50%,-46.89%,1.47%,1.49%,7765.15,0.00,22.90,0.17%,388
3087,"NMAI",0.14%,3.54%,1.85%,3.99%,9.82%,12.93%,23.77%,,,1.25%,1.44%,102.61,0.00,14.32,0.00%,0
3088,"NMAR",0.00%,2.60%,1.22%,8.56%,10.26%,15.14%,,,,0.14%,0.32%,5.10,0.00,32.54,0.00%,0
3089,"NMAY",-0.02%,2.95%,0.51%,5.49%,6.39%,10.19%,,,,0.30%,0.37%,15.81,0.00,29.65,0.00%,0
3090,"NMBL",0.43%,5.29%,2.35%,4.11%,7.67%,,,,,0.19%,0.24%,2.84,0.00,21.34,0.00%,0
3091,"NMIH",-1.14%,2.71%,22.43%,13.56%,10.66%,14.68%,59.39%,102.97%,456.60%,1.60%,2.27%,542.57,0.00,45.14,0.00%,0
3092,"NML",0.28%,5.48%,4.96%,7.51%,24.59%,23.00%,51.72%,125.32%,18.72%,1.98%,2.36%,135.24,0.00,10.59,0.00%,0
3093,"NMM",2.18%,7.77%,19.98%,25.39%,62.88%,81.01%,281.42%,232.68%,285.76%,3.78%,2.91%,122.44,0.00,85.40,0.00%,0
3094,"NMP",0.29%,0.58%,1.37%,2.37%,3.39%,,,,,0.06%,0.07%,66.47,0.00,10.36,0.00%,0
3095,"NMR",7.51%,5.07%,27.16%,10.43%,21.10%,40.72%,168.07%,110.35%,126.28%,0.98%,1.48%,1114.46,0.00,10.16,1.09%,53
3096,"NMRK",-1.69%,5.51%,10.17%,5.51%,-9.40%,-13.92%,138.39%,17.33%,,2.68%,3.75%,1369.23,0.01,15.71,-0.32%,1022
3097,"NNOV",0.09%,3.44%,1.45%,10.06%,10.56%,13.95%,,,,0.22%,0.32%,14.94,0.00,31.73,0.00%,0
3098,"NOBL",-0.87%,-0.50%,7.28%,1.76%,11.31%,9.99%,24.15%,23.04%,109.55%,0.79%,1.02%,1129.56,0.00,57.92,-1.51%,52
3099,"NOC",-2.56%,2.68%,-1.77%,-22.72%,-3.65%,-6.34%,27.90%,50.59%,159.24%,2.42%,2.31%,936.14,0.01,549.40,-0.10%,671
3100,"NOCT",0.17%,2.95%,2.20%,9.18%,9.67%,13.59%,50.75%,63.46%,,0.24%,0.26%,8.75,0.00,63.52,0.00%,0
3101,"NOEM",1.17%,-1.59%,3.69%,4.19%,5.10%,6.66%,,,,0.00%,3.18%,8.43,0.00,10.81,0.00%,0
3102,"NOEQ",-1.08%,3.99%,2.65%,,16.86%,,,,,0.00%,0.00%,0.03,0.00,29.60,0.00%,0
3103,"NORW",0.03%,8.28%,-3.73%,3.92%,22.69%,24.48%,55.92%,12.95%,78.41%,0.65%,0.92%,67.69,0.00,36.86,0.00%,0
3104,"NOVM",0.07%,0.80%,1.40%,3.17%,3.77%,6.93%,,,,0.08%,0.06%,0.92,0.00,34.12,0.00%,0
3105,"NOVP",-0.02%,2.36%,2.77%,8.29%,9.46%,13.57%,,,,0.18%,0.21%,3.71,0.00,33.32,0.00%,0
3106,"NOVZ",-0.28%,2.33%,1.24%,7.69%,8.95%,10.27%,42.98%,50.79%,,0.11%,0.19%,4.89,0.00,47.78,0.00%,0
3107,"NOWX",-2.55%,26.12%,,,32.48%,,,,,0.92%,4.03%,3.00,0.00,30.21,0.00%,0
3108,"NP",5.49%,7.28%,20.72%,60.64%,17.28%,,,,,3.82%,4.60%,768.04,0.00,34.20,0.00%,0
3109,"NPAC",0.29%,0.67%,1.35%,1.75%,2.14%,3.66%,,,,0.05%,0.08%,101.60,0.00,10.48,0.00%,0
3110,"NPFD",0.81%,3.25%,-1.21%,-4.82%,-1.47%,-4.34%,16.90%,,,0.63%,0.85%,55.59,0.00,18.75,0.00%,0
3111,"NPFE",0.93%,5.65%,8.59%,,15.66%,,,,,0.29%,0.44%,9.32,0.00,28.81,0.00%,0
3112,"NPK",2.12%,22.54%,15.69%,16.33%,41.58%,41.58%,117.12%,104.32%,147.09%,4.23%,3.68%,114.08,0.00,151.15,0.00%,0
3113,"NQLT",-0.33%,3.06%,,,2.92%,,,,,0.23%,0.15%,1.69,0.00,25.68,0.00%,0
3114,"NRES",2.08%,10.69%,6.88%,2.31%,23.00%,34.54%,,,,0.06%,0.04%,0.93,0.00,35.99,0.00%,0
3115,"NRGU",-7.29%,23.79%,48.82%,81.57%,199.43%,154.12%,,,,5.85%,6.24%,85.87,0.17,52.40,1.49%,739
3116,"NRGV",3.36%,54.01%,-24.65%,13.70%,-16.15%,135.71%,27.58%,-59.94%,,7.54%,9.43%,5508.79,0.00,3.87,4.48%,41
3117,"NRIX",-3.89%,10.60%,52.89%,69.16%,40.80%,180.27%,213.87%,-14.14%,,3.26%,3.70%,1981.15,0.00,26.71,0.00%,0
3118,"NRP",4.75%,10.44%,4.90%,-10.90%,5.32%,6.62%,77.78%,494.30%,560.41%,2.05%,2.21%,54.53,0.00,109.84,0.00%,0
3119,"NSAIU",0.05%,,,,-0.10%,,,,,0.17%,,471.66,0.00,9.99,0.00%,0
3120,"NSC",1.14%,4.42%,13.87%,12.00%,21.42%,28.72%,66.42%,34.42%,279.94%,1.40%,1.69%,1172.90,0.00,350.57,-0.60%,9
3121,"NSCI",0.04%,0.00%,0.06%,-0.67%,0.24%,,,,,0.06%,0.07%,52.71,0.00,25.23,0.00%,0
3122,"NSEP",0.09%,1.81%,2.06%,7.60%,8.57%,13.43%,,,,0.15%,0.17%,4.92,0.00,31.73,0.00%,0
3123,"NSI",1.12%,5.16%,-0.78%,-2.33%,14.30%,25.23%,,,,0.19%,0.44%,1.30,0.00,38.21,0.00%,0
3124,"NSIV",-0.12%,1.75%,,,4.62%,,,,,0.14%,0.12%,87.37,0.00,26.30,0.00%,0
3125,"NSTS",0.65%,1.34%,1.60%,13.51%,8.03%,16.58%,56.31%,,,0.41%,0.18%,9.16,0.00,13.99,0.00%,0
3126,"NTAL",1.05%,22.70%,,,9.75%,,,,,1.69%,3.25%,1.88,0.64,33.66,0.15%,60
3127,"NTAP",0.89%,12.29%,36.60%,96.21%,81.64%,73.48%,160.33%,123.43%,455.93%,3.35%,3.81%,3110.20,0.00,194.52,0.35%,516
3128,"NTNX",4.63%,16.50%,42.18%,73.63%,34.26%,-0.29%,134.54%,88.74%,,2.94%,3.03%,3517.33,0.01,69.40,6.13%,2497
3129,"NTRA",4.21%,33.36%,58.22%,56.64%,47.76%,107.62%,489.93%,186.94%,3343.54%,3.42%,3.87%,1443.08,0.00,338.50,0.01%,78
3130,"NTRL",1.41%,0.68%,3.46%,4.46%,4.74%,4.13%,6.81%,10.45%,,0.72%,0.73%,9.37,0.00,21.62,0.00%,0
3131,"NTRS",2.53%,5.34%,11.16%,26.79%,37.00%,42.23%,150.61%,54.61%,169.83%,1.68%,1.91%,1106.76,0.00,187.13,-0.28%,10
3132,"NTSD",-0.35%,4.94%,4.94%,,23.26%,,,,,0.44%,0.67%,8.00,0.00,48.08,0.00%,0
3133,"NTSE",1.40%,7.75%,-2.36%,5.26%,24.62%,36.09%,74.49%,21.62%,,0.53%,0.73%,3.96,0.00,47.02,0.00%,0
3134,"NTSI",0.06%,3.49%,3.34%,0.31%,10.11%,15.08%,47.15%,18.96%,,0.40%,0.54%,21.63,0.00,48.55,0.00%,0
3135,"NTSX",-0.22%,2.78%,1.42%,7.51%,9.38%,15.09%,64.88%,40.83%,,0.52%,0.77%,43.43,0.00,59.95,0.00%,0
3136,"NTWO",-0.36%,4.38%,5.36%,6.76%,7.48%,8.00%,,,,2.45%,1.41%,539.52,0.00,11.21,-0.27%,78
3137,"NU",7.24%,8.53%,16.77%,1.18%,-8.97%,4.09%,114.32%,,,4.07%,3.90%,76792.25,0.00,15.24,0.45%,11575
3138,"NUDM",0.55%,3.83%,5.71%,3.90%,14.06%,14.45%,51.23%,32.31%,,0.62%,0.70%,40.40,0.00,41.30,0.00%,0
3139,"NUDV",0.50%,1.04%,5.82%,6.27%,15.48%,18.85%,48.37%,,,0.41%,0.58%,7.92,0.00,34.43,0.00%,0
3140,"NUE",5.21%,-1.18%,1.48%,44.07%,55.11%,68.30%,52.96%,111.10%,419.61%,3.50%,3.55%,1614.86,0.00,253.00,0.08%,42
3141,"NUEM",1.01%,8.04%,0.60%,6.37%,19.52%,24.02%,59.93%,26.17%,,1.07%,1.32%,30.32,0.00,42.53,0.00%,0
3142,"NUGO",-1.04%,4.68%,-0.84%,11.00%,7.96%,13.52%,88.58%,,,0.52%,0.71%,139.20,0.00,42.93,0.00%,0
3143,"NUGT",4.21%,86.20%,25.81%,-32.59%,11.13%,102.02%,574.32%,287.48%,-53.31%,5.76%,5.86%,700.14,0.32,204.32,-0.71%,11185
3144,"NUHY",0.09%,0.35%,-0.47%,-1.57%,-1.23%,-1.75%,4.66%,-13.80%,,0.23%,0.20%,14.45,0.00,21.33,0.00%,0
3145,"NUKZ",0.94%,6.60%,-6.92%,-9.69%,5.29%,12.45%,,,,1.72%,1.90%,97.57,0.00,66.86,0.00%,0
3146,"NULC",0.05%,3.81%,4.29%,13.72%,16.50%,19.40%,69.58%,55.08%,,0.23%,0.31%,4.40,0.00,55.75,0.00%,0
3147,"NULV",1.03%,3.92%,6.01%,12.59%,19.51%,25.03%,55.07%,43.34%,,0.58%,0.74%,148.21,0.00,53.84,0.00%,0
3148,"NUMG",-0.94%,3.96%,5.00%,10.26%,0.64%,-0.54%,26.65%,-4.83%,,0.99%,1.02%,19.72,0.00,48.05,0.00%,0
3149,"NUMV",0.54%,0.20%,7.11%,10.24%,16.02%,19.15%,54.19%,32.98%,,0.60%,0.78%,21.60,0.00,45.36,0.00%,0
3150,"NUSB",0.08%,0.04%,-0.04%,-0.20%,0.12%,-0.24%,,,,0.00%,0.00%,0.41,0.00,25.25,0.00%,0
3151,"NUSC",-0.23%,1.88%,4.22%,8.32%,16.66%,20.89%,44.17%,25.94%,,0.64%,0.93%,89.06,0.00,52.09,0.00%,0
3152,"NUTX",2.78%,31.46%,64.02%,80.62%,19.01%,117.57%,369.83%,-52.50%,-97.82%,5.45%,7.43%,142.01,0.00,195.92,0.00%,0
3153,"NUVB",3.37%,7.13%,48.63%,21.72%,-21.21%,139.32%,330.49%,-26.84%,,4.58%,5.71%,6723.39,0.00,7.06,1.44%,58
3154,"NVA",4.06%,23.30%,694.21%,610.61%,500.07%,2600.30%,1700.20%,520.76%,4054.31%,6.05%,7.38%,309.58,0.15,5.40,-1.99%,2278
3155,"NVBT",-0.15%,2.58%,2.75%,8.67%,10.03%,14.39%,43.48%,,,0.09%,0.18%,1.38,0.00,40.55,0.00%,0
3156,"NVBU",-0.42%,2.57%,0.99%,7.13%,8.19%,14.16%,,,,0.18%,0.24%,4.09,0.00,31.32,0.00%,0
3157,"NVBW",-0.00%,1.70%,2.38%,6.25%,7.29%,10.28%,30.00%,,,0.08%,0.17%,2.66,0.00,36.30,0.00%,0
3158,"NVCT",7.16%,26.14%,146.31%,179.96%,231.13%,264.96%,74.22%,,,6.86%,7.67%,316.69,0.00,25.00,0.00%,0
3159,"NVDA",3.69%,18.34%,4.95%,21.62%,20.57%,23.82%,388.63%,893.37%,14400.08%,2.45%,2.62%,139708.84,0.96,224.86,7.25%,6688343
3160,"NVDB",2.80%,31.80%,-1.65%,22.93%,16.16%,,,,,4.27%,4.29%,24.19,1.30,32.70,10.14%,1567
3161,"NVDG",6.40%,37.03%,2.91%,29.29%,22.69%,6.57%,,,,4.67%,5.08%,246.34,2.10,20.67,14.76%,25888
3162,"NVDL",6.49%,36.84%,2.87%,30.21%,23.57%,20.10%,602.43%,,,4.95%,5.24%,15838.70,3.00,36.25,14.17%,2378126
3163,"NVDU",6.41%,36.64%,2.20%,28.68%,22.28%,17.20%,,,,4.64%,5.06%,385.11,2.30,143.95,13.82%,44335
3164,"NVDX",6.24%,36.54%,1.54%,26.72%,19.39%,9.95%,,,,4.87%,5.26%,7038.47,1.82,20.44,14.06%,639413
3165,"NVGS",-0.88%,-1.33%,-4.45%,6.39%,24.02%,30.58%,61.87%,145.77%,194.25%,2.24%,2.81%,442.73,0.00,21.48,0.00%,0
3166,"NVIR",-0.80%,4.35%,1.60%,2.62%,22.49%,30.10%,48.85%,,,0.77%,0.37%,0.49,0.00,40.03,0.00%,0
3167,"NVRI",12.48%,4.15%,42.73%,29.30%,28.79%,102.46%,215.73%,26.60%,129.88%,4.33%,5.41%,454.32,0.00,23.08,0.00%,0
3168,"NVS",0.12%,-1.51%,3.32%,-5.49%,13.46%,23.28%,62.42%,79.65%,132.71%,1.66%,1.47%,1862.44,0.01,156.43,-0.70%,1372
3169,"NWAX",-0.10%,0.30%,0.10%,1.09%,-0.88%,,,,,0.30%,0.20%,46.03,0.00,10.16,0.00%,0
3170,"NWE",1.28%,-1.12%,-1.20%,2.67%,10.75%,23.67%,39.50%,13.55%,23.75%,1.92%,2.04%,470.41,0.00,71.48,0.00%,0
3171,"NWG",1.26%,5.47%,17.13%,8.68%,5.95%,25.11%,221.34%,207.72%,258.32%,0.88%,1.24%,4292.20,0.00,18.54,-1.11%,677
3172,"NWN",-0.51%,-2.95%,0.22%,0.80%,7.81%,22.60%,26.61%,-0.16%,-16.34%,1.76%,1.82%,262.43,0.00,50.39,0.00%,0
3173,"NWS",3.70%,7.32%,15.46%,30.03%,18.22%,2.70%,65.24%,58.08%,144.28%,2.24%,2.74%,1493.94,0.00,35.03,-0.60%,330
3174,"NWSA",3.74%,6.73%,15.99%,26.48%,17.76%,3.71%,48.31%,35.27%,120.03%,1.97%,2.54%,4747.31,0.00,30.76,-0.65%,35
3175,"NXE",8.61%,24.30%,-1.77%,-13.01%,20.65%,53.31%,113.87%,150.56%,530.68%,4.43%,4.56%,5534.78,0.00,11.10,0.27%,903
3176,"NXST",-0.99%,-4.26%,0.22%,-20.22%,-8.63%,-9.02%,18.11%,27.07%,260.16%,2.84%,3.65%,392.22,0.00,185.52,0.00%,0
3177,"NXTE",-0.15%,11.30%,-2.05%,12.45%,26.79%,38.38%,63.39%,,,0.54%,0.88%,4.06,0.00,48.92,0.00%,0
3178,"NXTG",0.32%,5.53%,-2.33%,25.78%,41.01%,51.21%,121.62%,95.10%,279.38%,0.58%,0.97%,12.72,0.00,151.96,0.00%,0
3179,"NXTI",-0.23%,5.24%,8.36%,18.78%,11.73%,17.10%,,,,0.29%,0.30%,0.85,0.00,36.34,0.00%,0
3180,"NYNY",0.83%,2.45%,9.64%,,10.33%,,,,,0.34%,0.26%,0.71,0.00,28.08,0.00%,0
3181,"NYSX",-0.09%,6.95%,-1.25%,,28.94%,,,,,0.27%,0.70%,4.97,0.00,124.88,0.00%,0
3182,"NZAC",0.03%,4.06%,1.68%,8.08%,9.86%,15.13%,61.47%,45.47%,154.94%,0.43%,0.55%,4.36,0.00,47.12,0.00%,0
3183,"OACC",0.37%,0.37%,0.94%,0.75%,1.89%,3.21%,,,,0.18%,0.21%,42.92,0.00,10.78,0.00%,0
3184,"OAEM",2.51%,8.79%,1.05%,8.82%,34.07%,49.84%,76.62%,,,0.44%,1.57%,11.33,0.00,49.11,0.00%,0
3185,"OAIM",0.95%,7.25%,2.59%,3.35%,16.89%,22.94%,61.67%,,,2.30%,1.69%,20.90,0.00,48.38,0.00%,0
3186,"OAKG",0.78%,4.95%,9.52%,5.09%,7.42%,,,,,0.63%,0.46%,2.20,0.00,27.66,0.00%,0
3187,"OAKI",0.57%,3.08%,6.48%,2.00%,6.73%,,,,,1.08%,0.64%,7.78,0.00,27.45,0.00%,0
3188,"OAKM",0.81%,4.26%,12.38%,10.69%,11.35%,19.30%,,,,0.76%,0.94%,183.91,0.00,31.58,0.00%,0
3189,"OALC",-0.36%,4.85%,3.66%,14.87%,17.91%,23.73%,82.46%,,,0.47%,0.71%,21.21,0.00,41.80,0.00%,0
3190,"OASC",-0.07%,2.23%,1.85%,12.26%,18.44%,24.54%,,,,0.40%,0.59%,11.62,0.00,34.88,0.00%,0
3191,"OBA",0.19%,0.49%,1.08%,1.88%,2.28%,3.72%,,,,0.01%,0.05%,13.19,0.00,10.31,0.00%,0
3192,"OBE",-7.93%,13.54%,-0.18%,45.37%,81.89%,82.49%,73.68%,320.29%,-1.68%,4.24%,4.79%,767.60,0.00,11.15,1.09%,12
3193,"OBIL",0.04%,0.40%,-0.06%,-0.26%,-0.12%,-0.10%,0.88%,,,0.03%,0.03%,39.46,0.00,50.13,0.00%,0
3194,"OBK",0.26%,-3.96%,11.55%,22.85%,40.65%,35.77%,76.50%,29.62%,,1.77%,1.81%,162.45,0.00,52.90,-0.70%,2
3195,"OBOR",1.73%,8.73%,4.37%,-4.86%,6.86%,15.55%,34.62%,-6.94%,,0.32%,0.16%,0.84,0.00,28.34,0.00%,0
3196,"OBT",0.21%,-2.73%,11.01%,11.53%,32.47%,41.65%,64.69%,119.25%,225.33%,2.21%,2.39%,69.33,0.00,37.82,0.00%,0
3197,"OBTC",14.53%,22.78%,4.70%,13.03%,-10.56%,-21.16%,293.59%,65.56%,,1.89%,1.55%,9.96,0.00,25.19,0.00%,0
3198,"OC",-3.65%,1.80%,19.19%,18.00%,30.20%,-4.77%,7.52%,51.03%,169.98%,2.57%,3.10%,1066.64,0.00,145.71,0.00%,0
3199,"OCAC",0.40%,,,,0.61%,,,,,0.22%,,298.51,0.00,9.96,0.00%,0
3200,"OCDB",-0.03%,2.34%,2.93%,,3.60%,,,,,0.00%,0.03%,0.39,0.00,26.33,0.00%,0
3201,"OCGN",2.01%,19.15%,0.56%,-24.18%,5.03%,36.34%,210.26%,-81.19%,-99.20%,4.40%,5.47%,6328.49,0.01,1.42,0.56%,3027
3202,"OCIO",-0.06%,3.35%,1.01%,5.38%,9.23%,12.68%,39.79%,26.80%,,0.14%,0.31%,2.61,0.00,37.89,0.00%,0
3203,"OCLTU",0.30%,,,,0.10%,,,,,0.86%,,470.31,0.00,10.01,0.00%,0
3204,"OCTB",0.09%,2.08%,2.90%,7.65%,8.90%,,,,,0.16%,0.16%,4.34,0.00,27.83,0.00%,0
3205,"OCTM",0.15%,0.89%,1.63%,3.58%,4.22%,6.64%,,,,0.20%,0.15%,2.84,0.00,34.03,0.00%,0
3206,"OCTP",0.10%,2.07%,2.92%,7.72%,8.96%,13.57%,,,,0.08%,0.16%,4.80,0.00,33.07,0.00%,0
3207,"OCTT",0.05%,2.39%,3.12%,8.42%,9.82%,14.96%,47.82%,66.27%,,0.06%,0.18%,12.22,0.00,47.79,0.00%,0
3208,"OCTU",-0.26%,2.86%,1.23%,7.73%,8.74%,14.22%,,,,0.26%,0.42%,5.79,0.00,30.95,0.00%,0
3209,"OCTV",4.41%,7.92%,11.09%,,-32.36%,,,,,3.77%,4.49%,1685.92,0.06,18.94,1.83%,5200
3210,"OCTW",0.10%,1.40%,2.30%,5.78%,6.83%,9.89%,35.71%,54.80%,,0.09%,0.15%,99.76,0.00,41.67,0.00%,0
3211,"OCTZ",-0.31%,2.71%,1.45%,8.22%,9.35%,12.11%,46.25%,51.32%,,0.04%,0.23%,4.84,0.00,46.53,0.00%,0
3212,"OCUL",-1.08%,31.22%,19.89%,14.39%,-9.64%,-10.96%,182.01%,-0.36%,72.21%,3.80%,4.63%,2703.12,0.00,10.97,1.86%,400
3213,"ODDS",-0.18%,1.29%,5.97%,5.76%,-11.72%,-24.92%,32.97%,,,0.12%,0.18%,0.57,0.00,25.73,0.00%,0
3214,"ODTX",5.65%,39.01%,49.04%,,28.10%,,,,,9.13%,8.80%,275.53,0.00,25.62,0.00%,0
3215,"OEF",0.19%,5.35%,0.26%,12.02%,10.04%,17.48%,83.03%,82.36%,291.68%,0.59%,0.88%,278.31,2.87,377.42,0.02%,39996
3216,"OEFA",0.10%,3.60%,7.74%,2.82%,9.30%,12.34%,35.65%,23.69%,55.48%,0.11%,0.22%,3.61,0.00,36.49,0.00%,0
3217,"OEI",-0.68%,2.37%,1.51%,2.01%,2.36%,,,,,0.67%,0.57%,6.75,0.00,26.20,0.00%,0
3218,"OFG",1.22%,-1.49%,14.59%,24.17%,27.48%,16.45%,74.13%,125.66%,374.48%,1.27%,1.63%,340.75,0.00,52.24,0.00%,0
3219,"OGC",1.52%,27.25%,4.39%,-27.91%,8.41%,79.80%,394.04%,494.57%,198.15%,3.13%,3.64%,450.42,0.00,30.68,0.00%,0
3220,"OGIG",-0.60%,9.20%,9.80%,17.08%,-5.06%,-7.17%,59.66%,-9.94%,,0.90%,1.36%,9.62,0.00,49.91,0.00%,0
3221,"OGS",-0.36%,0.50%,-0.31%,-5.44%,4.98%,7.70%,8.35%,14.52%,31.78%,2.06%,2.06%,625.41,0.00,81.10,0.00%,0
3222,"OHAC",0.20%,0.25%,,,-0.40%,,,,,0.05%,0.12%,95.04,0.00,9.96,0.00%,0
3223,"OIH",-3.30%,9.03%,-4.85%,1.72%,42.18%,62.52%,22.27%,123.20%,-28.74%,2.31%,2.51%,313.72,0.00,404.88,0.00%,0
3224,"OII",-5.83%,3.40%,27.92%,30.85%,106.49%,109.54%,131.11%,313.84%,85.43%,4.71%,4.16%,1101.79,0.00,49.62,0.00%,0
3225,"OIM",-0.05%,0.05%,1.05%,,0.90%,,,,,0.04%,0.14%,47.50,0.00,10.11,0.00%,0
3226,"OKE",-0.69%,4.39%,7.96%,11.82%,27.82%,25.13%,44.65%,74.50%,99.98%,2.71%,2.49%,3722.90,0.00,93.95,-1.00%,216
3227,"OKTA",20.79%,18.36%,71.08%,115.35%,87.41%,74.19%,124.35%,-38.24%,,4.83%,4.54%,3646.82,0.44,162.05,20.55%,80923
3228,"OKTG",40.66%,32.16%,139.27%,235.86%,137.13%,,,,,7.00%,7.06%,42.16,0.27,36.74,41.22%,578
3229,"OMDA",1.43%,22.64%,34.96%,85.71%,52.41%,3.13%,,,,3.94%,5.09%,1276.57,0.01,24.05,0.38%,342
3230,"OMER",-2.20%,56.13%,63.41%,57.75%,6.08%,328.71%,378.22%,15.54%,69.02%,4.58%,5.36%,2137.13,0.00,18.22,0.00%,362
3231,"OMF",2.32%,0.30%,16.78%,9.18%,-6.54%,2.88%,58.02%,6.67%,189.20%,2.29%,2.38%,1039.55,0.00,63.13,0.00%,5
3232,"OMFL",-0.04%,2.80%,3.59%,11.58%,16.03%,19.81%,48.67%,47.88%,,0.54%,0.71%,123.11,0.00,70.93,0.00%,0
3233,"OMFS",-0.11%,0.88%,4.11%,10.90%,19.81%,23.44%,50.29%,34.81%,,0.43%,0.70%,11.51,0.00,53.28,0.00%,0
3234,"ONC",1.51%,14.53%,28.96%,16.25%,23.35%,24.86%,88.87%,32.90%,1238.84%,1.96%,2.28%,356.21,0.07,374.74,-0.28%,1214
3235,"ONCH",0.19%,0.39%,0.88%,0.98%,1.18%,,,,,0.12%,0.16%,73.77,0.00,10.32,0.00%,0
3236,"OND",-0.70%,1.72%,-1.68%,-3.41%,-14.89%,-22.17%,57.29%,,,0.04%,0.16%,0.29,0.00,35.02,0.00%,0
3237,"ONDS",-0.95%,22.06%,-37.36%,-20.57%,-14.96%,63.71%,827.37%,19.42%,,5.00%,7.43%,86339.12,0.04,8.30,0.97%,164893
3238,"ONEO",0.10%,2.03%,6.08%,12.20%,21.85%,23.51%,63.56%,54.44%,166.34%,0.11%,0.26%,0.43,0.00,157.68,0.00%,0
3239,"ONEQ",-0.76%,5.06%,-2.02%,12.94%,12.65%,21.31%,93.11%,77.08%,405.84%,0.81%,1.18%,352.08,0.00,102.96,0.00%,0
3240,"ONEV",0.43%,0.25%,7.83%,7.07%,13.83%,13.38%,41.00%,40.52%,145.86%,0.34%,0.57%,21.49,0.00,151.61,0.00%,0
3241,"ONEY",0.34%,0.83%,6.39%,8.54%,19.78%,18.67%,43.37%,41.05%,123.81%,0.60%,0.75%,29.72,0.00,136.02,0.00%,0
3242,"ONEZ",-0.49%,2.34%,0.99%,7.28%,7.86%,7.81%,,,,0.72%,0.76%,33.52,0.00,28.01,0.00%,0
3243,"ONLN",-1.70%,3.45%,1.67%,9.35%,-0.27%,4.00%,83.56%,-15.20%,,0.56%,1.09%,6.57,0.00,59.08,0.00%,0
3244,"ONOF",-0.35%,3.54%,1.93%,7.32%,8.68%,14.81%,40.58%,40.06%,,0.45%,0.56%,7.58,0.00,40.90,0.00%,0
3245,"ONTO",1.39%,38.79%,17.07%,39.07%,91.94%,180.58%,166.73%,299.37%,1350.45%,4.39%,6.49%,1257.88,0.05,303.00,3.81%,2895
3246,"OOMA",6.44%,-0.23%,22.85%,76.76%,86.10%,65.13%,55.93%,18.64%,161.44%,5.15%,4.60%,377.17,0.00,21.83,6.33%,6
3247,"OOSP",0.15%,0.15%,-0.39%,-0.78%,-0.05%,-0.78%,,,,0.23%,0.35%,6.86,0.00,10.14,0.00%,0
3248,"OPHC",-8.51%,31.06%,68.00%,75.67%,117.41%,111.93%,193.19%,88.57%,118.72%,7.74%,7.45%,97.86,0.00,9.24,0.00%,0
3249,"OPPE",1.12%,3.11%,4.07%,6.86%,17.31%,25.26%,79.15%,64.12%,148.45%,0.37%,0.45%,16.51,0.00,60.25,0.00%,0
3250,"OPPG",2.05%,3.62%,3.37%,3.63%,13.77%,25.57%,,,,0.11%,0.35%,1.14,0.00,37.60,0.00%,0
3251,"OPRA",6.66%,4.05%,6.37%,26.60%,37.77%,18.88%,54.10%,117.61%,,3.47%,3.29%,359.72,0.00,19.51,0.20%,1
3252,"OPRT",5.18%,35.26%,45.75%,41.21%,45.75%,17.89%,15.59%,-69.65%,,3.72%,5.00%,551.72,0.02,7.71,3.35%,530
3253,"OPY",1.78%,3.59%,26.08%,29.36%,60.28%,64.66%,205.85%,159.31%,664.62%,2.58%,3.75%,124.24,0.00,115.87,0.00%,0
3254,"OR",8.93%,30.35%,7.16%,-18.23%,8.62%,23.64%,189.02%,212.27%,220.33%,3.97%,3.24%,1075.79,0.02,38.44,0.03%,830
3255,"ORAC",6.80%,48.16%,,,-2.85%,,,,,1.06%,4.83%,3.47,0.00,23.88,0.00%,0
3256,"ORCL",7.08%,29.21%,-25.32%,1.21%,-21.95%,-35.49%,31.08%,70.26%,268.71%,3.24%,4.53%,32078.22,0.07,152.13,2.19%,116587
3257,"ORI",1.36%,-4.41%,10.63%,0.31%,-1.60%,13.27%,74.30%,101.78%,221.17%,1.57%,1.78%,1396.43,0.00,42.45,0.00%,0
3258,"ORIC",-5.05%,16.79%,62.12%,3.81%,70.05%,41.22%,53.03%,-32.96%,,5.12%,6.88%,1717.53,0.00,13.91,0.00%,0
3259,"ORIQ",0.00%,0.39%,0.88%,1.57%,2.47%,,,,,0.04%,0.06%,22.84,0.00,10.37,0.00%,0
3260,"ORKA",-3.68%,14.68%,74.20%,194.29%,233.22%,565.35%,663.39%,413.10%,-69.49%,5.72%,5.78%,1210.41,0.00,101.00,1.57%,252
3261,"ORO",11.34%,15.39%,7.33%,7.94%,15.19%,,,,,0.21%,0.10%,0.20,0.00,20.81,0.00%,0
3262,"ORR",3.06%,4.36%,6.83%,-0.02%,14.11%,25.44%,,,,0.83%,1.25%,92.13,0.00,38.98,0.00%,0
3263,"ORRF",-0.34%,-3.05%,13.00%,12.25%,18.46%,20.16%,87.65%,75.41%,106.79%,1.64%,1.84%,133.96,0.00,41.96,-0.62%,2
3264,"OSBC",-0.36%,-0.71%,17.89%,24.18%,28.77%,35.22%,74.98%,109.42%,214.66%,1.54%,1.60%,406.92,0.00,25.11,-0.55%,1
3265,"OSCR",-1.14%,2.09%,39.77%,128.48%,117.19%,83.37%,394.61%,122.14%,,6.52%,5.89%,6064.28,0.01,31.21,-0.10%,3459
3266,"OSCV",-0.17%,-1.19%,3.60%,2.72%,14.23%,10.27%,34.16%,30.23%,,0.62%,0.81%,77.08,0.00,42.30,0.00%,0
3267,"OSCX",-7.36%,-7.37%,65.92%,302.98%,197.92%,,,,,7.46%,7.15%,6.36,0.00,109.57,0.00%,0
3268,"OSEA",0.15%,2.95%,1.02%,-1.97%,1.82%,5.47%,29.14%,,,0.78%,0.80%,81.34,0.00,30.80,0.00%,0
3269,"OSK",5.09%,3.27%,21.62%,-8.65%,25.35%,10.56%,58.72%,36.55%,189.27%,3.28%,3.39%,747.68,0.00,157.48,0.00%,0
3270,"OSPN",-2.54%,-0.45%,13.35%,37.97%,19.70%,6.44%,32.73%,-18.07%,-17.85%,2.38%,3.86%,442.53,0.00,15.37,0.00%,0
3271,"OSPR",,,,,-0.07%,,,,,,,595.10,0.13,9.98,1.24%,3911
3272,"OTAI",-0.06%,0.30%,,,0.50%,,,,,0.25%,0.29%,70.97,0.00,9.98,0.00%,0
3273,"OTGA",-0.10%,0.39%,0.69%,1.74%,2.20%,,,,,0.01%,0.05%,77.82,0.00,10.22,0.00%,0
3274,"OTGL",3.28%,1.39%,0.97%,-6.02%,8.78%,18.12%,,,,0.86%,0.50%,2.74,0.00,10.92,0.00%,0
3275,"OTTR",-0.01%,-1.35%,4.86%,8.22%,14.26%,8.78%,10.31%,72.87%,170.68%,1.74%,2.59%,250.74,0.00,92.33,0.00%,0
3276,"OUNZ",1.42%,13.58%,2.13%,-11.66%,6.44%,34.93%,138.26%,149.44%,237.05%,1.28%,1.25%,682.72,0.01,44.15,0.00%,178
3277,"OUSA",0.30%,1.86%,6.02%,6.25%,8.39%,11.97%,43.22%,42.61%,125.96%,0.61%,0.73%,20.34,0.00,62.54,0.00%,0
3278,"OUSM",-0.02%,0.95%,7.04%,7.11%,14.33%,10.72%,39.30%,39.46%,,0.69%,0.92%,66.10,0.00,50.01,0.00%,0
3279,"OVBC",1.43%,8.74%,-7.95%,2.95%,13.31%,24.62%,79.41%,70.20%,109.21%,2.63%,2.90%,45.27,1.15,45.30,0.22%,2592
3280,"OVF",0.50%,4.42%,0.92%,0.32%,10.70%,14.69%,46.43%,17.82%,,0.47%,0.74%,21.91,0.00,32.37,0.00%,0
3281,"OVL",1.35%,6.55%,0.19%,8.43%,8.81%,14.74%,64.54%,50.21%,,0.75%,0.95%,132.95,0.06,57.90,0.80%,393
3282,"OVLH",-0.30%,2.52%,0.75%,6.82%,7.60%,11.78%,53.71%,47.57%,,0.38%,0.49%,15.08,0.00,42.38,0.00%,0
3283,"OVLY",-0.71%,-1.63%,1.59%,2.30%,12.41%,18.69%,39.34%,92.21%,236.89%,2.70%,2.57%,46.56,0.00,33.79,0.00%,0
3284,"OVV",-3.60%,4.93%,15.21%,30.06%,64.07%,55.05%,37.81%,136.57%,29.64%,2.40%,2.66%,3323.02,0.00,64.30,-0.34%,21
3285,"OWN",-0.18%,5.13%,,,0.28%,,,,,0.08%,0.12%,2.83,0.00,24.92,0.00%,0
3286,"OYSE",0.29%,0.97%,1.17%,2.27%,2.67%,3.39%,,,,0.08%,0.07%,20.56,0.00,10.38,0.00%,0
3287,"OZEM",0.02%,4.14%,8.78%,0.29%,0.03%,33.36%,,,,1.39%,1.46%,23.08,0.00,34.17,0.00%,0
3288,"P",1.00%,60.40%,52.08%,68.35%,65.76%,82.51%,210.53%,361.67%,874.37%,5.27%,5.77%,3319.00,0.09,111.08,2.00%,14321
3289,"PAA",4.00%,2.75%,12.17%,24.03%,42.39%,45.22%,68.47%,169.48%,-10.33%,2.39%,1.95%,2398.69,0.00,25.57,-0.22%,402
3290,"PAAA",0.12%,0.12%,0.04%,0.06%,0.49%,0.04%,2.21%,,,0.03%,0.03%,2001.76,0.00,51.51,0.04%,40
3291,"PAAC",0.00%,0.30%,0.61%,,0.50%,,,,,0.03%,0.21%,9.78,0.00,9.97,0.00%,0
3292,"PAAS",1.60%,23.97%,-4.37%,-21.86%,1.81%,59.85%,235.99%,104.68%,194.21%,3.10%,3.36%,4692.86,0.03,52.75,0.23%,6730
3293,"PABD",0.58%,3.73%,3.32%,1.89%,10.39%,15.86%,,,,0.08%,0.18%,3.65,0.00,71.40,0.00%,0
3294,"PABU",-0.38%,4.69%,0.41%,11.26%,7.21%,12.23%,60.88%,,,0.26%,0.41%,15.46,0.00,78.09,0.00%,0
3295,"PACH",0.13%,0.42%,1.01%,1.81%,2.62%,3.65%,,,,0.03%,0.04%,45.60,0.00,10.31,0.00%,0
3296,"PAG",0.80%,-2.31%,29.80%,38.41%,37.90%,15.91%,33.55%,143.59%,392.18%,1.40%,1.58%,380.53,0.12,218.28,0.48%,2308
3297,"PAGP",4.96%,7.20%,15.70%,30.97%,55.02%,59.49%,93.58%,210.70%,1.56%,2.40%,1.81%,1459.05,0.00,28.13,0.00%,2
3298,"PAHC",10.86%,5.55%,22.53%,-28.70%,4.39%,21.12%,160.35%,66.38%,88.31%,3.35%,3.71%,267.35,0.00,39.00,8.06%,8
3299,"PAII",0.19%,0.39%,0.98%,1.63%,2.19%,,,,,0.09%,0.11%,26.77,0.00,10.28,0.00%,0
3300,"PALC",0.60%,6.12%,3.14%,5.55%,11.99%,14.76%,54.37%,45.75%,,0.40%,0.70%,7.26,0.00,58.51,0.00%,0
3301,"PALO",0.35%,0.62%,1.27%,,0.66%,,,,,0.00%,0.11%,14.71,0.00,9.98,0.00%,0
3302,"PALU",1.55%,23.20%,70.85%,366.43%,193.41%,162.34%,,,,8.30%,8.06%,188.26,0.10,52.52,7.76%,969
3303,"PAMC",0.46%,1.02%,1.28%,7.98%,17.43%,17.17%,57.70%,54.32%,,0.26%,0.59%,2.42,0.00,54.72,0.00%,0
3304,"PANG",1.85%,23.64%,71.19%,368.11%,192.93%,137.73%,,,,8.17%,7.64%,55.27,0.29,32.44,8.39%,790
3305,"PANW",1.24%,12.65%,37.29%,136.88%,92.13%,88.64%,206.73%,360.33%,1409.38%,4.35%,4.24%,7211.22,0.06,353.90,4.30%,22972
3306,"PAPI",-0.02%,0.27%,5.87%,0.55%,9.51%,7.58%,,,,0.69%,0.88%,75.39,0.00,28.24,0.00%,0
3307,"PAPR",0.02%,1.35%,2.00%,8.55%,9.66%,12.92%,39.01%,49.14%,,0.24%,0.30%,27.78,0.00,42.90,0.00%,0
3308,"PARK",-1.65%,13.81%,12.95%,2.61%,41.26%,,,,,10.11%,8.76%,29.36,0.00,20.85,0.00%,0
3309,"PARR",-1.76%,-4.20%,34.22%,96.65%,115.62%,134.95%,107.48%,389.79%,495.68%,7.44%,6.83%,971.72,0.00,75.77,0.00%,0
3310,"PATN",0.42%,6.92%,-1.81%,11.75%,32.56%,45.96%,,,,0.98%,1.31%,114.12,0.00,35.73,0.00%,0
3311,"PATX",13.08%,83.53%,100.51%,123.81%,-30.73%,,,,,5.63%,9.10%,89.54,0.00,17.23,0.00%,0
3312,"PAUG",-0.13%,1.54%,2.89%,6.63%,7.82%,11.56%,48.22%,57.43%,,0.28%,0.29%,119.53,0.00,46.63,0.00%,0
3313,"PAWZ",-1.26%,3.68%,10.30%,-6.75%,-3.28%,-8.65%,6.76%,-35.45%,,0.47%,0.76%,4.20,0.00,52.88,0.00%,0
3314,"PAY",-0.35%,15.50%,69.30%,63.07%,24.82%,3.03%,185.10%,54.02%,,4.06%,6.14%,1226.00,0.00,39.43,0.00%,0
3315,"PAYH",-0.55%,2.25%,-1.84%,3.06%,1.05%,,,,,0.85%,1.37%,11.31,0.00,25.13,0.00%,0
3316,"PAYM",-0.74%,1.51%,-1.12%,2.28%,2.73%,,,,,1.37%,1.50%,37.10,0.00,25.57,0.00%,0
3317,"PAYO",0.28%,-0.42%,42.69%,35.88%,26.69%,5.33%,19.46%,-29.08%,,0.28%,0.50%,7068.04,0.00,7.12,0.00%,0
3318,"PAYR",-0.04%,-0.88%,4.77%,0.42%,11.49%,,,,,0.89%,0.96%,14.68,0.00,56.40,0.00%,0
3319,"PAYS",-4.27%,43.03%,84.01%,260.49%,156.89%,150.57%,545.37%,425.00%,7051.35%,5.64%,5.69%,652.97,0.00,13.23,0.00%,122
3320,"PAYX",1.58%,2.23%,30.72%,32.14%,11.29%,-9.95%,2.45%,9.16%,106.36%,1.89%,2.67%,3186.02,0.00,124.85,-0.02%,99
3321,"PB",1.95%,-0.32%,6.76%,2.04%,7.07%,6.36%,31.47%,3.94%,35.64%,1.63%,1.73%,1132.09,0.00,73.99,1.25%,1
3322,"PBA",0.25%,-2.53%,2.25%,10.12%,27.80%,30.02%,60.11%,59.74%,59.53%,1.86%,1.77%,1106.22,0.00,48.64,0.00%,0
3323,"PBAM",1.42%,8.94%,21.25%,34.53%,53.85%,54.55%,176.59%,254.18%,461.97%,1.02%,1.19%,10.33,0.00,88.51,0.00%,0
3324,"PBAP",0.10%,1.21%,2.02%,7.72%,8.69%,11.80%,,,,0.10%,0.12%,4.19,0.00,31.49,0.00%,0
3325,"PBAU",-0.02%,1.29%,2.59%,5.81%,6.86%,10.53%,,,,0.16%,0.16%,11.02,0.00,32.01,0.00%,0
3326,"PBDE",0.06%,1.63%,2.32%,5.95%,6.94%,12.35%,,,,0.08%,0.14%,9.19,0.00,31.51,0.00%,0
3327,"PBE",-0.18%,6.92%,18.34%,20.22%,19.40%,44.55%,61.20%,27.23%,139.42%,0.99%,1.16%,22.97,0.00,98.09,0.00%,0
3328,"PBEU",1.77%,4.88%,14.71%,15.77%,24.66%,,,,,0.60%,0.78%,156.52,0.00,35.90,0.00%,0
3329,"PBFB",0.05%,1.41%,2.08%,5.50%,6.62%,10.86%,,,,0.07%,0.11%,3.66,0.00,32.46,0.00%,0
3330,"PBFR",-0.03%,1.33%,2.16%,5.74%,6.54%,10.30%,,,,0.26%,0.41%,48.02,0.00,31.13,0.00%,0
3331,"PBFS",3.08%,-1.66%,18.13%,22.97%,31.45%,35.79%,93.24%,45.84%,,1.85%,1.98%,15.63,0.00,17.72,0.00%,0
3332,"PBJ",0.23%,-0.88%,-0.14%,-3.48%,8.36%,2.22%,9.74%,16.12%,44.07%,0.58%,0.74%,23.95,0.00,48.55,0.00%,0
3333,"PBJA",0.08%,1.31%,2.11%,5.47%,6.36%,10.57%,,,,0.08%,0.12%,3.59,0.00,32.84,0.00%,0
3334,"PBJL",-0.03%,1.66%,2.11%,5.20%,6.05%,9.67%,,,,0.18%,0.27%,22.29,0.00,31.78,0.00%,0
3335,"PBJN",-0.20%,1.70%,1.38%,3.65%,4.70%,7.84%,,,,0.14%,0.21%,20.43,0.00,31.32,0.00%,0
3336,"PBL",-0.54%,2.20%,1.97%,8.07%,9.25%,11.86%,46.42%,,,0.75%,0.47%,3.88,0.00,33.76,0.00%,0
3337,"PBLS",-4.99%,22.84%,,,17.72%,,,,,4.96%,6.77%,672.52,0.00,39.26,0.00%,0
3338,"PBMR",0.07%,1.32%,2.00%,5.51%,6.93%,10.87%,,,,0.08%,0.09%,8.83,0.00,32.61,0.00%,0
3339,"PBMY",-0.00%,1.48%,1.82%,4.56%,5.53%,8.49%,,,,0.11%,0.14%,3.88,0.00,31.68,0.00%,0
3340,"PBNV",0.05%,1.69%,2.42%,6.40%,7.47%,10.52%,,,,0.07%,0.12%,3.74,0.00,31.58,0.00%,0
3341,"PBOC",0.11%,1.40%,2.35%,5.89%,6.93%,10.22%,,,,0.11%,0.16%,7.59,0.00,31.20,0.00%,0
3342,"PBOG",-2.50%,6.87%,7.60%,13.71%,37.08%,,,,,1.09%,1.30%,88.78,0.00,34.62,0.00%,0
3343,"PBPH",0.20%,4.74%,13.18%,9.65%,15.95%,,,,,1.44%,1.35%,137.95,0.00,29.27,-0.21%,1
3344,"PBQQ",-0.20%,3.31%,1.16%,9.37%,10.02%,15.33%,,,,0.63%,0.68%,25.74,0.00,31.72,0.00%,0
3345,"PBR-A",-5.63%,-2.25%,-4.51%,4.35%,42.68%,42.43%,35.84%,109.21%,222.22%,2.09%,2.27%,7599.55,0.01,16.08,0.37%,2736
3346,"PBSC",0.00%,0.58%,,,1.04%,,,,,0.05%,0.03%,75.95,0.00,25.34,0.00%,0
3347,"PBSE",0.08%,0.90%,2.02%,5.30%,6.23%,9.92%,,,,0.12%,0.09%,3.70,0.00,31.30,0.00%,0
3348,"PBT",-0.32%,20.54%,21.27%,68.25%,98.76%,105.04%,70.63%,550.29%,378.05%,4.08%,5.91%,124.24,0.00,33.75,0.00%,0
3349,"PBTP",0.06%,0.51%,-2.31%,-1.26%,-0.58%,-2.15%,5.06%,-3.81%,,0.09%,0.09%,119.42,0.00,25.76,0.00%,0
3350,"PBUS",-0.41%,3.32%,2.24%,10.61%,12.24%,18.46%,74.89%,68.38%,,0.46%,0.70%,343.41,0.00,76.83,0.00%,0
3351,"PBYI",-3.48%,14.93%,25.31%,19.27%,53.95%,76.83%,146.90%,25.14%,-84.11%,3.57%,4.66%,319.48,0.00,9.16,0.00%,0
3352,"PCAP",0.39%,0.68%,1.17%,2.06%,2.47%,1.34%,,,,0.14%,0.07%,130.81,0.00,10.38,0.00%,0
3353,"PCAR",-0.18%,-3.85%,14.69%,3.73%,17.53%,28.50%,63.50%,164.37%,300.31%,2.14%,2.46%,3343.87,0.00,128.71,-0.40%,91
3354,"PCCE",,1.51%,-3.47%,-4.66%,-4.11%,-5.78%,,,,0.60%,0.31%,1.39,0.00,12.55,0.00%,0
3355,"PCEB",-0.19%,2.14%,0.18%,,-1.08%,,,,,0.46%,0.58%,12.63,0.00,24.81,0.00%,0
3356,"PCEF",-0.98%,2.11%,0.90%,0.60%,2.01%,1.91%,15.10%,-16.68%,-11.60%,0.59%,0.57%,109.40,0.00,20.28,0.00%,0
3357,"PCGG",,6.43%,4.67%,6.64%,-3.34%,-4.89%,,,,0.12%,0.30%,3.75,0.00,11.57,0.00%,0
3358,"PCPP",2.46%,3.26%,,,9.97%,,,,,3.25%,1.93%,28.76,0.00,27.46,0.00%,0
3359,"PCYO",0.52%,7.06%,13.72%,5.49%,4.82%,12.83%,3.23%,-24.16%,148.28%,3.50%,2.87%,70.21,0.00,11.52,0.00%,0
3360,"PDBA",1.05%,2.63%,4.46%,9.71%,12.29%,4.70%,19.95%,,,0.90%,0.83%,207.71,0.00,38.18,0.00%,0
3361,"PDBC",-2.16%,3.30%,2.43%,23.30%,36.98%,38.13%,24.06%,-9.48%,4.91%,0.92%,1.03%,6954.30,0.00,18.15,-0.17%,696
3362,"PDEC",0.00%,1.78%,2.38%,6.83%,7.95%,13.83%,41.57%,52.24%,,0.22%,0.27%,32.10,0.00,46.83,0.00%,0
3363,"PDM",3.13%,2.70%,17.34%,27.81%,18.47%,21.82%,66.81%,-39.99%,-48.91%,2.55%,2.79%,1078.44,0.00,9.88,0.00%,0
3364,"PDN",0.95%,5.57%,1.54%,0.25%,12.79%,17.22%,55.89%,24.02%,74.10%,0.24%,0.53%,13.70,0.00,47.58,0.00%,0
3365,"PDS",-1.59%,10.63%,-3.13%,-0.03%,20.46%,54.65%,34.33%,177.89%,2.84%,3.69%,3.74%,108.75,0.00,86.59,0.00%,0
3366,"PDX",-0.87%,3.00%,0.56%,7.88%,15.23%,2.45%,49.34%,125.07%,,0.94%,1.16%,100.38,0.00,21.64,0.00%,0
3367,"PDYN",-1.31%,24.64%,-31.59%,-14.49%,41.31%,-22.82%,481.64%,-89.95%,,4.32%,5.51%,1695.14,0.03,6.02,0.50%,2173
3368,"PEBK",0.32%,0.51%,3.31%,11.04%,21.14%,39.39%,119.57%,57.88%,129.53%,2.26%,2.41%,39.12,0.00,43.65,0.00%,0
3369,"PEBO",-0.33%,-5.99%,14.64%,19.87%,32.20%,28.48%,53.40%,29.36%,66.60%,1.33%,1.44%,277.70,0.00,39.70,0.00%,0
3370,"PECE",0.20%,0.50%,,,0.81%,,,,,0.21%,0.11%,73.99,0.00,9.98,0.00%,0
3371,"PEJ",0.07%,0.48%,8.96%,12.37%,11.07%,14.12%,70.81%,39.39%,95.30%,0.87%,1.01%,65.25,0.00,68.12,0.00%,0
3372,"PEMX",1.85%,8.15%,-2.41%,9.05%,33.49%,50.55%,111.77%,,,0.46%,0.56%,3.27,0.00,85.81,0.00%,0
3373,"PEN",-1.16%,0.96%,0.85%,-4.61%,3.90%,21.45%,28.49%,19.92%,350.12%,0.61%,0.67%,363.89,0.00,323.05,0.00%,0
3374,"PEO",0.39%,7.38%,9.63%,9.58%,30.45%,30.93%,29.55%,112.69%,83.08%,1.68%,1.70%,67.93,0.00,28.36,0.00%,0
3375,"PEPS",-0.33%,2.40%,2.00%,9.35%,11.41%,19.60%,,,,0.18%,0.21%,0.47,0.00,32.75,0.00%,0
3376,"PESI",4.86%,9.01%,87.59%,31.83%,44.08%,50.29%,52.82%,219.37%,233.81%,6.38%,6.91%,433.19,0.00,18.14,0.00%,0
3377,"PEVC",0.10%,5.89%,3.88%,11.38%,12.48%,14.01%,,,,0.12%,0.36%,0.26,0.00,31.57,0.00%,0
3378,"PEY",0.31%,1.71%,11.26%,15.02%,23.62%,17.10%,26.51%,23.29%,59.80%,0.74%,1.13%,228.79,0.00,25.20,-0.25%,7
3379,"PFDE",-0.47%,3.69%,1.84%,12.06%,13.90%,,,,,0.58%,0.73%,24.90,0.00,28.39,0.00%,0
3380,"PFEB",0.03%,1.64%,2.25%,6.16%,7.75%,12.44%,42.54%,53.14%,,0.21%,0.27%,25.81,0.00,43.87,0.00%,0
3381,"PFFA",-0.38%,2.44%,-1.73%,-3.23%,-2.55%,-3.05%,8.98%,-16.27%,,0.55%,0.66%,891.92,0.00,21.00,0.00%,0
3382,"PFG",1.51%,-0.86%,8.60%,15.09%,27.21%,38.81%,47.01%,64.72%,132.51%,1.64%,1.80%,1354.81,0.00,112.21,0.00%,1
3383,"PFI",1.21%,0.43%,7.34%,12.75%,9.23%,10.37%,49.47%,18.39%,102.77%,0.60%,0.79%,10.02,0.00,63.06,0.00%,0
3384,"PFIS",0.36%,-2.82%,16.58%,25.63%,43.50%,31.27%,56.38%,53.49%,79.05%,1.92%,2.59%,64.65,0.00,69.90,0.00%,0
3385,"PFIX",-0.39%,8.55%,6.85%,21.34%,6.96%,-2.84%,19.10%,134.89%,,2.37%,2.54%,289.28,0.00,51.15,0.00%,0
3386,"PFM",-0.33%,1.13%,4.80%,6.98%,11.85%,16.26%,52.21%,53.38%,151.68%,0.40%,0.54%,17.56,0.00,57.61,0.00%,0
3387,"PFX",6.14%,23.62%,20.61%,16.52%,20.33%,8.50%,44.39%,35.85%,-62.82%,4.76%,3.84%,13.87,0.00,53.07,0.00%,0
3388,"PFXF",0.44%,3.02%,-2.85%,-2.43%,2.27%,1.12%,6.24%,-16.00%,-13.55%,0.69%,0.98%,769.93,0.00,18.06,0.00%,0
3389,"PGAC",0.00%,0.28%,1.80%,3.07%,3.76%,4.98%,,,,0.02%,0.43%,4.84,0.00,10.75,0.00%,0
3390,"PGEN",2.02%,39.27%,68.29%,99.21%,81.58%,65.36%,338.73%,26.50%,-70.66%,5.48%,6.68%,5477.20,0.01,7.59,2.29%,2391
3391,"PGP",-0.23%,4.43%,-0.57%,-6.47%,-4.49%,2.95%,25.29%,-21.30%,-57.37%,1.03%,1.45%,53.87,0.00,8.72,0.00%,0
3392,"PGR",-0.15%,0.01%,13.11%,3.91%,-3.39%,-10.09%,69.82%,134.35%,665.23%,1.73%,2.10%,3146.35,0.00,220.01,-1.12%,100
3393,"PGRI",0.47%,4.06%,-1.18%,0.37%,8.93%,,,,,0.04%,0.12%,0.38,0.00,26.94,0.00%,0
3394,"PGRO",-0.41%,4.62%,-3.10%,7.34%,4.52%,9.20%,81.89%,64.47%,,0.60%,0.82%,46.82,0.00,46.67,0.00%,0
3395,"PH",4.41%,9.80%,22.45%,2.89%,18.81%,35.95%,158.99%,242.91%,747.33%,2.03%,2.26%,683.10,0.00,1044.25,0.46%,67
3396,"PHDG",-0.59%,2.13%,-1.98%,8.43%,10.53%,13.83%,27.33%,13.13%,73.15%,0.61%,0.73%,21.73,0.00,41.38,0.00%,0
3397,"PHEQ",-0.19%,1.83%,1.98%,7.01%,7.52%,10.96%,,,,1.49%,0.69%,20.69,0.00,35.02,0.00%,0
3398,"PHO",0.70%,1.58%,9.77%,-1.86%,2.47%,-2.29%,28.70%,23.23%,195.09%,1.10%,1.29%,106.67,0.03,72.15,0.00%,164
3399,"PHOS",16.27%,85.89%,41.39%,220.17%,222.83%,,,,,14.78%,10.53%,16.64,0.00,19.37,0.00%,0
3400,"PHVS",1.68%,13.43%,23.91%,32.14%,33.33%,55.59%,92.01%,85.56%,,3.94%,5.16%,499.44,0.00,37.00,0.00%,2
3401,"PHYL",0.10%,0.45%,-0.81%,-2.04%,-1.71%,-2.26%,2.62%,-14.27%,,0.17%,0.21%,171.38,0.00,34.88,0.00%,0
3402,"PHYS",1.31%,13.74%,2.23%,-12.35%,5.30%,33.42%,132.89%,142.13%,218.41%,1.33%,1.28%,3934.83,0.02,34.77,-0.34%,3298
3403,"PI",3.67%,18.87%,5.55%,34.81%,-4.84%,-11.15%,171.10%,176.77%,727.95%,5.23%,5.63%,420.52,0.00,165.59,3.98%,80
3404,"PICB",-0.39%,1.70%,-0.94%,-3.88%,-2.51%,-1.47%,8.94%,-19.43%,-13.33%,0.42%,0.47%,92.50,0.00,23.28,0.00%,0
3405,"PICK",3.19%,14.14%,-1.00%,2.28%,27.76%,60.72%,69.14%,45.05%,198.33%,1.85%,1.81%,829.00,0.00,65.59,-1.23%,16
3406,"PID",-0.42%,-1.92%,-0.96%,-2.42%,4.27%,7.53%,32.07%,28.44%,57.45%,0.60%,0.72%,67.80,0.00,22.94,0.00%,0
3407,"PIE",1.58%,13.60%,1.89%,18.61%,42.24%,44.19%,74.04%,34.59%,104.78%,1.00%,1.44%,86.65,0.00,33.62,0.00%,0
3408,"PIEL",0.69%,6.56%,4.57%,8.22%,18.48%,,,,,0.00%,0.00%,0.15,0.00,29.94,0.00%,0
3409,"PIEQ",1.45%,4.78%,5.43%,3.74%,13.62%,23.47%,,,,0.62%,1.09%,65.65,0.00,37.45,0.00%,0
3410,"PILL",-4.40%,16.42%,83.23%,70.76%,85.61%,191.57%,146.01%,20.41%,,4.01%,4.97%,71.59,0.00,22.83,0.00%,0
3411,"PINC",0.04%,0.19%,,,-0.09%,,,,,0.01%,0.01%,0.24,0.00,50.15,0.00%,0
3412,"PINK",-0.71%,1.41%,6.90%,10.61%,9.67%,32.08%,53.85%,,,1.15%,1.20%,130.44,0.00,40.14,0.00%,0
3413,"PIO",0.81%,1.10%,3.03%,-6.45%,2.76%,0.42%,29.04%,7.13%,105.30%,0.75%,0.76%,6.91,0.00,45.37,0.00%,0
3414,"PIPE",0.58%,2.57%,3.18%,10.44%,29.01%,29.73%,,,,1.00%,0.68%,2.64,0.00,31.06,0.00%,0
3415,"PIT",-0.99%,6.55%,5.89%,27.35%,45.41%,46.84%,47.89%,,,1.07%,1.08%,53.47,0.00,76.79,0.00%,0
3416,"PIZ",0.67%,6.10%,-6.90%,-2.92%,9.88%,16.40%,79.83%,32.12%,129.04%,0.82%,1.17%,80.69,0.00,53.82,0.00%,0
3417,"PJAN",-0.03%,1.59%,2.31%,6.28%,7.32%,11.88%,43.56%,54.26%,,0.27%,0.32%,72.10,0.00,50.46,0.00%,0
3418,"PJFG",-0.94%,4.29%,-0.88%,10.97%,4.87%,10.14%,83.87%,,,0.52%,0.73%,3.47,0.00,116.64,0.00%,0
3419,"PJFV",-0.38%,1.65%,6.63%,14.60%,21.86%,30.49%,90.23%,,,0.51%,0.67%,15.14,0.00,100.84,0.00%,0
3420,"PJIO",-0.42%,9.45%,-1.62%,1.50%,5.41%,4.21%,,,,0.86%,0.65%,13.25,0.00,64.60,0.00%,0
3421,"PJP",-1.20%,5.96%,18.41%,18.20%,24.41%,42.98%,67.14%,60.51%,100.43%,0.96%,1.17%,33.52,0.00,130.06,0.00%,0
3422,"PJT",2.33%,5.87%,12.27%,15.10%,4.53%,-3.97%,129.90%,124.83%,634.87%,2.78%,3.35%,450.37,0.00,174.77,0.00%,1
3423,"PJUL",-0.14%,1.89%,2.44%,5.80%,6.96%,10.51%,45.43%,65.52%,,0.37%,0.45%,143.14,0.00,49.66,0.00%,0
3424,"PJUN",-0.33%,1.83%,1.42%,3.78%,4.93%,8.24%,39.11%,39.51%,,0.28%,0.43%,171.65,0.00,43.94,0.00%,0
3425,"PJUS",-0.23%,2.73%,3.25%,,5.21%,,,,,0.00%,0.08%,0.43,0.00,52.57,0.00%,0
3426,"PKBK",-1.87%,-1.03%,7.44%,16.56%,33.83%,47.49%,93.81%,66.06%,223.91%,1.82%,1.95%,61.89,0.00,33.51,-0.62%,6
3427,"PKG",-1.55%,-1.50%,12.63%,5.98%,19.13%,16.61%,68.23%,62.29%,209.59%,2.31%,2.12%,649.06,0.00,245.69,-0.40%,20
3428,"PKOH",-0.50%,17.47%,37.69%,74.93%,119.63%,134.64%,146.33%,77.91%,30.88%,3.34%,4.93%,88.87,0.00,45.99,0.00%,0
3429,"PKW",0.39%,2.09%,10.76%,9.21%,12.61%,15.45%,66.17%,60.56%,218.45%,0.66%,0.78%,27.30,0.00,151.26,0.00%,0
3430,"PLA",0.02%,7.33%,3.54%,,3.25%,,,,,0.55%,0.64%,2.41,0.00,25.91,0.00%,0
3431,"PLBC",0.15%,-1.83%,15.56%,16.73%,36.63%,42.36%,75.31%,88.51%,511.62%,1.48%,1.85%,64.84,0.00,61.06,0.00%,0
3432,"PLCI",0.18%,,,,0.18%,,,,,0.12%,,73.36,0.45,9.88,-0.13%,1647
3433,"PLGI",-0.25%,2.97%,2.80%,2.08%,1.48%,,,,,0.36%,0.30%,6.62,0.00,25.47,0.00%,0
3434,"PLIB",1.57%,,,,36.44%,,,,,0.85%,,0.42,0.00,34.03,0.00%,0
3435,"PLMK",1.13%,0.99%,0.66%,1.81%,2.29%,4.09%,,,,1.04%,0.31%,68.97,0.00,10.70,0.00%,0
3436,"PLMR",3.89%,-7.92%,20.44%,8.33%,-2.18%,8.11%,160.77%,48.68%,,2.59%,3.41%,283.60,0.00,131.82,0.00%,0
3437,"PLPC",-5.74%,37.92%,7.82%,56.71%,98.23%,110.73%,148.78%,481.81%,892.18%,5.13%,6.71%,101.93,0.00,409.77,0.00%,0
3438,"PLSE",1.44%,41.72%,96.20%,151.63%,253.53%,206.25%,586.56%,91.03%,926.22%,6.04%,7.44%,376.11,0.05,48.54,0.91%,852
3439,"PLTL",2.38%,91.66%,,,120.13%,,,,,1.47%,3.91%,1.37,0.00,61.24,0.00%,0
3440,"PLTM",0.96%,15.50%,-3.47%,-18.82%,-9.73%,36.68%,93.38%,78.64%,,1.83%,1.91%,148.95,0.02,17.81,1.48%,128
3441,"PLTR",1.44%,43.46%,23.11%,29.81%,-0.73%,12.60%,1114.45%,586.35%,,4.56%,4.55%,42951.52,0.07,176.46,-0.59%,141163
3442,"PLTU",2.48%,90.10%,28.58%,29.25%,-29.77%,-19.40%,,,,9.29%,8.96%,2960.35,0.04,51.65,-1.37%,5520
3443,"PLUN",0.10%,0.00%,,,0.70%,,,,,1.50%,0.44%,125.29,0.00,10.01,0.00%,0
3444,"PLX",5.53%,6.44%,16.98%,-18.15%,37.78%,53.09%,28.50%,62.09%,-59.34%,3.62%,5.18%,675.83,0.00,2.48,0.00%,0
3445,"PM",0.29%,-3.21%,7.57%,2.44%,19.75%,16.99%,102.04%,88.13%,93.82%,2.25%,2.15%,4992.01,0.01,192.08,-1.04%,1439
3446,"PMAP",0.09%,0.64%,1.14%,3.65%,4.68%,7.33%,,,,0.03%,0.03%,0.20,0.00,27.52,0.00%,0
3447,"PMAR",-0.02%,1.61%,2.15%,6.56%,8.28%,12.44%,44.15%,57.64%,,0.29%,0.36%,23.68,0.00,48.66,0.00%,0
3448,"PMAU",-0.09%,0.73%,1.70%,3.76%,4.46%,7.10%,,,,0.13%,0.21%,3.04,0.00,26.92,0.00%,0
3449,"PMAY",-0.06%,1.80%,1.93%,5.21%,6.27%,9.39%,41.42%,41.23%,,0.18%,0.28%,71.59,0.00,42.07,0.00%,0
3450,"PMDE",0.13%,0.95%,1.73%,3.53%,4.08%,,,,,0.10%,0.08%,5.55,0.00,26.14,0.00%,0
3451,"PMFB",0.07%,0.84%,1.36%,3.03%,3.74%,7.46%,,,,0.01%,0.00%,0.15,0.00,27.57,0.00%,0
3452,"PMJA",0.11%,0.82%,1.56%,3.35%,3.64%,6.94%,,,,0.06%,0.03%,0.17,0.00,27.73,0.00%,0
3453,"PMJL",-0.01%,0.88%,1.61%,3.62%,4.45%,6.81%,,,,0.05%,0.12%,4.02,0.00,26.89,0.00%,0
3454,"PMJN",-0.04%,0.96%,0.84%,2.40%,3.12%,5.24%,,,,0.10%,0.10%,6.54,0.00,26.93,0.00%,0
3455,"PMMR",0.11%,0.79%,1.27%,2.74%,3.77%,6.09%,,,,0.00%,0.00%,0.43,0.00,27.36,0.00%,0
3456,"PMMY",0.02%,0.80%,1.07%,2.99%,3.55%,6.91%,,,,0.00%,0.01%,0.30,0.00,27.04,0.00%,0
3457,"PMNV",0.15%,0.96%,1.70%,4.04%,4.49%,,,,,0.01%,0.00%,0.22,0.00,26.28,0.00%,0
3458,"PMOC",0.17%,0.88%,1.78%,4.04%,4.25%,,,,,0.02%,0.02%,0.23,0.00,26.37,0.00%,0
3459,"PMSE",0.08%,0.59%,1.35%,3.73%,4.01%,,,,,0.00%,0.00%,0.10,0.00,26.58,0.00%,0
3460,"PMTL",5.72%,36.60%,,,36.60%,,,,,0.28%,0.49%,1.78,0.00,27.53,0.00%,0
3461,"PNAQ-U",0.40%,,,,-0.10%,,,,,0.57%,,369.91,0.00,9.96,0.00%,0
3462,"PNOV",-0.06%,1.89%,2.51%,7.24%,8.43%,11.85%,34.06%,49.06%,,0.22%,0.30%,33.91,0.00,45.30,0.00%,0
3463,"PNQI",0.58%,7.04%,7.91%,11.10%,-3.22%,-2.90%,68.90%,4.30%,209.44%,0.92%,1.38%,47.53,0.00,52.21,0.00%,0
3464,"PNRG",-2.14%,15.58%,-10.22%,13.53%,22.10%,36.56%,116.03%,317.16%,261.23%,4.70%,5.13%,72.12,0.00,208.79,0.00%,0
3465,"POCT",0.12%,1.78%,2.61%,6.84%,7.83%,11.38%,40.41%,62.14%,,0.26%,0.32%,58.91,0.00,47.36,0.00%,0
3466,"PONO",-0.10%,0.40%,1.32%,,1.62%,,,,,0.04%,0.05%,30.05,0.00,10.01,0.00%,0
3467,"POWA",-1.06%,0.06%,5.78%,-0.60%,2.04%,2.42%,35.29%,33.10%,135.16%,0.36%,0.54%,4.20,0.00,91.78,0.00%,0
3468,"PPH",-1.19%,2.03%,10.56%,5.15%,12.32%,30.63%,41.09%,52.67%,95.45%,1.53%,1.52%,272.64,0.00,115.88,0.00%,0
3469,"PPI",-0.48%,3.07%,-1.31%,-1.11%,15.64%,25.33%,66.94%,,,0.57%,0.79%,29.47,0.00,21.54,0.00%,0
3470,"PPIH",0.41%,16.23%,-15.31%,-16.68%,-11.07%,-11.48%,208.57%,285.71%,258.10%,4.26%,3.99%,116.28,0.01,27.00,-0.52%,40
3471,"PPLT",-0.38%,13.89%,-4.77%,-19.75%,-10.87%,35.12%,90.54%,76.18%,61.19%,1.94%,1.98%,2523.87,0.24,16.62,0.04%,29871
3472,"PPTA",2.87%,49.30%,-3.30%,-27.75%,6.44%,38.47%,642.65%,395.58%,262.70%,5.58%,5.01%,1499.11,0.01,25.77,0.00%,935
3473,"PQAP",0.09%,2.85%,1.39%,12.50%,13.37%,18.24%,,,,0.13%,0.15%,4.65,0.00,32.44,0.00%,0
3474,"PQJA",-0.03%,3.17%,1.54%,10.33%,9.92%,17.29%,,,,0.09%,0.18%,4.97,0.00,32.07,0.00%,0
3475,"PQJL",-0.20%,3.68%,-0.58%,5.35%,6.23%,11.79%,,,,0.14%,0.30%,6.63,0.00,30.82,0.00%,0
3476,"PQNT",0.61%,4.45%,5.11%,4.17%,12.82%,,,,,0.09%,0.07%,0.29,0.00,23.74,0.00%,0
3477,"PQOC",0.14%,3.52%,2.40%,10.70%,11.17%,17.27%,,,,0.10%,0.12%,4.59,0.00,31.82,0.00%,0
3478,"PQUS",-0.50%,3.28%,2.80%,,12.76%,,,,,0.37%,0.61%,53.86,0.00,28.49,0.00%,0
3479,"PQV",-0.07%,2.34%,,,2.37%,,,,,0.00%,0.00%,0.06,0.00,25.59,0.00%,0
3480,"PQX",0.02%,1.57%,,,1.69%,,,,,0.12%,0.11%,2.61,0.00,25.45,0.00%,0
3481,"PQXV",-0.00%,1.23%,,,1.50%,,,,,0.00%,0.00%,0.09,0.00,25.38,0.00%,0
3482,"PQXX",-0.02%,1.00%,,,1.27%,,,,,0.04%,0.05%,0.45,0.00,25.32,0.00%,0
3483,"PR",-4.49%,9.87%,18.00%,25.82%,62.49%,61.12%,75.26%,357.95%,95.24%,2.43%,2.74%,9997.04,0.00,22.80,0.21%,308
3484,"PRAE",-0.16%,3.33%,1.15%,1.03%,11.32%,23.79%,,,,0.21%,0.10%,1.09,0.00,41.02,0.00%,0
3485,"PRAX",-2.28%,27.57%,5.67%,8.58%,28.03%,687.83%,1577.20%,38.84%,,6.12%,5.60%,501.37,0.00,377.37,0.00%,0
3486,"PRAY",0.62%,3.03%,1.36%,4.60%,14.45%,13.93%,50.99%,,,0.48%,0.86%,10.15,0.00,35.78,0.00%,0
3487,"PRCH",1.29%,36.66%,69.71%,130.75%,89.05%,8.76%,2069.98%,-8.77%,,3.81%,5.66%,1776.89,0.00,17.26,0.00%,0
3488,"PRCS",0.20%,3.66%,6.58%,8.47%,9.24%,12.96%,,,,0.67%,0.76%,30.88,0.00,29.34,0.00%,0
3489,"PRDO",2.45%,1.89%,-0.24%,0.30%,14.08%,2.64%,104.77%,206.13%,396.44%,3.17%,3.74%,712.04,0.00,33.46,0.00%,0
3490,"PRF",-0.20%,2.37%,5.02%,13.03%,19.84%,27.51%,72.80%,72.33%,199.86%,0.50%,0.66%,295.40,0.00,56.23,0.00%,0
3491,"PRFZ",-0.83%,3.04%,6.92%,14.11%,21.14%,25.17%,63.02%,51.95%,165.24%,0.62%,0.88%,93.20,0.00,55.59,0.00%,0
3492,"PRIZ",0.58%,0.54%,,,0.84%,,,,,0.19%,0.18%,5.22,0.00,25.25,0.00%,0
3493,"PRK",-1.07%,-3.59%,17.52%,17.40%,31.12%,15.81%,98.56%,73.94%,113.47%,2.53%,2.66%,106.98,0.00,199.54,0.00%,0
3494,"PRMR",0.01%,4.82%,6.81%,17.71%,15.44%,,,,,0.42%,0.61%,16.82,0.00,28.75,0.00%,0
3495,"PRNT",-0.31%,6.47%,-2.24%,13.73%,13.47%,13.96%,18.90%,-34.04%,22.88%,1.05%,1.36%,9.66,0.00,25.35,0.00%,0
3496,"PROV",2.63%,4.20%,6.32%,13.14%,15.27%,19.48%,36.19%,6.57%,-5.12%,1.37%,1.70%,8.35,0.00,18.34,0.00%,0
3497,"PRPO",9.17%,34.12%,29.11%,33.77%,32.31%,110.95%,319.26%,-58.12%,-98.98%,8.86%,8.55%,85.85,0.00,30.41,0.00%,0
3498,"PRTO",-0.21%,4.95%,1.78%,,11.76%,,,,,0.22%,0.25%,1.54,0.00,28.38,0.00%,0
3499,"PRU",-1.32%,-2.96%,18.28%,16.31%,5.42%,8.71%,26.95%,10.84%,53.41%,1.85%,2.05%,1872.63,0.00,119.00,-1.03%,20
3500,"PRVS",0.50%,3.32%,8.35%,13.44%,19.97%,29.49%,,,,0.26%,0.50%,5.22,0.00,33.60,0.00%,0
3501,"PRVT",-0.33%,8.26%,9.65%,10.81%,-4.72%,,,,,0.04%,0.23%,0.35,0.00,23.32,0.00%,0
3502,"PRXG",-0.61%,4.41%,-0.43%,11.82%,8.32%,15.24%,,,,0.38%,0.64%,4.73,0.00,39.56,0.00%,0
3503,"PRXI",0.67%,3.40%,,,6.40%,,,,,0.06%,0.13%,3.03,0.00,25.90,0.00%,0
3504,"PRXV",-0.07%,1.86%,8.19%,11.51%,20.22%,24.69%,,,,0.44%,0.50%,10.43,0.00,36.45,0.00%,0
3505,"PS",5.78%,24.37%,13.60%,,75.46%,,,,,4.62%,6.25%,207.14,0.00,42.11,0.00%,0
3506,"PSAI",-0.04%,4.06%,4.40%,,10.53%,,,,,0.17%,0.38%,3.11,0.00,28.33,0.00%,0
3507,"PSC",-0.21%,1.85%,6.07%,14.72%,20.82%,25.79%,66.96%,52.55%,,0.75%,1.00%,129.87,0.00,69.75,0.00%,0
3508,"PSCD",-0.70%,-1.84%,9.92%,6.64%,14.17%,5.81%,34.66%,5.81%,141.39%,0.41%,0.36%,0.71,0.00,119.63,0.00%,0
3509,"PSCF",0.08%,-1.63%,8.26%,10.74%,15.97%,13.80%,53.70%,15.60%,51.21%,0.22%,0.43%,3.88,0.00,66.69,0.00%,0
3510,"PSCH",-1.03%,3.84%,23.88%,28.44%,26.30%,36.79%,35.84%,-10.27%,129.44%,0.84%,1.18%,25.47,0.00,55.64,0.00%,0
3511,"PSCJ",-0.17%,1.74%,2.28%,5.74%,6.93%,10.76%,46.56%,54.82%,,0.11%,0.21%,0.78,0.00,32.17,0.00%,0
3512,"PSCQ",0.11%,1.80%,2.84%,7.10%,8.08%,11.73%,42.57%,,,0.00%,0.07%,1.07,0.00,31.90,0.00%,0
3513,"PSCU",-0.47%,0.20%,-1.52%,12.34%,13.22%,15.67%,24.52%,-2.17%,48.29%,0.22%,0.51%,1.21,0.00,65.11,0.00%,0
3514,"PSCW",0.11%,1.30%,2.01%,8.10%,9.37%,12.67%,39.37%,41.49%,,0.04%,0.05%,1.14,0.00,30.50,0.00%,0
3515,"PSCX",0.03%,1.71%,2.43%,6.31%,7.30%,12.35%,43.41%,50.61%,,0.07%,0.09%,1.30,0.00,33.30,0.00%,0
3516,"PSDM",-0.04%,0.15%,-0.38%,-1.38%,-0.97%,-0.99%,2.44%,,,0.17%,0.15%,31.39,0.00,50.97,0.00%,0
3517,"PSEP",0.15%,1.08%,2.15%,5.85%,6.98%,11.04%,44.04%,57.79%,,0.18%,0.20%,34.66,0.00,46.77,0.00%,0
3518,"PSET",-0.28%,2.98%,6.46%,7.09%,5.20%,6.43%,43.29%,42.68%,206.56%,0.21%,0.45%,1.69,0.00,80.27,0.00%,0
3519,"PSFD",-0.01%,1.94%,2.62%,7.55%,8.84%,14.25%,51.24%,72.75%,,0.05%,0.14%,1.06,0.00,40.67,0.00%,0
3520,"PSFF",-0.01%,1.75%,2.32%,6.80%,7.99%,11.86%,43.67%,57.26%,,0.24%,0.41%,53.42,0.00,34.91,0.00%,0
3521,"PSFJ",-0.20%,2.22%,2.55%,6.60%,8.00%,12.26%,51.79%,71.22%,,0.09%,0.24%,12.62,0.00,35.82,0.00%,0
3522,"PSFM",0.03%,1.55%,2.35%,10.09%,11.50%,15.15%,45.78%,58.58%,,0.00%,0.02%,0.59,0.00,35.49,0.00%,0
3523,"PSFO",0.03%,2.11%,2.96%,8.08%,9.41%,14.02%,44.14%,,,0.04%,0.07%,4.35,0.00,35.45,0.00%,0
3524,"PSIL",0.34%,13.79%,25.98%,48.51%,53.35%,54.50%,60.55%,,,2.59%,2.54%,42.36,0.00,26.33,0.00%,0
3525,"PSIX",4.41%,48.98%,-9.74%,-58.84%,-33.67%,-53.47%,1184.75%,658.00%,213.22%,4.58%,6.96%,475.85,0.02,37.90,3.44%,439
3526,"PSL",1.29%,0.46%,5.07%,0.72%,16.23%,4.55%,35.23%,28.02%,100.74%,0.45%,0.53%,1.55,0.00,116.73,0.00%,0
3527,"PSLV",0.74%,21.49%,-6.57%,-22.66%,-4.71%,72.69%,171.52%,166.70%,215.63%,2.24%,2.42%,8335.72,0.07,22.54,0.16%,28387
3528,"PSMD",0.03%,1.62%,2.36%,6.49%,7.72%,12.12%,42.81%,55.56%,,0.03%,0.12%,1.25,0.00,34.97,0.00%,0
3529,"PSMJ",-0.16%,1.83%,2.52%,5.63%,6.74%,10.70%,46.11%,65.16%,,0.18%,0.29%,8.67,0.00,34.38,0.00%,0
3530,"PSMO",0.10%,1.78%,2.70%,6.93%,8.02%,11.71%,41.50%,,,0.00%,0.09%,1.11,0.00,33.22,0.00%,0
3531,"PSMR",0.09%,1.35%,2.14%,8.56%,9.81%,13.01%,39.51%,50.39%,,0.06%,0.08%,2.28,0.00,32.72,0.00%,0
3532,"PSNL",8.03%,43.77%,79.98%,105.54%,114.57%,250.00%,1038.67%,-10.90%,,6.53%,5.25%,4165.18,0.00,17.08,0.00%,0
3533,"PSO",2.30%,-5.79%,8.74%,28.06%,17.02%,11.92%,56.77%,55.44%,45.66%,1.28%,1.62%,789.04,0.00,16.43,0.00%,0
3534,"PSP",0.09%,6.83%,4.49%,3.66%,-4.93%,-10.81%,22.85%,-20.95%,18.09%,0.87%,1.27%,39.34,0.00,63.77,0.00%,0
3535,"PSQA",0.07%,0.66%,0.29%,0.68%,1.62%,1.22%,,,,0.38%,0.39%,96.19,0.00,20.70,0.00%,0
3536,"PSQO",0.00%,0.63%,0.25%,0.55%,1.05%,0.68%,,,,0.28%,0.51%,49.19,0.00,20.84,0.00%,0
3537,"PSR",0.36%,-2.89%,2.01%,6.33%,16.24%,13.96%,24.66%,-2.34%,30.93%,0.18%,0.37%,1.65,0.00,105.01,0.00%,0
3538,"PST",0.32%,0.47%,1.65%,7.88%,5.64%,3.52%,-1.23%,46.73%,14.94%,0.44%,0.52%,5.95,0.00,23.39,0.00%,0
3539,"PSTL",5.87%,3.74%,3.12%,17.72%,49.89%,55.07%,72.35%,26.35%,,2.16%,2.84%,328.24,0.03,24.19,1.56%,461
3540,"PSTP",-0.05%,1.73%,2.00%,4.81%,5.78%,9.13%,38.47%,,,0.26%,0.34%,7.16,0.00,37.39,0.00%,0
3541,"PSTR",-0.10%,3.46%,3.41%,7.94%,10.70%,13.36%,,,,0.41%,0.56%,5.09,0.00,31.99,0.00%,0
3542,"PSWD",-3.11%,7.73%,19.54%,45.29%,33.05%,26.86%,76.51%,,,0.63%,1.31%,2.14,0.00,43.98,0.00%,0
3543,"PSX",0.83%,17.01%,36.94%,58.72%,87.53%,82.47%,112.48%,233.27%,207.80%,2.92%,3.28%,2657.49,0.00,241.99,-0.10%,55
3544,"PTAC",0.60%,0.86%,,,0.20%,,,,,0.12%,0.07%,64.67,0.00,9.99,0.00%,0
3545,"PTEU",0.60%,4.80%,5.25%,4.14%,12.56%,18.64%,33.25%,36.16%,50.38%,0.33%,0.43%,1.54,0.00,34.58,0.00%,0
3546,"PTGX",0.54%,13.91%,50.88%,71.40%,73.46%,146.62%,660.54%,216.48%,1351.15%,4.22%,3.80%,686.20,0.01,151.50,0.00%,200
3547,"PTH",-0.69%,9.74%,22.98%,27.51%,28.02%,59.68%,75.82%,13.96%,301.11%,1.31%,1.96%,52.47,0.00,63.63,0.00%,0
3548,"PTIN",0.11%,5.29%,3.64%,5.89%,20.27%,27.07%,43.09%,30.20%,,0.58%,0.89%,12.74,0.00,37.83,0.00%,0
3549,"PTIR",2.50%,90.60%,29.85%,32.08%,-27.91%,-17.10%,,,,9.21%,8.95%,5344.98,0.04,19.27,-1.23%,10481
3550,"PTL",-0.10%,2.25%,0.68%,7.96%,14.43%,17.86%,,,,0.73%,1.06%,33.35,0.00,284.01,0.00%,0
3551,"PTLC",-0.42%,3.39%,2.24%,5.76%,7.39%,12.73%,45.66%,52.50%,157.51%,0.49%,0.73%,107.54,0.00,59.69,0.00%,0
3552,"PTMC",-0.48%,0.72%,3.00%,6.78%,16.33%,16.71%,28.15%,16.59%,63.11%,0.69%,0.82%,19.37,0.00,41.49,0.00%,0
3553,"PTOR",0.10%,0.40%,0.60%,,1.42%,,,,,0.10%,0.17%,26.89,0.00,9.99,0.00%,0
3554,"PUL",-7.39%,110.45%,,,77.50%,,,,,1.21%,2.32%,1.38,0.00,44.79,0.00%,0
3555,"PULS",0.06%,0.00%,-0.06%,-0.18%,0.18%,-0.20%,0.51%,-0.04%,,0.03%,0.03%,2597.84,0.00,49.68,0.00%,2
3556,"PUR",41.56%,266.13%,,,89.97%,,,,,21.73%,11.62%,31.77,0.09,36.56,9.43%,144
3557,"PURR",20.04%,102.68%,41.69%,184.71%,239.89%,,,,,11.14%,7.94%,15186.01,0.47,12.10,4.67%,358634
3558,"PUSA",12.61%,34.65%,-13.19%,-11.56%,19.05%,20.19%,,,,9.50%,9.03%,1433.73,0.07,3.75,-2.60%,5340
3559,"PUSH",0.10%,0.18%,0.05%,-0.53%,0.12%,-0.14%,,,,0.13%,0.15%,22.20,0.00,50.46,0.00%,0
3560,"PVAL",0.18%,2.87%,7.90%,12.20%,19.64%,30.49%,86.46%,108.81%,,0.57%,0.76%,1736.50,0.00,54.52,0.00%,0
3561,"PVEX",-0.62%,3.41%,0.65%,8.73%,9.65%,17.45%,,,,1.44%,0.98%,7.94,0.00,31.10,0.00%,0
3562,"PVLA",2.91%,8.04%,32.75%,20.01%,47.44%,187.10%,486.36%,-56.75%,19.82%,6.32%,5.80%,251.71,0.00,154.33,0.00%,0
3563,"PWER",1.77%,13.55%,5.01%,12.23%,32.01%,51.61%,,,,0.75%,0.49%,0.99,0.00,46.22,0.00%,0
3564,"PWP",-0.84%,2.23%,-10.28%,-14.82%,-4.68%,-27.26%,52.69%,17.28%,,3.32%,5.72%,1288.93,0.00,16.49,0.00%,0
3565,"PWS",-0.75%,3.80%,5.37%,0.25%,3.79%,6.80%,23.66%,3.58%,,0.08%,0.16%,2.77,0.00,33.55,0.00%,0
3566,"PWV",-0.05%,1.92%,11.27%,16.45%,23.74%,28.03%,73.98%,81.07%,161.30%,0.71%,0.89%,93.79,0.00,82.31,0.00%,0
3567,"PXE",-0.80%,10.56%,13.39%,25.64%,44.26%,38.94%,25.49%,160.63%,91.00%,1.85%,1.85%,46.72,0.00,40.32,0.00%,0
3568,"PXF",0.68%,5.21%,2.75%,4.81%,21.35%,31.83%,80.08%,66.33%,118.82%,0.50%,0.68%,99.47,0.00,79.54,0.00%,0
3569,"PXH",1.06%,3.70%,1.13%,1.83%,14.03%,20.02%,60.73%,30.57%,66.46%,0.67%,0.77%,224.91,0.00,29.43,0.00%,0
3570,"PXI",-1.80%,10.40%,8.46%,17.41%,38.32%,44.22%,41.07%,158.42%,55.33%,1.43%,1.41%,22.16,0.00,62.56,0.00%,0
3571,"PXJ",-4.30%,8.96%,3.24%,7.17%,51.82%,68.57%,54.72%,181.14%,-17.94%,1.26%,1.77%,46.48,0.00,44.56,0.00%,0
3572,"PY",-0.08%,1.52%,6.80%,8.54%,11.42%,11.80%,44.61%,35.44%,126.04%,0.45%,0.63%,14.79,0.00,58.15,0.00%,0
3573,"PYPU",1.74%,10.68%,85.76%,,69.45%,,,,,2.54%,2.88%,7.58,0.00,43.55,0.00%,0
3574,"PYZ",0.55%,3.71%,-3.76%,-4.73%,13.31%,20.87%,50.63%,39.76%,117.42%,0.40%,0.88%,1.58,0.00,124.82,0.00%,0
3575,"PZG",-2.55%,40.37%,15.91%,-37.04%,21.43%,72.10%,432.36%,76.90%,-10.00%,5.70%,6.15%,557.90,0.00,1.53,0.00%,0
3576,"PZIV",0.59%,4.09%,9.00%,,19.39%,,,,,0.29%,0.31%,3.56,0.00,30.62,0.00%,0
3577,"PZLV",0.44%,1.70%,13.77%,,24.88%,,,,,0.29%,0.47%,1.67,0.00,31.42,0.00%,0
3578,"QADR",0.00%,0.50%,1.01%,,1.01%,,,,,0.07%,0.10%,75.52,0.00,9.97,0.00%,0
3579,"QAI",0.20%,1.60%,0.49%,4.42%,9.06%,10.56%,21.60%,14.07%,24.82%,0.30%,0.64%,57.51,0.00,36.55,0.00%,0
3580,"QALT",0.33%,0.13%,1.04%,-0.29%,6.20%,8.78%,,,,0.50%,0.54%,14.51,0.00,26.48,0.00%,0
3581,"QARP",0.33%,2.84%,4.44%,9.66%,15.86%,22.33%,62.61%,65.44%,,0.10%,0.28%,1.71,0.00,68.43,0.00%,0
3582,"QB",-0.44%,2.80%,4.03%,12.13%,14.78%,19.05%,,,,0.17%,0.29%,3.84,0.00,48.56,0.00%,0
3583,"QBIF",0.31%,1.40%,2.92%,,5.28%,,,,,0.09%,0.19%,2.62,0.00,26.55,0.00%,0
3584,"QBIG",2.13%,9.30%,-2.67%,14.66%,7.93%,16.49%,,,,0.40%,0.89%,6.48,0.00,41.52,2.36%,1
3585,"QBIV",0.51%,2.65%,4.00%,,8.32%,,,,,0.00%,0.04%,1.87,0.00,27.48,0.00%,0
3586,"QBKF",-0.27%,0.77%,1.31%,,4.46%,,,,,0.06%,0.09%,1.02,0.00,26.25,0.00%,0
3587,"QBKV",-0.45%,1.62%,3.44%,,9.88%,,,,,0.19%,0.23%,3.71,0.00,27.70,0.00%,0
3588,"QBQF",-0.23%,1.69%,0.19%,,3.10%,,,,,0.13%,0.20%,3.50,0.00,25.93,0.00%,0
3589,"QBQV",-0.14%,4.25%,-0.47%,,6.07%,,,,,0.09%,0.31%,5.36,0.00,26.75,0.00%,0
3590,"QBSF",0.07%,1.26%,1.92%,3.09%,4.23%,7.57%,,,,0.18%,0.44%,23.79,0.00,27.36,0.00%,0
3591,"QBSV",-0.11%,2.31%,2.81%,,8.16%,,,,,0.11%,0.26%,5.34,0.00,27.23,0.00%,0
3592,"QBUF",-0.16%,2.77%,0.22%,3.73%,4.72%,8.75%,,,,0.38%,0.54%,30.07,0.00,30.70,0.00%,0
3593,"QCAP",0.02%,2.47%,0.90%,5.00%,5.82%,8.63%,,,,0.20%,0.26%,12.49,0.00,25.09,0.00%,0
3594,"QCJA",0.08%,2.27%,1.35%,6.90%,7.08%,12.24%,,,,0.11%,0.22%,6.10,0.00,23.61,0.00%,0
3595,"QCJL",-0.08%,2.75%,2.65%,7.06%,7.80%,11.75%,,,,0.36%,0.53%,36.81,0.00,25.58,0.00%,0
3596,"QCOC",0.12%,2.42%,1.81%,7.51%,8.03%,11.67%,,,,0.14%,0.22%,11.31,0.00,24.25,0.00%,0
3597,"QCRH",0.10%,-1.71%,10.72%,12.81%,21.46%,27.00%,91.59%,94.99%,232.17%,2.06%,2.00%,125.79,0.04,101.18,0.39%,251
3598,"QDEC",0.01%,3.45%,1.44%,10.21%,10.68%,19.18%,60.09%,61.23%,,0.33%,0.43%,27.77,0.00,36.01,0.00%,0
3599,"QDEF",0.03%,2.05%,4.23%,8.35%,12.67%,16.79%,62.46%,63.93%,154.06%,0.33%,0.56%,8.63,0.00,91.22,0.00%,0
3600,"QDF",-0.08%,1.27%,4.14%,10.08%,14.48%,19.60%,60.22%,59.53%,147.23%,0.42%,0.60%,24.39,0.00,92.51,0.00%,0
3601,"QDIV",-0.12%,2.18%,9.97%,7.92%,18.43%,16.63%,30.42%,31.39%,,0.30%,0.66%,3.64,0.00,41.05,0.00%,0
3602,"QDPL",-0.41%,2.86%,1.18%,7.91%,9.13%,13.18%,46.71%,31.18%,,0.52%,0.79%,128.23,0.00,46.36,0.00%,0
3603,"QDVO",0.62%,4.61%,-3.17%,6.25%,2.67%,3.74%,,,,0.69%,1.02%,271.61,0.02,29.79,0.59%,288
3604,"QEFA",0.56%,3.70%,4.16%,2.25%,12.46%,17.18%,49.67%,31.42%,82.40%,0.44%,0.53%,34.26,0.00,101.97,0.00%,0
3605,"QEMM",1.16%,7.45%,0.32%,8.84%,23.70%,26.68%,49.68%,20.64%,53.96%,0.33%,0.57%,4.05,0.00,81.83,0.00%,0
3606,"QETA",0.60%,0.60%,-0.84%,2.07%,4.05%,5.54%,,,,0.47%,1.67%,7.11,0.00,11.81,0.00%,0
3607,"QEW",-0.46%,4.94%,4.26%,,21.06%,,,,,0.62%,0.80%,25.35,0.00,30.31,0.00%,0
3608,"QFHD",-0.05%,1.02%,6.61%,5.66%,11.90%,,,,,0.04%,0.15%,0.63,0.00,28.29,0.00%,0
3609,"QFRD",-0.37%,5.02%,6.48%,22.20%,19.82%,,,,,0.06%,0.36%,0.55,0.00,29.44,0.00%,0
3610,"QGRO",-0.17%,4.23%,2.53%,6.84%,3.41%,7.07%,73.36%,58.58%,,0.77%,0.97%,107.45,0.00,118.42,0.00%,0
3611,"QGRW",0.42%,8.04%,-0.36%,17.12%,14.06%,21.81%,106.48%,,,0.72%,1.11%,251.89,0.50,66.92,0.01%,6262
3612,"QIDX",-0.39%,0.01%,3.82%,4.89%,10.37%,9.01%,,,,0.26%,0.37%,3.84,0.00,11.84,0.00%,0
3613,"QINT",0.40%,4.87%,3.90%,3.54%,14.07%,21.56%,69.05%,40.36%,,0.35%,0.59%,61.41,0.00,73.24,0.00%,0
3614,"QJL",-0.20%,3.41%,,,0.76%,,,,,0.44%,0.20%,1.56,0.00,25.03,0.00%,0
3615,"QJN",-0.25%,3.77%,,,-2.02%,,,,,0.14%,0.03%,1.72,0.00,24.65,0.00%,0
3616,"QJUN",-0.33%,3.97%,-1.25%,3.54%,4.49%,9.47%,50.81%,60.41%,,0.52%,0.79%,84.64,0.00,33.27,0.00%,0
3617,"QLC",0.01%,2.73%,3.71%,11.58%,14.48%,24.13%,89.57%,86.76%,242.51%,0.50%,0.74%,38.87,0.00,92.71,0.00%,0
3618,"QLD",2.07%,17.03%,-7.16%,32.66%,28.94%,44.41%,194.63%,125.51%,1636.78%,1.79%,2.64%,4572.28,0.68,90.79,2.09%,154649
3619,"QLEP",0.40%,0.50%,,,0.80%,,,,,0.34%,0.19%,70.37,0.00,10.03,0.00%,0
3620,"QLTI",0.55%,3.17%,5.42%,-0.00%,5.26%,10.74%,,,,0.25%,0.42%,17.75,0.00,28.00,0.00%,0
3621,"QLTY",0.28%,3.95%,4.35%,11.24%,12.17%,23.93%,,,,0.57%,0.72%,419.29,0.00,43.14,0.00%,0
3622,"QLV",-0.32%,2.17%,5.47%,6.89%,11.03%,13.36%,50.57%,50.29%,,0.29%,0.45%,7.12,0.00,79.99,0.00%,0
3623,"QLVD",0.74%,2.47%,5.28%,1.16%,9.85%,11.60%,40.63%,22.67%,,0.13%,0.14%,1.86,0.00,34.95,0.00%,0
3624,"QLVE",1.40%,5.27%,0.19%,4.63%,15.55%,20.58%,49.66%,28.18%,,0.08%,0.07%,0.36,0.00,33.97,0.00%,0
3625,"QMAG",0.10%,1.82%,2.06%,8.07%,8.70%,13.65%,,,,0.51%,0.47%,28.30,0.00,25.72,0.00%,0
3626,"QMAR",0.05%,3.04%,1.32%,12.71%,14.18%,18.79%,57.00%,70.77%,,0.25%,0.35%,9.92,0.00,37.68,0.00%,0
3627,"QMFE",0.08%,2.65%,1.30%,7.36%,10.40%,15.71%,,,,0.09%,0.10%,4.83,0.00,24.57,0.00%,0
3628,"QMID",-0.42%,1.94%,7.13%,6.15%,8.89%,9.57%,,,,0.07%,0.06%,0.34,0.00,30.77,0.00%,0
3629,"QMMY",0.00%,3.31%,0.11%,4.53%,5.48%,9.81%,,,,0.35%,0.53%,55.25,0.00,26.41,0.00%,0
3630,"QMNV",0.17%,2.79%,1.92%,8.48%,8.90%,16.13%,,,,0.30%,0.38%,15.58,0.00,25.46,0.00%,0
3631,"QMY",-0.19%,3.73%,-0.84%,,1.67%,,,,,0.19%,0.08%,2.73,0.00,25.83,0.00%,0
3632,"QNBC",3.33%,3.59%,2.32%,20.41%,28.57%,28.38%,83.29%,16.78%,30.32%,2.17%,1.07%,5.33,0.00,44.96,0.00%,0
3633,"QNDX",1.19%,8.73%,,,0.73%,,,,,0.84%,1.27%,561.05,0.12,24.38,1.15%,3263
3634,"QNST",-2.90%,22.63%,59.13%,70.52%,37.65%,27.04%,110.65%,11.50%,540.13%,3.82%,4.09%,830.90,0.01,19.78,0.51%,563
3635,"QNXT",0.06%,5.75%,5.85%,15.83%,17.08%,23.36%,,,,0.12%,0.38%,7.54,0.00,32.29,0.00%,0
3636,"QOWZ",-0.43%,5.44%,9.68%,10.15%,3.68%,3.42%,,,,0.25%,0.32%,2.47,0.00,37.14,0.00%,0
3637,"QPX",-0.20%,4.91%,0.23%,6.59%,9.83%,20.89%,73.80%,68.27%,,0.28%,0.34%,2.32,0.00,48.89,0.00%,0
3638,"QQA",0.16%,6.67%,-2.65%,7.53%,5.85%,9.50%,,,,1.06%,1.28%,121.42,0.00,56.12,0.74%,6
3639,"QQEW",0.09%,7.20%,9.11%,22.06%,15.49%,20.53%,55.89%,41.79%,261.78%,0.82%,1.09%,36.93,0.00,164.14,0.00%,0
3640,"QQH",-0.60%,6.43%,-4.18%,8.90%,7.54%,16.77%,81.03%,61.96%,,0.88%,1.60%,81.09,0.00,83.20,0.00%,0
3641,"QQHG",-0.15%,3.28%,-0.18%,8.74%,9.91%,17.45%,,,,0.04%,0.08%,1.06,0.00,65.99,0.00%,0
3642,"QQJL",-0.26%,2.96%,,,0.80%,,,,,0.02%,0.19%,1.69,0.00,25.08,0.00%,0
3643,"QQJN",-0.18%,3.16%,,,-1.45%,,,,,0.18%,0.04%,1.40,0.00,24.78,0.00%,0
3644,"QQLV",-0.81%,-1.72%,3.82%,2.45%,6.27%,2.09%,,,,0.15%,0.31%,1.31,0.00,25.59,0.00%,0
3645,"QQMY",0.00%,3.04%,0.41%,,3.31%,,,,,0.17%,0.08%,2.07,0.00,25.95,0.00%,0
3646,"QQQ",1.09%,8.60%,-2.30%,17.96%,16.99%,25.32%,97.53%,91.22%,515.73%,0.89%,1.32%,42216.47,0.28,718.67,1.03%,587853
3647,"QQQE",-0.54%,5.02%,4.24%,17.55%,19.53%,24.68%,61.33%,46.56%,275.61%,0.68%,0.96%,202.51,0.00,122.29,0.00%,0
3648,"QQQJ",1.16%,5.95%,3.20%,19.64%,25.13%,33.07%,80.82%,33.57%,,0.64%,1.07%,145.75,0.00,46.11,0.63%,10
3649,"QQQM",1.06%,8.58%,-2.30%,17.94%,16.99%,25.33%,97.52%,91.48%,,0.88%,1.31%,3718.00,0.19,295.90,1.02%,34760
3650,"QQQS",-0.74%,7.31%,2.87%,22.72%,32.14%,48.02%,75.87%,,,1.12%,1.16%,8.13,0.00,45.06,0.00%,0
3651,"QQQU",-0.15%,13.06%,-9.93%,8.61%,-1.25%,19.02%,,,,1.68%,2.80%,56.29,0.00,55.62,0.00%,0
3652,"QQQX",0.07%,4.31%,-1.44%,8.46%,7.01%,13.33%,32.41%,2.24%,62.95%,1.27%,1.37%,109.17,0.00,30.52,0.00%,0
3653,"QQUP",-2.58%,9.65%,-9.55%,15.16%,5.41%,19.61%,,,,0.97%,1.69%,6.00,0.00,60.63,0.00%,0
3654,"QQWZ",0.26%,9.25%,1.05%,9.31%,17.48%,25.07%,,,,0.53%,0.92%,11.66,0.00,29.49,0.00%,0
3655,"QQXT",-0.65%,2.95%,5.55%,1.40%,4.64%,5.52%,24.92%,17.24%,155.55%,0.26%,0.49%,5.38,0.00,103.98,0.00%,0
3656,"QSEA",0.00%,0.47%,1.43%,2.81%,3.81%,4.85%,,,,0.27%,0.22%,52.07,0.00,10.62,0.00%,0
3657,"QSML",-0.27%,2.58%,12.07%,18.47%,21.59%,24.48%,,,,0.26%,0.39%,1.05,0.00,35.00,0.00%,0
3658,"QSOL",17.52%,30.70%,15.45%,8.23%,-21.46%,,,,,1.77%,1.36%,12.39,0.00,9.75,0.00%,0
3659,"QSPT",0.17%,3.78%,2.54%,11.20%,11.90%,16.10%,64.20%,,,0.30%,0.40%,27.27,0.00,35.45,0.00%,0
3660,"QSR",0.01%,5.35%,7.06%,13.84%,16.61%,27.03%,17.19%,23.14%,69.75%,2.25%,2.25%,2939.31,0.00,79.56,0.38%,66
3661,"QTAP",0.26%,3.48%,1.86%,15.05%,16.45%,20.08%,75.12%,80.69%,,0.10%,0.17%,3.42,0.00,52.16,0.00%,0
3662,"QTJA",0.24%,4.11%,2.48%,12.33%,12.95%,19.03%,63.92%,,,0.06%,0.19%,4.18,0.00,33.67,0.00%,0
3663,"QTJL",-0.37%,5.46%,-0.93%,4.97%,6.04%,12.28%,66.97%,56.24%,,0.18%,0.45%,8.27,0.00,41.70,0.00%,0
3664,"QTOC",0.28%,3.64%,3.05%,12.88%,13.77%,18.15%,69.87%,,,0.02%,0.17%,4.50,0.00,38.90,0.00%,0
3665,"QTPI",0.29%,0.20%,-0.64%,-1.83%,-0.79%,-0.46%,,,,0.30%,0.59%,7.26,0.00,25.49,0.00%,0
3666,"QTWO",2.60%,8.37%,45.06%,35.29%,-9.26%,-16.21%,101.04%,-25.33%,130.32%,2.83%,4.25%,840.70,0.03,65.48,0.75%,1105
3667,"QUAD",-1.19%,18.91%,35.14%,37.74%,59.49%,54.32%,99.20%,134.19%,-63.90%,2.45%,4.83%,277.14,0.00,10.00,0.00%,0
3668,"QUAL",0.68%,3.63%,3.68%,9.29%,12.69%,18.20%,64.73%,58.62%,229.17%,0.55%,0.74%,1697.04,0.00,223.82,0.00%,28
3669,"QUIZ",0.28%,4.50%,1.96%,0.55%,12.25%,19.90%,,,,1.74%,2.24%,19.65,0.00,29.77,0.00%,0
3670,"QULL",,6.28%,9.76%,19.10%,24.74%,46.26%,137.33%,105.92%,,0.00%,0.00%,0.04,0.00,70.67,0.00%,0
3671,"QUMS",0.00%,0.49%,1.28%,2.48%,3.10%,,,,,0.07%,0.04%,54.76,0.00,10.32,0.00%,0
3672,"QURE",3.80%,26.65%,104.23%,196.52%,112.08%,222.22%,492.18%,72.80%,497.76%,4.55%,4.98%,1893.89,0.06,50.75,-0.39%,6131
3673,"QUS",0.05%,2.87%,4.88%,8.63%,12.13%,17.16%,58.55%,56.79%,208.71%,0.45%,0.52%,18.26,0.00,195.32,0.00%,0
3674,"QVAL",0.72%,5.79%,12.00%,17.54%,28.10%,37.61%,73.26%,75.24%,167.00%,0.74%,0.82%,25.50,0.00,62.50,0.00%,0
3675,"QVML",-0.31%,3.14%,2.26%,11.02%,12.78%,18.57%,75.63%,73.38%,,0.45%,0.71%,17.58,0.00,45.31,0.00%,0
3676,"QVMM",-0.73%,0.05%,2.47%,6.16%,15.91%,18.31%,49.92%,41.36%,,0.07%,0.26%,0.94,0.00,35.68,0.00%,0
3677,"QVOY",0.02%,1.48%,-2.85%,0.81%,11.49%,20.90%,38.90%,,,0.18%,0.47%,8.69,0.00,29.99,0.00%,0
3678,"QWLD",0.14%,2.56%,3.99%,5.31%,11.04%,15.59%,53.82%,48.28%,152.20%,0.18%,0.32%,2.07,0.00,159.07,0.00%,0
3679,"QYLD",-0.05%,5.81%,0.94%,3.52%,3.11%,9.17%,5.32%,-18.86%,-14.32%,0.52%,0.52%,4805.92,0.11,18.22,0.39%,27009
3680,"QYLG",0.70%,7.43%,-0.98%,10.14%,9.17%,15.50%,43.12%,24.42%,,0.72%,0.92%,44.58,0.02,29.76,1.05%,36
3681,"RAA",0.42%,4.15%,0.75%,5.45%,10.74%,15.47%,,,,0.29%,0.56%,48.48,0.00,30.44,0.00%,0
3682,"RAAR",0.09%,0.26%,0.95%,2.36%,2.42%,,,,,0.18%,0.10%,1.62,0.00,51.24,0.00%,0
3683,"RAAX",0.29%,6.78%,1.31%,1.96%,19.41%,28.30%,62.30%,64.21%,,0.87%,1.06%,297.24,0.00,41.71,0.00%,0
3684,"RAC",0.48%,0.76%,1.25%,1.25%,1.54%,2.43%,,,,0.04%,0.04%,29.23,0.00,10.55,0.00%,0
3685,"RACC",-10.57%,58.96%,112.15%,,115.47%,,,,,12.43%,15.58%,32.37,0.00,22.00,0.00%,0
3686,"RACD",7.74%,18.72%,,,25.02%,,,,,7.52%,4.39%,29.92,0.00,12.94,0.00%,0
3687,"RACE",-4.04%,6.58%,18.68%,9.27%,11.23%,-12.42%,32.06%,90.02%,743.38%,1.45%,1.77%,530.34,0.04,411.06,-0.43%,1063
3688,"RAFE",0.36%,3.20%,8.64%,15.41%,20.55%,28.39%,70.47%,61.21%,,0.44%,0.56%,12.54,0.00,50.62,0.00%,0
3689,"RAML",2.41%,28.83%,,,-17.10%,,,,,3.64%,8.06%,18.00,0.00,12.88,0.00%,0
3690,"RANG",0.09%,0.75%,1.79%,3.25%,3.65%,5.37%,,,,0.00%,0.52%,6.36,0.00,10.80,0.00%,0
3691,"RAPP",6.99%,25.12%,32.88%,73.84%,73.04%,227.92%,,,,4.51%,4.73%,350.06,0.00,52.50,0.00%,0
3692,"RAUS",-0.34%,3.33%,2.57%,11.48%,13.82%,,,,,0.46%,0.51%,8.50,0.00,30.06,0.00%,0
3693,"RAVI",0.10%,0.04%,-0.03%,-0.28%,0.01%,-0.25%,0.46%,-0.76%,0.05%,0.09%,0.09%,81.09,0.00,75.38,0.00%,0
3694,"RB",-0.06%,0.73%,0.79%,5.14%,7.55%,14.21%,,,,0.12%,0.04%,0.67,0.00,47.03,0.00%,0
3695,"RBCAA",-0.65%,-6.04%,16.67%,31.64%,35.86%,21.70%,115.97%,84.62%,195.59%,2.08%,2.32%,110.86,0.55,93.73,-0.58%,3050
3696,"RBKB",-0.16%,1.77%,14.05%,10.34%,46.87%,30.19%,155.19%,63.46%,,1.56%,2.19%,112.58,0.00,12.63,0.00%,0
3697,"RBRK",2.81%,39.42%,42.58%,84.54%,31.09%,14.54%,,,,5.95%,5.47%,3608.58,0.08,100.26,4.30%,14352
3698,"RBUF",-0.38%,0.97%,1.33%,4.79%,7.75%,10.61%,,,,0.30%,0.35%,17.21,0.00,31.30,0.00%,0
3699,"RCBC",3.86%,5.27%,21.59%,12.86%,14.03%,36.28%,163.30%,86.68%,293.94%,1.71%,1.63%,21.13,0.00,50.03,0.00%,0
3700,"RCG",2.26%,0.00%,9.29%,2.44%,14.40%,10.11%,58.47%,21.49%,129.69%,1.75%,2.68%,5.65,0.00,2.94,0.00%,0
3701,"RCGE",0.09%,2.29%,8.00%,6.70%,12.26%,13.81%,,,,0.00%,0.03%,0.05,0.00,31.69,0.00%,0
3702,"RCKY",-3.91%,5.80%,18.32%,-1.72%,54.14%,51.05%,145.84%,-3.60%,334.29%,3.11%,3.72%,58.18,0.00,45.21,0.00%,0
3703,"RCLO",0.10%,0.98%,0.52%,1.03%,0.04%,,,,,0.10%,0.11%,19.05,0.00,25.12,0.00%,0
3704,"RCLR",0.18%,1.58%,2.23%,4.11%,2.88%,,,,,0.02%,0.05%,0.64,0.00,51.50,0.00%,0
3705,"RCMT",1.07%,40.64%,90.83%,116.71%,98.53%,54.57%,102.14%,706.96%,733.85%,3.72%,4.09%,67.84,0.00,40.59,0.00%,0
3706,"RCTR",1.13%,6.66%,-4.36%,-9.88%,5.91%,11.86%,,,,0.70%,1.20%,6.82,0.00,34.35,0.00%,0
3707,"RDAG",0.19%,0.48%,0.78%,1.76%,2.72%,1.76%,,,,0.06%,0.10%,43.12,0.00,10.40,0.00%,0
3708,"RDIV",0.61%,0.46%,9.06%,12.50%,22.62%,23.23%,65.54%,54.73%,93.18%,0.64%,0.91%,59.52,0.00,63.81,0.00%,2
3709,"RDNT",1.23%,20.96%,42.03%,9.23%,7.18%,8.36%,138.22%,153.21%,1051.66%,4.04%,4.43%,826.27,0.00,76.47,0.00%,0
3710,"RDVI",-0.44%,0.55%,6.42%,7.66%,11.89%,15.45%,37.30%,,,0.81%,0.79%,700.43,0.00,29.36,0.00%,0
3711,"RDVT",-0.37%,4.57%,33.07%,63.15%,22.04%,44.76%,244.53%,165.45%,,2.89%,4.64%,221.81,0.00,69.50,0.00%,0
3712,"RDVY",1.13%,3.27%,9.32%,12.61%,18.64%,25.18%,75.70%,65.14%,272.26%,0.73%,0.81%,1103.60,0.00,82.42,0.00%,1
3713,"RDW",-2.72%,47.17%,-55.79%,19.90%,50.66%,27.36%,272.96%,14.39%,,5.66%,7.76%,28857.60,0.05,11.45,1.60%,70162
3714,"REAI",-0.11%,-0.53%,0.11%,2.15%,15.18%,10.18%,9.92%,,,0.13%,0.03%,0.19,0.00,21.67,0.00%,0
3715,"RECI",0.42%,1.13%,,,1.95%,,,,,0.00%,0.13%,8.07,0.00,20.51,0.00%,0
3716,"RECS",-0.11%,1.53%,4.15%,9.50%,10.68%,15.85%,76.71%,74.23%,,0.58%,0.75%,420.93,0.00,45.20,0.00%,0
3717,"REET",0.18%,-2.80%,2.04%,3.46%,12.51%,11.21%,24.70%,-2.09%,1.40%,0.75%,0.91%,2679.37,0.00,28.07,0.00%,0
3718,"REFA",0.72%,5.15%,7.06%,4.55%,16.61%,,,,,0.03%,0.01%,0.61,0.00,23.91,0.00%,0
3719,"REGL",0.53%,-0.28%,6.58%,2.40%,12.18%,9.47%,37.03%,30.50%,100.72%,0.72%,0.93%,64.04,0.00,94.48,0.00%,1
3720,"REGS",-0.43%,4.52%,-0.02%,,13.53%,,,,,0.65%,0.76%,9.84,0.00,11.48,0.00%,0
3721,"REIT",0.31%,-3.24%,2.09%,6.24%,17.34%,15.86%,27.80%,8.79%,,0.73%,0.95%,10.46,0.00,30.83,0.00%,0
3722,"RELY",5.02%,11.42%,29.75%,54.10%,88.04%,41.11%,4.22%,,,4.40%,5.11%,3635.53,0.00,25.95,0.78%,160
3723,"REMC",0.08%,2.69%,8.49%,13.58%,17.64%,,,,,0.00%,0.05%,1.61,0.00,23.66,0.00%,0
3724,"REMG",1.69%,7.01%,-1.57%,6.66%,24.65%,36.29%,,,,0.69%,0.94%,16.99,0.00,36.80,0.00%,0
3725,"REMX",3.94%,21.80%,-22.49%,-19.36%,6.43%,27.03%,11.08%,-29.30%,54.35%,2.34%,2.30%,779.37,0.03,78.67,0.77%,1212
3726,"RESM",-0.68%,1.49%,5.88%,13.68%,23.04%,,,,,0.00%,0.02%,1.60,0.00,24.48,0.00%,0
3727,"REVS",0.47%,2.03%,8.47%,14.65%,20.92%,25.22%,66.56%,66.49%,,0.46%,0.60%,39.38,0.00,34.20,0.00%,0
3728,"REZ",0.95%,-2.87%,4.83%,7.83%,16.42%,15.48%,37.07%,8.98%,46.71%,1.01%,1.22%,42.25,0.00,96.21,0.00%,0
3729,"RFAI",284.21%,340.63%,345.04%,350.37%,354.98%,360.55%,,,,48.83%,13.81%,114.84,0.14,48.91,0.04%,801
3730,"RFAM",-0.10%,1.01%,1.11%,,1.63%,,,,,0.30%,0.12%,11.50,0.00,9.99,0.00%,0
3731,"RFDA",-0.19%,2.10%,6.46%,13.82%,16.16%,20.97%,64.50%,64.88%,186.82%,0.24%,0.34%,3.53,0.00,74.06,0.00%,0
3732,"RFDI",0.40%,4.86%,6.85%,4.42%,15.31%,21.92%,65.19%,25.49%,79.87%,0.32%,0.48%,5.64,0.00,92.83,0.00%,0
3733,"RFEM",2.01%,9.85%,3.35%,10.42%,25.31%,33.83%,83.72%,42.11%,81.76%,0.54%,0.76%,3.13,0.00,99.23,0.00%,0
3734,"RFFC",0.08%,3.70%,4.26%,7.77%,14.54%,23.36%,76.24%,67.08%,195.68%,0.23%,0.22%,0.91,0.00,76.82,0.00%,0
3735,"RFLR",-0.83%,1.66%,6.79%,10.79%,15.93%,22.13%,,,,0.47%,1.14%,12.41,0.00,32.99,0.00%,0
3736,"RFV",-0.26%,-0.41%,6.33%,10.00%,16.98%,16.97%,47.85%,59.33%,171.51%,0.75%,0.90%,5.95,0.00,149.50,0.00%,0
3737,"RGA",2.43%,1.61%,19.23%,12.04%,21.18%,28.10%,76.09%,112.32%,135.68%,1.81%,2.00%,367.88,0.00,246.55,0.00%,0
3738,"RGEF",0.04%,3.96%,2.16%,8.18%,14.49%,22.72%,,,,0.26%,0.37%,5.96,0.00,35.10,0.00%,0
3739,"RGLD",6.55%,37.56%,20.76%,-8.66%,20.97%,51.95%,143.55%,138.85%,254.28%,2.59%,2.67%,737.34,0.00,268.90,1.04%,23
3740,"RGLO",0.50%,3.96%,3.57%,8.87%,13.71%,22.11%,,,,0.70%,0.85%,28.32,0.00,33.76,0.00%,0
3741,"RGT",0.85%,4.66%,7.64%,6.13%,18.15%,21.97%,72.88%,18.22%,148.97%,1.90%,1.96%,17.99,0.00,15.49,0.00%,0
3742,"RHLD",16.47%,3.11%,19.51%,-28.08%,-33.51%,100.31%,,,,7.60%,7.12%,174.39,0.00,137.25,0.00%,0
3743,"RHP",1.60%,-4.12%,13.35%,28.74%,37.80%,34.41%,58.08%,68.06%,140.57%,1.85%,2.68%,717.37,0.00,130.39,0.00%,0
3744,"RHTX",0.05%,4.39%,1.04%,3.51%,9.53%,17.88%,53.77%,,,0.03%,0.15%,0.49,0.00,20.49,0.00%,0
3745,"RIBB",0.51%,0.51%,-1.05%,3.37%,4.77%,6.62%,,,,0.07%,0.15%,3.78,0.00,10.88,0.00%,0
3746,"RIFR",0.58%,0.42%,1.83%,0.50%,12.81%,13.45%,,,,0.56%,0.53%,4.78,0.00,29.09,0.00%,0
3747,"RIGL",-1.02%,20.73%,57.67%,34.26%,8.52%,11.68%,297.26%,24.95%,78.08%,4.35%,5.10%,360.83,0.00,46.48,0.00%,0
3748,"RILA",-0.80%,4.49%,3.10%,10.59%,5.48%,7.53%,,,,0.40%,0.54%,4.03,0.00,12.19,0.00%,0
3749,"RING",2.04%,41.09%,18.02%,-8.23%,21.55%,70.43%,307.23%,231.40%,293.62%,2.92%,2.94%,733.75,0.04,89.51,-0.93%,1471
3750,"RINT",0.66%,3.71%,4.95%,4.57%,13.89%,21.27%,,,,1.17%,1.22%,15.56,0.00,33.26,0.00%,0
3751,"RIO",1.43%,10.64%,-2.67%,4.58%,29.49%,66.85%,70.70%,37.76%,260.89%,1.99%,1.75%,2677.65,0.04,103.63,-1.02%,5470
3752,"RISE",2.39%,5.79%,2.15%,,-1.81%,,,,,0.39%,0.25%,2.55,0.00,19.22,0.00%,0
3753,"RISN",-0.41%,0.70%,4.03%,6.03%,8.37%,9.83%,33.80%,12.78%,,0.55%,0.48%,17.25,0.00,31.47,0.00%,0
3754,"RISR",0.19%,0.46%,0.99%,3.10%,1.74%,0.10%,9.74%,,,0.46%,0.54%,90.38,0.00,36.74,0.00%,0
3755,"RITA",0.74%,-2.58%,3.42%,4.71%,12.03%,12.38%,16.38%,,,2.35%,0.99%,3.52,0.00,21.71,0.00%,0
3756,"RJDI",-0.17%,1.37%,2.81%,4.68%,17.16%,,,,,0.85%,0.78%,33.11,0.00,29.63,0.00%,0
3757,"RJF",1.75%,0.69%,23.50%,9.83%,9.20%,4.42%,71.48%,83.97%,360.13%,2.62%,1.99%,1333.64,0.00,175.37,-0.75%,26
3758,"RKSG",-0.51%,3.49%,3.20%,,15.48%,,,,,0.00%,0.12%,0.98,0.00,28.75,0.00%,0
3759,"RLY",0.72%,5.28%,3.20%,5.25%,19.81%,24.66%,39.35%,32.96%,53.61%,0.58%,0.67%,214.69,0.00,37.68,0.00%,0
3760,"RMBI",-0.50%,2.65%,9.14%,12.38%,13.11%,7.95%,42.42%,2.78%,,1.62%,1.60%,54.69,0.00,15.88,0.00%,0
3761,"RMD",2.39%,9.15%,14.98%,-9.01%,-2.90%,-17.05%,45.29%,-18.48%,238.82%,2.32%,3.10%,1549.03,0.00,233.89,-0.76%,108
3762,"RMHY",0.18%,0.56%,,,0.30%,,,,,1.25%,0.49%,54.24,0.00,25.08,0.00%,0
3763,"RMME",0.07%,-0.02%,-0.03%,0.03%,0.23%,,,,,0.02%,0.01%,3.66,0.00,100.29,0.00%,0
3764,"RMNI",1.78%,5.32%,39.19%,46.31%,32.73%,22.04%,115.48%,-43.16%,-47.45%,2.33%,3.65%,437.12,0.00,5.15,0.00%,0
3765,"RMRC",-0.25%,1.46%,2.94%,3.98%,4.48%,,,,,0.13%,0.17%,1.93,0.00,26.11,0.00%,0
3766,"RMT",0.93%,5.66%,1.29%,14.91%,35.95%,38.88%,61.32%,18.66%,79.49%,1.21%,1.52%,134.73,0.23,14.18,0.00%,1540
3767,"RNA",1.02%,20.54%,6.54%,,-5.01%,,,,,4.46%,3.73%,190.71,0.00,13.85,0.00%,0
3768,"RND",-0.33%,5.75%,2.55%,12.17%,8.08%,16.83%,,,,0.25%,0.39%,3.95,0.00,32.85,0.00%,0
3769,"RNEM",1.31%,0.64%,4.32%,-3.24%,2.99%,4.65%,15.56%,16.01%,,0.03%,0.14%,0.87,0.00,57.03,0.00%,0
3770,"RNGT",0.10%,0.30%,1.00%,1.40%,1.60%,,,,,0.04%,0.09%,30.36,0.00,10.14,0.00%,0
3771,"RNIN",-0.04%,5.59%,20.24%,32.33%,36.79%,39.05%,,,,0.82%,1.38%,14.05,0.00,37.79,0.00%,0
3772,"RNMN",-0.01%,0.18%,0.63%,1.60%,2.09%,-5.25%,2.72%,,,0.08%,0.02%,1.16,0.00,26.09,0.00%,0
3773,"RNR",4.57%,-0.75%,14.52%,11.07%,17.99%,35.63%,82.37%,110.76%,183.58%,1.67%,2.04%,334.81,0.00,331.73,0.00%,0
3774,"RNW",0.29%,11.99%,10.53%,23.10%,20.71%,-12.90%,8.95%,-25.79%,,0.24%,1.47%,2052.90,0.00,6.82,0.00%,0
3775,"ROAD",0.58%,9.44%,-5.23%,-16.06%,4.88%,-6.13%,240.05%,240.36%,,3.38%,4.50%,902.43,0.00,113.85,-0.61%,11
3776,"ROAM",0.75%,6.69%,-1.66%,7.26%,23.67%,33.07%,69.48%,45.27%,64.52%,0.35%,0.69%,23.07,0.00,36.03,0.00%,0
3777,"ROBT",-0.82%,9.07%,4.19%,14.14%,13.47%,17.10%,41.17%,7.71%,,0.92%,1.40%,48.50,0.00,58.86,0.00%,0
3778,"ROCQ",1.60%,6.27%,-3.52%,,12.54%,,,,,0.74%,0.96%,212.54,0.00,55.92,1.54%,1
3779,"ROCY",-0.46%,1.68%,0.94%,,10.33%,,,,,0.53%,0.64%,218.81,0.00,54.99,0.00%,0
3780,"RODM",1.02%,2.74%,2.62%,3.32%,14.56%,20.03%,64.25%,34.90%,73.18%,0.70%,0.74%,88.27,0.70,42.36,0.31%,3079
3781,"ROE",0.52%,4.08%,6.04%,15.88%,24.40%,32.11%,83.50%,,,0.50%,0.65%,23.34,0.00,43.88,0.00%,0
3782,"ROIV",-1.74%,8.60%,24.24%,28.23%,69.35%,210.39%,229.89%,270.09%,,2.36%,3.35%,5591.66,0.00,36.75,0.00%,0
3783,"ROKU",0.80%,8.98%,20.82%,69.44%,45.99%,64.67%,105.82%,-55.64%,,0.94%,1.17%,4274.94,0.00,158.38,-0.14%,219
3784,"ROM",3.18%,23.39%,-4.71%,62.87%,53.76%,77.02%,246.26%,156.86%,2441.63%,2.42%,3.42%,66.73,0.69,145.00,3.67%,2314
3785,"ROMA",2.44%,-8.32%,35.38%,250.00%,434.32%,256.92%,,,,6.91%,7.71%,37.81,0.00,9.03,0.00%,0
3786,"ROMO",0.15%,3.80%,3.16%,1.42%,9.61%,5.89%,36.76%,21.08%,,0.17%,0.17%,2.19,0.00,34.81,0.00%,0
3787,"RONB",0.21%,9.61%,0.38%,0.00%,-4.23%,,,,,1.63%,2.49%,717.95,0.00,23.95,0.00%,0
3788,"ROOT",2.68%,4.23%,12.29%,2.13%,-18.39%,-33.72%,451.45%,-48.83%,,3.44%,5.80%,263.15,0.01,58.95,1.31%,69
3789,"ROPE",0.26%,-0.36%,4.64%,4.96%,13.54%,16.66%,,,,0.25%,0.29%,9.20,0.00,30.70,0.00%,0
3790,"ROUS",0.31%,2.66%,3.71%,10.97%,18.54%,23.35%,65.79%,64.84%,180.94%,0.61%,0.78%,56.01,0.00,68.41,0.00%,0
3791,"RPAR",0.05%,4.03%,-1.70%,-4.21%,5.03%,11.01%,22.25%,-10.27%,,0.53%,0.62%,24.29,0.00,22.53,-0.83%,2
3792,"RPRX",1.83%,4.24%,13.23%,36.00%,59.65%,71.08%,104.20%,57.41%,,2.01%,2.37%,3396.31,0.00,61.69,-0.18%,21
3793,"RPV",0.52%,1.33%,8.56%,10.38%,18.77%,25.66%,63.01%,59.51%,132.06%,0.72%,0.89%,167.89,0.00,122.76,0.00%,0
3794,"RRBI",1.09%,-0.98%,10.87%,12.01%,41.40%,55.15%,108.68%,101.56%,,2.01%,2.29%,87.68,0.00,101.00,0.00%,0
3795,"RRC",1.06%,2.98%,4.29%,5.14%,16.56%,21.49%,31.69%,171.47%,3.66%,2.75%,2.64%,3028.94,0.00,41.10,-1.08%,1
3796,"RREV",0.10%,0.10%,0.30%,,0.10%,,,,,0.05%,0.09%,36.24,0.00,9.91,0.00%,0
3797,"RSDE",0.37%,1.32%,4.58%,6.45%,10.45%,12.89%,,,,0.66%,0.35%,31.94,0.00,24.10,0.00%,0
3798,"RSEE",0.00%,4.27%,0.24%,7.95%,15.25%,24.26%,66.50%,,,0.61%,0.68%,7.83,0.00,39.47,0.00%,0
3799,"RSG",0.52%,2.56%,8.06%,0.27%,4.84%,-5.19%,52.13%,80.55%,339.44%,1.27%,1.83%,1513.21,0.00,222.18,0.00%,0
3800,"RSIT",1.05%,3.87%,1.43%,,3.01%,,,,,1.21%,1.00%,49.71,0.00,21.25,0.00%,0
3801,"RSJN",0.24%,1.60%,4.79%,8.17%,11.59%,14.38%,,,,0.16%,0.28%,38.87,0.00,38.32,0.00%,0
3802,"RSMC",-0.16%,2.79%,3.48%,9.99%,14.69%,9.28%,,,,0.57%,0.65%,9.80,0.00,28.96,0.00%,0
3803,"RSMR",0.12%,1.38%,4.49%,7.60%,10.69%,13.79%,,,,0.04%,0.08%,2.45,0.00,24.30,0.00%,0
3804,"RSMV",0.02%,2.60%,-0.99%,4.21%,6.61%,13.17%,,,,0.31%,0.32%,7.78,0.00,29.19,0.00%,0
3805,"RSP",0.90%,3.03%,6.73%,8.57%,16.03%,17.70%,50.99%,41.97%,166.30%,0.60%,0.78%,8668.80,0.01,222.27,0.07%,5182
3806,"RSPC",0.96%,3.86%,-0.29%,-1.41%,-5.61%,-3.37%,36.89%,-2.00%,,0.99%,0.97%,14.61,0.00,37.60,0.00%,0
3807,"RSPD",-0.35%,-0.23%,4.23%,-1.93%,0.68%,-1.75%,31.13%,15.49%,93.90%,0.66%,0.97%,67.49,0.00,57.42,0.00%,0
3808,"RSPE",0.07%,2.46%,7.61%,11.97%,18.55%,23.69%,56.34%,,,0.38%,0.47%,8.65,0.00,35.32,0.00%,0
3809,"RSPF",1.58%,1.01%,13.84%,13.78%,9.16%,9.49%,65.73%,37.03%,174.19%,0.68%,0.77%,19.96,0.00,85.68,0.00%,0
3810,"RSPG",-1.35%,8.90%,8.26%,14.94%,40.92%,45.53%,47.60%,182.98%,93.10%,1.89%,1.77%,107.51,0.00,112.15,0.00%,0
3811,"RSPH",-0.50%,7.53%,23.02%,15.02%,18.81%,28.66%,31.25%,20.93%,142.04%,1.19%,1.23%,125.82,0.00,37.84,0.00%,0
3812,"RSPM",2.10%,2.41%,5.31%,2.79%,20.99%,22.32%,30.02%,21.57%,137.12%,1.07%,1.04%,23.40,0.00,41.23,0.00%,0
3813,"RSPT",0.27%,7.91%,3.34%,34.80%,40.61%,54.12%,123.27%,112.32%,520.42%,1.37%,1.82%,739.78,0.00,63.99,0.00%,0
3814,"RSSB",0.26%,3.89%,1.60%,4.80%,11.13%,15.19%,,,,0.56%,0.81%,70.01,0.00,31.25,0.00%,0
3815,"RSSE",0.18%,1.45%,4.98%,7.51%,11.28%,13.46%,,,,0.07%,0.10%,4.22,0.00,23.82,0.00%,0
3816,"RSSL",-0.99%,1.86%,2.98%,13.55%,21.19%,27.12%,,,,0.43%,0.55%,22.76,0.00,117.06,0.00%,0
3817,"RSST",-0.15%,1.86%,-0.27%,8.26%,17.92%,37.86%,,,,0.75%,1.04%,114.83,0.00,33.43,0.00%,0
3818,"RSSX",6.02%,21.20%,5.90%,4.60%,11.43%,27.60%,,,,1.15%,1.31%,18.86,0.00,28.36,0.00%,0
3819,"RSSY",-1.23%,2.36%,2.17%,23.47%,33.44%,33.10%,,,,0.56%,0.66%,24.88,0.00,25.62,0.00%,0
3820,"RTH",-1.35%,0.36%,0.73%,1.44%,6.12%,6.78%,53.25%,47.88%,233.20%,0.74%,0.91%,5.43,0.00,264.76,0.00%,0
3821,"RTX",-0.51%,-1.88%,18.02%,6.87%,15.16%,32.14%,149.39%,147.32%,233.70%,2.11%,1.97%,5125.43,0.01,211.21,-0.37%,1725
3822,"RTXG",-7.84%,-6.23%,37.94%,7.70%,20.48%,42.37%,,,,3.15%,3.08%,21.62,0.00,27.37,0.00%,0
3823,"RUNN",-0.44%,1.80%,8.15%,3.54%,5.43%,1.37%,34.19%,,,0.78%,1.38%,77.19,0.00,35.15,0.00%,0
3824,"RUSC",-0.84%,1.28%,3.61%,13.15%,23.33%,27.72%,,,,0.63%,0.73%,13.84,0.00,38.38,0.00%,0
3825,"RUSHA",0.51%,-5.05%,9.14%,8.16%,43.68%,32.09%,84.67%,157.42%,636.69%,2.76%,2.92%,515.20,0.45,77.50,0.69%,11702
3826,"RVER",-0.14%,10.85%,11.31%,23.71%,17.68%,14.22%,,,,0.73%,1.28%,7.87,0.00,36.35,0.00%,0
3827,"RVMD",5.08%,22.98%,43.89%,117.82%,179.35%,484.91%,571.39%,680.43%,,4.35%,4.00%,2532.51,0.10,222.50,3.28%,12065
3828,"RVT",-0.32%,3.30%,1.35%,1.74%,16.52%,16.81%,38.35%,1.63%,46.79%,1.11%,1.20%,324.92,0.00,18.76,0.00%,0
3829,"RW",-0.20%,0.55%,2.24%,1.77%,2.88%,0.73%,,,,0.64%,0.90%,1.65,0.00,25.54,0.00%,0
3830,"RWEM",3.65%,7.97%,-2.04%,5.58%,21.77%,33.90%,68.48%,,,6.79%,8.74%,11.88,0.00,36.30,0.00%,0
3831,"RWIN",0.14%,4.42%,7.84%,,6.96%,,,,,0.14%,0.11%,0.48,0.00,27.85,0.00%,0
3832,"RWJ",-0.33%,-1.13%,8.65%,16.63%,25.78%,29.06%,62.03%,58.47%,213.87%,0.87%,1.08%,86.34,0.00,61.28,0.00%,0
3833,"RWK",-0.38%,-0.96%,5.41%,10.15%,17.89%,19.20%,55.72%,64.91%,197.21%,0.75%,0.91%,18.69,0.00,149.08,0.00%,0
3834,"RWL",-0.05%,1.65%,6.37%,11.81%,17.57%,24.97%,69.12%,79.68%,221.37%,0.56%,0.71%,265.89,0.00,134.62,0.00%,0
3835,"RWLC",0.06%,3.83%,4.69%,15.29%,17.06%,21.17%,86.50%,,,0.47%,0.84%,7.17,0.00,38.87,0.00%,0
3836,"RWO",0.40%,-2.45%,1.79%,2.12%,12.39%,12.12%,25.30%,-4.99%,-0.04%,0.75%,0.97%,106.87,0.00,50.60,0.00%,0
3837,"RWX",1.16%,-0.25%,0.87%,-8.19%,-0.64%,-0.18%,12.36%,-25.64%,-34.19%,0.57%,0.81%,39.93,0.00,27.82,0.00%,0
3838,"RXI",-1.28%,2.43%,-1.22%,-3.20%,-2.78%,0.20%,32.85%,20.28%,122.77%,0.49%,0.65%,12.94,0.00,199.55,0.00%,0
3839,"RXL",-2.38%,6.99%,33.73%,17.11%,20.50%,50.78%,40.72%,18.18%,276.59%,2.30%,2.25%,13.18,0.00,62.43,0.00%,0
3840,"RY",2.25%,1.64%,11.09%,23.55%,23.07%,44.45%,135.82%,100.43%,237.65%,1.79%,1.60%,1578.75,0.01,209.83,1.26%,406
3841,"RYAM",0.12%,3.12%,-6.93%,-10.05%,45.84%,62.69%,158.73%,22.54%,-28.77%,4.00%,5.07%,973.03,0.00,8.59,2.14%,200
3842,"RYOJ",24.63%,29.01%,46.75%,119.03%,92.46%,166.82%,,,,17.36%,15.32%,338.76,0.03,5.87,0.17%,453
3843,"RYTM",-3.34%,3.54%,22.37%,12.83%,4.51%,10.54%,333.10%,816.22%,,3.90%,4.49%,762.78,0.00,111.87,0.00%,0
3844,"RZLT",15.88%,14.89%,65.14%,64.13%,128.81%,-25.00%,277.62%,-41.20%,-87.59%,8.62%,6.40%,1873.82,0.00,5.40,7.14%,226
3845,"RZV",-0.13%,-0.83%,7.92%,15.42%,26.38%,27.69%,62.21%,64.00%,143.98%,0.43%,0.74%,6.94,0.00,150.29,0.00%,0
3846,"SA",1.91%,36.60%,18.19%,-3.17%,23.54%,116.94%,219.54%,112.65%,230.22%,8.75%,5.31%,819.79,0.00,34.19,0.00%,0
3847,"SAC",0.20%,-0.20%,0.30%,1.40%,1.00%,,,,,0.16%,0.19%,11.58,0.00,10.11,0.00%,0
3848,"SAGP",-0.29%,3.02%,7.81%,4.54%,12.36%,15.58%,59.39%,,,0.44%,0.67%,3.46,0.00,38.07,0.00%,0
3849,"SAGU",1.11%,1.01%,1.72%,,0.00%,,,,,0.18%,0.07%,81.54,0.00,10.05,0.50%,10
3850,"SAIL",2.97%,19.95%,15.16%,32.64%,-5.78%,-6.43%,,,,4.54%,4.64%,4322.18,0.01,19.06,4.61%,1256
3851,"SAMM",0.49%,8.77%,0.99%,4.92%,10.03%,20.67%,,,,0.50%,0.69%,4.04,0.00,33.10,0.00%,0
3852,"SAN",2.95%,9.34%,17.88%,13.06%,24.72%,56.13%,284.98%,288.05%,275.16%,1.15%,1.53%,12503.34,0.00,14.63,-0.48%,1046
3853,"SAP",-2.06%,14.31%,21.17%,3.87%,-12.47%,-22.72%,54.67%,43.78%,145.02%,1.67%,2.48%,2971.42,0.29,212.61,0.44%,42973
3854,"SATA",0.32%,5.83%,3.87%,11.32%,12.84%,,,,,0.12%,0.63%,417.83,0.02,99.97,0.01%,385
3855,"SATL",-1.00%,58.53%,-46.73%,64.49%,180.60%,43.37%,240.73%,-46.62%,,6.34%,8.69%,7222.93,0.04,5.25,2.28%,13201
3856,"SATO",11.95%,17.96%,-4.07%,12.48%,2.73%,-13.98%,120.95%,,,0.70%,0.68%,3.24,0.00,18.23,0.00%,0
3857,"SAUG",-0.12%,0.43%,2.19%,6.55%,9.94%,14.19%,40.47%,,,0.32%,0.27%,8.97,0.00,28.05,0.00%,0
3858,"SAWG",0.57%,2.26%,1.89%,10.88%,10.20%,16.57%,,,,0.05%,0.30%,1.25,0.00,24.47,0.00%,0
3859,"SB",0.12%,9.37%,25.99%,26.76%,71.99%,92.34%,169.16%,97.85%,557.94%,3.76%,3.52%,855.49,0.01,8.29,0.12%,425
3860,"SBCF",-1.72%,0.13%,12.95%,3.78%,8.67%,9.47%,48.19%,5.22%,109.22%,1.73%,2.05%,996.18,0.00,34.14,-0.74%,8
3861,"SBFG",3.69%,3.49%,24.04%,30.75%,23.71%,31.82%,90.00%,61.61%,141.06%,3.05%,3.26%,38.51,0.00,27.55,0.00%,0
3862,"SBH",-0.90%,7.18%,25.04%,3.43%,16.27%,22.00%,70.05%,-11.19%,-39.02%,2.73%,4.29%,1438.39,0.00,16.58,0.00%,0
3863,"SBIO",-1.60%,9.67%,29.43%,33.37%,36.00%,99.16%,136.34%,53.81%,185.73%,2.12%,2.15%,41.07,0.00,69.66,0.00%,0
3864,"SBLK",-0.86%,8.80%,9.64%,19.10%,55.05%,56.76%,76.23%,25.53%,597.89%,3.57%,3.34%,1372.94,0.00,29.80,0.74%,159
3865,"SBMT",12.29%,36.10%,0.23%,,-17.58%,,,,,6.25%,5.69%,126.03,0.00,8.86,0.00%,0
3866,"SBND",0.27%,0.33%,-0.21%,-1.45%,-0.92%,-0.78%,5.12%,,,0.18%,0.27%,91.62,0.00,18.75,0.00%,0
3867,"SBR",1.55%,0.41%,-1.83%,3.06%,7.07%,2.37%,16.52%,92.50%,98.86%,1.98%,1.89%,36.24,0.00,73.42,0.00%,0
3868,"SBRA",2.29%,-5.62%,2.74%,2.19%,10.93%,9.48%,77.52%,43.73%,-8.93%,1.78%,2.41%,3119.41,0.00,21.01,0.00%,0
3869,"SBSW",0.18%,38.49%,-2.62%,-30.35%,-16.90%,50.65%,71.86%,-27.80%,11.81%,3.05%,3.09%,5327.66,0.13,11.84,-2.06%,33919
3870,"SBUX",3.23%,3.08%,6.55%,9.45%,27.48%,22.46%,12.43%,-6.75%,87.38%,2.66%,2.75%,7427.04,0.02,107.35,-1.05%,5954
3871,"SBXD",0.18%,0.09%,0.65%,1.73%,2.55%,3.73%,,,,0.66%,0.26%,40.76,0.00,10.85,0.00%,0
3872,"SBXE",0.10%,-0.98%,0.90%,1.51%,0.70%,,,,,0.16%,0.14%,97.38,0.00,10.07,0.00%,0
3873,"SCA",2.03%,19.09%,-1.12%,,-1.27%,,,,,0.74%,0.85%,0.62,0.00,25.01,0.00%,0
3874,"SCAP",-0.14%,2.06%,1.97%,3.48%,8.89%,10.83%,,,,0.64%,0.72%,2.19,0.00,39.30,0.00%,0
3875,"SCAU",-0.30%,,,,-0.19%,,,,,0.28%,,2.79,0.00,25.26,0.00%,0
3876,"SCCO",7.26%,22.93%,10.69%,1.00%,53.14%,128.37%,196.72%,266.38%,795.42%,4.49%,3.64%,1269.34,0.01,213.15,-0.28%,725
3877,"SCDL",,3.15%,11.42%,20.26%,55.72%,66.10%,96.23%,81.20%,,0.31%,0.50%,0.53,0.00,61.65,0.00%,0
3878,"SCDV",-0.40%,0.61%,2.57%,1.53%,15.90%,11.39%,,,,0.33%,0.74%,8.24,0.00,27.67,0.00%,0
3879,"SCEP",-0.09%,2.07%,-0.16%,1.27%,1.24%,,,,,0.86%,0.72%,31.62,0.00,25.10,0.00%,0
3880,"SCHA",-0.74%,3.43%,2.15%,12.99%,21.87%,27.66%,61.07%,36.72%,142.30%,0.91%,1.28%,2125.27,0.00,34.71,0.00%,0
3881,"SCHB",1.02%,5.50%,2.27%,11.84%,13.50%,19.09%,74.24%,64.00%,241.28%,0.53%,0.80%,8010.34,0.00,29.77,0.55%,205
3882,"SCHC",1.20%,8.94%,1.38%,0.29%,13.22%,16.52%,55.18%,19.63%,69.91%,0.56%,0.76%,335.61,0.00,51.55,0.00%,79
3883,"SCHD",0.11%,3.07%,6.86%,10.66%,27.12%,25.11%,42.64%,34.56%,146.25%,0.71%,0.96%,21793.27,0.20,34.87,-0.51%,223352
3884,"SCHE",1.12%,4.92%,1.50%,3.14%,13.28%,17.03%,52.17%,21.04%,64.01%,0.59%,0.80%,3160.88,0.00,37.10,0.00%,0
3885,"SCHF",1.25%,6.85%,3.08%,5.55%,18.85%,25.59%,65.21%,42.75%,101.39%,0.57%,0.82%,7506.92,0.00,28.57,0.47%,18
3886,"SCHG",1.33%,7.00%,1.65%,14.88%,9.04%,16.01%,91.82%,83.13%,414.35%,0.74%,1.03%,7846.57,0.01,35.57,0.73%,5347
3887,"SCHI",2.10%,1.91%,0.03%,-2.30%,-1.24%,-0.93%,5.32%,-14.07%,,0.18%,0.24%,1847.52,0.00,22.69,1.69%,5
3888,"SCHJ",0.00%,0.12%,-0.53%,-1.84%,-1.41%,-1.41%,4.30%,-3.95%,,0.10%,0.25%,277.45,0.00,24.55,0.00%,0
3889,"SCHK",-0.43%,3.39%,2.35%,10.66%,12.65%,18.62%,74.24%,66.87%,,0.51%,0.77%,929.08,0.00,36.95,0.00%,0
3890,"SCHM",-0.58%,3.48%,2.50%,9.61%,19.82%,22.38%,54.75%,36.93%,148.64%,0.82%,1.14%,931.51,0.00,36.03,0.00%,0
3891,"SCHV",0.43%,3.52%,4.17%,8.41%,18.03%,21.52%,57.17%,47.94%,128.85%,0.56%,0.77%,3514.99,0.00,34.95,0.00%,1
3892,"SCHW",-1.22%,3.81%,27.07%,11.21%,8.55%,11.95%,86.50%,43.00%,250.40%,2.17%,1.79%,9908.69,0.00,108.45,-0.86%,850
3893,"SCHX",1.21%,5.67%,2.51%,11.97%,13.13%,18.78%,75.71%,67.29%,253.38%,0.52%,0.76%,10472.17,0.00,30.44,0.77%,35
3894,"SCHY",0.42%,0.93%,3.77%,-0.50%,12.61%,19.80%,44.62%,28.44%,,0.46%,0.52%,647.92,0.01,33.58,-0.03%,298
3895,"SCI",2.41%,-0.35%,11.92%,2.31%,9.50%,7.05%,35.03%,36.24%,219.78%,1.63%,2.37%,1375.13,0.00,85.38,0.00%,1
3896,"SCII",0.10%,0.30%,1.20%,1.60%,2.32%,,,,,0.02%,0.11%,22.00,0.00,10.13,0.00%,0
3897,"SCJ",0.91%,4.34%,3.13%,1.99%,18.51%,19.83%,58.28%,35.98%,76.72%,0.46%,0.81%,42.57,0.00,108.80,0.00%,0
3898,"SCJL",-0.38%,1.47%,,,1.30%,,,,,0.20%,0.13%,1.42,0.00,25.26,0.00%,0
3899,"SCJN",-0.35%,1.51%,,,2.50%,,,,,0.00%,0.04%,0.93,0.00,25.80,0.00%,0
3900,"SCLZ",-0.82%,2.42%,0.17%,4.33%,2.71%,5.29%,,,,0.02%,0.22%,1.08,0.00,56.22,0.00%,0
3901,"SCMY",-0.31%,1.31%,2.38%,,2.79%,,,,,0.00%,0.02%,2.84,0.00,25.93,0.00%,0
3902,"SCOP",-2.10%,8.88%,4.48%,1.17%,5.57%,68.75%,,,,3.12%,3.41%,68.53,0.00,12.14,0.00%,0
3903,"SCOW",-0.57%,4.76%,12.44%,17.31%,15.92%,,,,,0.17%,0.30%,1.23,0.00,23.48,0.00%,0
3904,"SCPQ",0.40%,0.50%,1.01%,1.41%,0.50%,,,,,0.02%,0.06%,20.20,0.00,10.05,0.00%,0
3905,"SCSC",9.24%,-1.92%,23.70%,52.35%,43.80%,28.92%,78.20%,59.21%,33.07%,7.21%,4.58%,248.38,0.00,56.17,0.00%,0
3906,"SCTX",-3.44%,72.66%,,,26.80%,,,,,18.42%,14.81%,270.96,0.02,31.70,0.00%,220
3907,"SCYB",0.46%,0.85%,-0.50%,-1.47%,-1.10%,-1.80%,3.94%,,,0.16%,0.21%,1169.92,0.00,26.13,0.11%,7
3908,"SCZ",1.27%,5.76%,1.16%,1.68%,12.33%,14.99%,50.44%,14.81%,73.69%,0.54%,0.71%,1483.14,0.00,87.09,0.00%,1
3909,"SCZM",-0.82%,53.41%,19.21%,-21.04%,0.21%,101.67%,1209.52%,749.12%,536.67%,5.27%,6.15%,511.23,0.01,9.68,0.52%,329
3910,"SDCI",-1.03%,4.10%,6.30%,23.05%,34.73%,32.86%,60.17%,70.79%,,0.93%,0.91%,254.49,0.00,29.68,0.00%,0
3911,"SDEM",1.77%,1.91%,2.63%,-0.61%,12.38%,19.34%,47.71%,-4.72%,-21.01%,0.48%,0.41%,3.51,0.00,33.70,0.00%,0
3912,"SDG",0.21%,5.97%,3.87%,6.59%,11.52%,15.02%,21.37%,-4.96%,86.41%,0.34%,0.48%,4.10,0.00,93.93,0.00%,0
3913,"SDHI",0.10%,0.38%,1.15%,2.14%,2.24%,3.65%,,,,0.04%,0.05%,68.62,0.00,10.51,0.00%,0
3914,"SDIV",-0.26%,-0.42%,-1.73%,-5.89%,2.73%,3.46%,14.32%,-37.85%,-60.91%,0.61%,0.67%,422.56,0.02,24.69,-0.74%,367
3915,"SDMF",0.70%,0.29%,0.40%,0.27%,2.36%,,,,,0.32%,0.49%,24.40,0.00,25.87,0.00%,0
3916,"SDOG",-0.13%,1.30%,8.98%,11.39%,22.62%,23.69%,49.86%,41.10%,78.76%,0.63%,0.86%,52.01,0.00,74.15,0.00%,0
3917,"SDSI",0.07%,0.26%,-0.18%,-1.10%,-0.63%,-0.57%,1.65%,,,0.18%,0.16%,34.86,0.00,51.26,0.00%,0
3918,"SDUR",0.07%,,,,0.56%,,,,,0.12%,,25.23,0.00,25.17,0.00%,0
3919,"SDVD",-1.85%,-0.93%,4.10%,0.56%,8.85%,8.05%,22.03%,,,0.78%,1.08%,206.43,0.00,23.36,0.00%,0
3920,"SDVY",0.82%,0.85%,6.12%,3.55%,14.90%,15.20%,52.67%,46.18%,,0.86%,0.99%,1011.43,0.00,44.03,0.00%,1
3921,"SDY",0.26%,0.47%,5.74%,2.22%,13.89%,11.69%,31.03%,27.12%,91.35%,0.70%,0.89%,218.99,0.00,158.49,0.00%,14
3922,"SE",0.46%,8.68%,28.11%,6.21%,-7.67%,-35.61%,225.63%,-63.31%,,3.39%,3.24%,4411.96,0.07,117.78,-1.12%,16229
3923,"SECT",-0.08%,3.09%,1.97%,11.45%,11.30%,19.38%,67.22%,71.00%,,0.76%,0.85%,101.05,0.00,71.82,0.00%,0
3924,"SEEM",1.46%,7.15%,-0.99%,6.91%,26.06%,36.45%,,,,0.62%,1.03%,57.80,0.00,39.24,0.00%,0
3925,"SEIC",3.19%,7.41%,23.53%,35.43%,35.06%,22.64%,80.66%,78.33%,140.93%,1.51%,1.67%,688.76,0.00,110.78,0.00%,0
3926,"SEIE",0.81%,4.15%,5.50%,3.87%,14.47%,23.36%,,,,0.54%,0.83%,131.80,0.00,37.24,0.00%,0
3927,"SEIM",-0.03%,4.10%,1.18%,11.28%,17.77%,24.51%,112.56%,,,0.86%,1.09%,106.56,0.00,54.33,0.00%,0
3928,"SEIQ",0.90%,2.49%,5.80%,9.18%,8.73%,11.79%,48.88%,,,0.60%,0.81%,61.06,0.00,42.33,0.00%,0
3929,"SEIS",0.33%,2.03%,3.87%,12.02%,18.75%,20.04%,,,,0.75%,0.99%,49.39,0.00,33.18,0.00%,0
3930,"SEIV",0.63%,2.92%,7.40%,18.09%,23.04%,35.31%,99.86%,,,0.69%,0.84%,138.64,0.00,51.06,0.00%,0
3931,"SELF",3.70%,10.22%,8.30%,11.53%,10.00%,6.45%,11.53%,7.47%,2.00%,5.41%,3.14%,22.47,0.00,5.61,0.00%,0
3932,"SELV",1.10%,2.78%,7.43%,6.11%,9.86%,13.36%,41.84%,,,0.58%,0.66%,17.18,0.00,35.50,0.00%,0
3933,"SEMG",0.07%,2.97%,3.95%,7.69%,0.88%,4.48%,,,,0.37%,0.66%,6.33,0.00,27.64,0.00%,0
3934,"SENEA",-0.22%,12.60%,29.75%,36.99%,73.36%,70.40%,284.66%,301.15%,525.33%,3.26%,4.03%,135.02,0.00,191.79,0.00%,0
3935,"SEPI",0.28%,2.97%,1.73%,9.27%,9.27%,,,,,0.51%,0.88%,49.55,0.00,28.75,0.00%,0
3936,"SEPM",0.12%,0.93%,1.67%,3.79%,4.52%,6.44%,,,,0.16%,0.13%,1.86,0.00,33.24,0.00%,0
3937,"SEPP",0.12%,1.47%,2.68%,7.07%,8.30%,13.16%,,,,0.11%,0.12%,3.59,0.00,33.15,0.00%,0
3938,"SEPT",0.12%,1.79%,2.97%,7.75%,9.12%,14.47%,,,,0.13%,0.10%,31.63,0.00,38.37,0.00%,0
3939,"SEPU",-0.46%,3.05%,1.57%,8.53%,9.45%,14.47%,,,,0.43%,0.57%,17.93,0.00,31.68,0.00%,0
3940,"SEPW",0.09%,0.91%,1.94%,5.16%,6.05%,9.59%,,,,0.16%,0.21%,8.73,0.00,33.85,0.00%,0
3941,"SEPZ",-0.29%,2.96%,1.66%,8.50%,9.65%,12.46%,42.52%,50.96%,,1.04%,0.74%,9.98,0.00,46.34,0.00%,0
3942,"SETM",4.85%,25.98%,-5.10%,-9.30%,20.93%,61.63%,104.02%,,,2.56%,2.55%,177.62,0.02,35.01,-1.46%,220
3943,"SEUS",0.40%,3.12%,,,4.23%,,,,,0.41%,0.72%,1141.80,0.00,26.21,0.00%,0
3944,"SF",-2.36%,-4.57%,14.36%,5.32%,-3.25%,4.44%,90.08%,76.28%,374.37%,2.50%,2.13%,1278.18,0.00,80.77,0.00%,0
3945,"SFBC",0.02%,7.60%,14.01%,11.50%,9.31%,-0.87%,26.97%,8.82%,98.05%,0.71%,2.15%,14.13,0.00,47.69,0.00%,0
3946,"SFEB",-0.41%,1.38%,3.13%,8.15%,12.93%,18.80%,,,,0.42%,0.35%,5.01,0.00,26.54,0.00%,0
3947,"SFGV",0.54%,2.33%,4.97%,5.35%,16.59%,20.14%,,,,0.30%,0.47%,13.31,0.00,36.83,0.00%,0
3948,"SFLO",-0.65%,5.13%,19.51%,31.29%,33.76%,37.04%,,,,0.95%,1.46%,107.47,0.00,39.44,0.00%,0
3949,"SFLR",-0.38%,1.62%,0.57%,4.86%,5.32%,10.47%,48.97%,,,0.57%,0.98%,226.99,0.00,38.82,0.00%,0
3950,"SFM",9.45%,11.65%,-2.11%,17.77%,8.99%,-39.82%,119.88%,253.69%,277.52%,3.82%,4.00%,2008.20,0.00,86.83,0.00%,0
3951,"SFTX",0.78%,7.87%,2.30%,7.37%,23.16%,,,,,0.83%,0.89%,260.37,0.01,31.60,0.38%,100
3952,"SFTY",-0.66%,3.10%,2.56%,10.22%,12.26%,19.39%,,,,0.50%,0.68%,247.11,0.00,31.59,0.00%,0
3953,"SFY",-0.64%,4.81%,1.61%,13.16%,14.44%,21.82%,94.41%,82.45%,,0.56%,0.83%,17.96,0.00,151.25,0.00%,0
3954,"SFYF",-0.34%,7.41%,-2.05%,16.01%,12.21%,23.85%,134.21%,60.59%,,1.97%,1.16%,3.76,0.00,62.69,0.00%,0
3955,"SFYI",-0.17%,6.99%,,,1.77%,,,,,0.25%,0.54%,2.96,0.00,25.07,0.00%,0
3956,"SGDJ",4.20%,35.66%,18.46%,-8.48%,20.87%,82.04%,269.10%,156.92%,141.89%,2.43%,2.84%,53.69,0.00,101.69,0.00%,0
3957,"SGDM",2.88%,39.69%,19.22%,-8.34%,22.94%,65.06%,251.11%,210.37%,244.61%,2.87%,2.91%,43.54,0.09,85.60,-0.05%,202
3958,"SGLC",-0.13%,4.79%,4.48%,15.59%,18.62%,27.68%,66.08%,,,0.45%,0.70%,12.00,0.00,45.52,0.00%,0
3959,"SGMT",9.53%,58.38%,53.37%,89.95%,88.34%,43.32%,-7.39%,,,5.22%,7.29%,1207.30,0.00,11.15,2.67%,123
3960,"SGOL",0.90%,12.98%,1.59%,-12.12%,5.92%,34.37%,137.50%,149.20%,238.28%,1.29%,1.26%,2407.50,0.05,43.51,-0.50%,5843
3961,"SGOV",0.07%,-0.02%,0.01%,0.04%,0.28%,-0.01%,0.08%,0.64%,,0.01%,0.01%,20358.08,0.42,100.66,0.01%,425268
3962,"SGP",-2.17%,23.22%,32.08%,-8.55%,11.00%,,,,,3.78%,5.63%,112.85,0.00,26.64,0.00%,0
3963,"SGRW",-0.55%,8.88%,14.67%,34.27%,29.77%,,,,,0.17%,0.60%,16.22,0.00,26.40,0.00%,0
3964,"SGVA",0.09%,0.31%,,,0.73%,,,,,0.04%,0.08%,54.97,0.00,100.75,0.00%,0
3965,"SGVT",0.06%,-0.00%,-0.00%,0.05%,0.24%,0.26%,,,,0.01%,0.02%,259.36,0.00,100.72,0.00%,0
3966,"SHC",2.29%,12.15%,24.83%,19.37%,11.45%,19.15%,22.34%,-20.28%,,2.42%,2.67%,2848.61,0.00,19.66,0.61%,102
3967,"SHDG",-0.75%,2.25%,2.40%,1.55%,3.07%,7.61%,39.49%,,,0.24%,0.34%,7.96,0.00,33.29,0.00%,0
3968,"SHE",0.12%,3.48%,2.58%,17.60%,20.45%,26.68%,81.64%,52.12%,178.47%,0.31%,0.49%,2.82,0.00,159.09,0.00%,0
3969,"SHEH",-1.65%,4.03%,7.21%,9.38%,22.38%,22.98%,,,,0.62%,0.88%,6.91,0.00,65.51,0.00%,0
3970,"SHEL",-2.88%,2.95%,8.49%,12.03%,23.78%,23.39%,49.03%,125.68%,83.00%,1.06%,1.34%,6415.37,0.12,90.95,-0.18%,39145
3971,"SHG",5.36%,11.02%,21.47%,9.45%,44.51%,64.09%,189.83%,132.66%,116.12%,1.16%,1.67%,250.78,0.00,77.50,0.00%,0
3972,"SHIP",0.83%,5.97%,14.60%,21.21%,84.51%,112.08%,237.47%,50.34%,-99.79%,3.79%,4.16%,261.52,0.00,17.03,0.00%,0
3973,"SHLD",-4.45%,3.46%,0.90%,-10.55%,2.05%,5.63%,,,,1.44%,1.57%,1386.06,0.00,66.12,0.00%,0
3974,"SHM",0.10%,0.34%,-0.06%,-1.34%,-0.44%,-0.95%,2.14%,-3.40%,-2.57%,0.16%,0.15%,234.87,0.00,47.78,0.00%,0
3975,"SHNY",2.97%,40.51%,-4.88%,-44.86%,-15.07%,52.35%,353.93%,,,3.99%,3.84%,802.18,0.67,11.10,-1.07%,26896
3976,"SHOP",1.58%,15.75%,29.97%,18.72%,-7.12%,6.88%,169.19%,-2.37%,3500.92%,3.06%,3.99%,9223.66,0.02,149.51,-0.52%,8630
3977,"SHOT",0.20%,0.20%,,,-0.61%,,,,,0.11%,,72.93,0.00,9.84,0.00%,0
3978,"SHPP",0.47%,4.00%,4.81%,9.74%,21.95%,27.35%,39.06%,,,0.00%,0.15%,0.11,0.00,35.87,0.00%,0
3979,"SHRY",1.05%,2.42%,9.53%,7.15%,14.72%,12.92%,50.06%,44.95%,,0.13%,0.19%,0.64,0.00,48.08,0.00%,0
3980,"SHV",0.06%,-0.01%,0.00%,-0.01%,0.18%,-0.07%,0.35%,0.28%,0.49%,0.01%,0.01%,2581.72,0.62,110.35,0.00%,79611
3981,"SHW",0.89%,1.78%,14.70%,-2.91%,8.01%,-4.74%,32.26%,15.56%,267.36%,1.93%,2.07%,2260.26,0.00,350.00,0.38%,55
3982,"SHY",0.04%,0.07%,-0.26%,-1.23%,-0.93%,-1.07%,1.71%,-4.56%,-2.82%,0.05%,0.07%,3356.60,0.00,82.05,0.00%,263
3983,"SHYG",0.19%,0.52%,-0.38%,-1.21%,-1.26%,-2.08%,2.44%,-7.43%,-10.03%,0.13%,0.15%,1360.55,0.00,42.33,0.00%,0
3984,"SI",-3.57%,-7.51%,49.83%,66.77%,56.85%,50.23%,,,,5.07%,6.89%,120.97,0.00,22.43,0.00%,0
3985,"SIFI",0.08%,0.27%,-0.27%,-1.64%,-0.82%,-1.78%,4.57%,,,0.00%,0.02%,0.16,0.00,43.51,0.00%,0
3986,"SIHY",0.22%,0.55%,-0.03%,-0.69%,-0.57%,-1.53%,5.18%,,,0.39%,0.37%,18.55,0.00,45.42,0.00%,0
3987,"SII",8.25%,31.76%,7.06%,-16.86%,39.91%,111.42%,325.86%,305.09%,609.84%,4.09%,4.80%,197.69,0.09,137.00,0.09%,856
3988,"SIL",3.38%,38.13%,10.74%,-13.61%,20.63%,80.07%,293.40%,150.62%,118.64%,3.27%,3.31%,1325.05,0.03,100.75,0.12%,1677
3989,"SILJ",2.12%,36.06%,6.67%,-18.06%,16.73%,84.68%,249.95%,139.61%,93.41%,3.55%,3.50%,4256.30,0.05,32.30,-0.15%,9583
3990,"SIMA",-0.18%,0.27%,1.57%,2.33%,3.59%,5.08%,,,,1.16%,0.84%,6.15,0.00,10.97,0.00%,0
3991,"SIND",2.53%,34.89%,,,57.50%,,,,,8.45%,10.07%,182.77,0.00,17.01,0.00%,0
3992,"SIO",0.26%,0.27%,-0.87%,-2.82%,-1.64%,-1.06%,5.90%,,,0.33%,0.31%,41.60,0.00,25.52,0.00%,0
3993,"SITM",5.21%,36.32%,-13.64%,58.35%,78.37%,163.87%,403.28%,206.12%,,4.67%,6.65%,535.29,0.00,630.00,5.53%,102
3994,"SIVR",0.00%,19.11%,-9.75%,-23.27%,-4.15%,76.65%,179.32%,178.84%,254.84%,2.24%,2.24%,1178.78,0.17,64.83,0.09%,9739
3995,"SIXA",0.08%,1.68%,4.35%,7.71%,16.82%,17.25%,68.23%,63.49%,,0.27%,0.50%,16.31,0.00,58.33,0.00%,0
3996,"SIXD",-0.17%,2.01%,1.77%,7.28%,8.72%,12.15%,,,,0.30%,0.47%,227.93,0.00,31.41,0.00%,0
3997,"SIXF",-0.02%,2.33%,3.61%,8.23%,9.94%,14.80%,,,,0.12%,0.29%,2.76,0.00,35.08,0.00%,0
3998,"SIXH",0.29%,0.83%,5.65%,4.35%,13.64%,13.91%,38.67%,43.78%,,0.32%,0.47%,14.76,0.00,44.64,0.00%,0
3999,"SIXJ",-0.08%,1.98%,2.94%,7.31%,8.53%,13.38%,49.78%,,,0.14%,0.23%,19.47,0.00,37.20,0.00%,0
4000,"SIXL",0.07%,-1.50%,5.59%,2.83%,11.09%,8.56%,26.59%,17.89%,,0.23%,0.28%,6.00,0.00,40.26,0.00%,0
4001,"SIXO",0.12%,1.01%,2.09%,3.40%,4.77%,8.00%,31.10%,,,0.11%,0.12%,12.62,0.00,36.38,0.00%,0
4002,"SIXP",0.10%,1.56%,2.64%,7.01%,9.10%,14.00%,,,,0.19%,0.10%,3.90,0.00,34.42,0.00%,0
4003,"SIXS",0.08%,-2.08%,8.49%,8.67%,16.35%,17.29%,37.46%,24.44%,,0.32%,0.48%,4.94,0.00,59.03,0.00%,0
4004,"SIXZ",-0.12%,1.76%,2.41%,7.24%,8.54%,11.16%,,,,0.20%,0.28%,161.15,0.00,32.14,0.00%,0
4005,"SIZE",0.02%,2.16%,5.87%,9.92%,14.48%,16.11%,52.79%,39.18%,164.15%,0.38%,0.52%,5.56,0.00,184.96,0.00%,0
4006,"SJCP",-0.04%,0.52%,-0.06%,-0.96%,0.04%,-0.38%,,,,0.17%,0.23%,3.80,0.00,25.17,0.00%,0
4007,"SJLD",0.06%,0.48%,-0.55%,-0.84%,0.18%,-0.43%,,,,0.04%,0.03%,0.19,0.00,25.33,0.00%,0
4008,"SK",1.03%,57.08%,,,-22.47%,,,,,6.53%,12.00%,878.18,0.18,23.47,8.45%,7778
4009,"SKE",1.73%,31.42%,20.43%,-4.64%,46.31%,118.50%,646.67%,209.94%,681.98%,3.56%,4.04%,787.28,0.00,34.72,0.00%,0
4010,"SKHA",1.42%,37.48%,,,25.36%,,,,,3.36%,8.66%,9.83,0.00,27.99,0.00%,0
4011,"SKHL",0.89%,54.97%,,,-30.97%,,,,,6.42%,12.07%,2716.60,0.22,9.05,7.61%,30018
4012,"SKHU",0.71%,54.74%,,,-23.81%,,,,,6.44%,12.14%,1852.87,0.09,18.46,8.08%,8615
4013,"SKHX",0.79%,54.02%,,,-22.95%,,,,,6.63%,12.19%,6131.30,0.39,14.00,7.78%,118612
4014,"SKHY",0.89%,29.77%,,,-3.22%,,,,,3.28%,6.01%,37900.40,0.31,164.53,4.12%,595763
4015,"SKM",4.72%,35.36%,9.02%,29.63%,95.42%,83.11%,103.04%,45.53%,84.45%,1.94%,2.77%,2676.11,0.00,40.12,0.80%,189
4016,"SKUU",1.03%,55.50%,,,-21.99%,,,,,6.56%,12.18%,9161.57,0.58,23.48,7.95%,265879
4017,"SKY",0.73%,12.81%,24.04%,-2.27%,7.23%,21.25%,43.53%,38.59%,723.03%,2.51%,3.70%,743.75,0.03,90.61,-0.63%,957
4018,"SKYH",3.38%,0.56%,19.18%,19.57%,19.18%,-0.74%,136.79%,6.05%,,2.49%,3.55%,176.61,0.00,10.69,0.00%,0
4019,"SKYU",-1.75%,32.46%,39.56%,95.06%,35.78%,51.09%,189.02%,4.86%,,1.38%,2.63%,3.89,0.00,49.91,0.00%,0
4020,"SKYY",0.29%,15.38%,18.41%,43.51%,22.90%,27.81%,108.25%,46.87%,375.91%,1.81%,2.33%,339.77,0.00,159.87,0.00%,2
4021,"SLAB",-0.04%,0.73%,0.35%,7.19%,67.43%,54.31%,67.20%,37.93%,280.51%,0.42%,0.50%,380.45,0.00,218.83,0.00%,0
4022,"SLDE",3.87%,9.11%,24.93%,19.81%,19.87%,80.73%,,,,3.61%,3.77%,1114.69,0.00,23.35,0.00%,0
4023,"SLG",1.84%,9.94%,30.47%,50.48%,28.99%,4.03%,67.52%,-16.56%,-48.24%,3.03%,3.22%,1079.99,0.00,59.17,0.83%,1
4024,"SLGL",1.07%,-4.38%,7.63%,-11.86%,88.49%,238.00%,205.50%,-16.65%,,5.13%,7.41%,44.98,0.00,79.43,0.00%,0
4025,"SLJY",3.17%,23.80%,0.86%,-22.22%,0.59%,27.90%,,,,3.17%,3.18%,42.89,0.00,32.87,0.00%,0
4026,"SLM",1.51%,2.14%,19.93%,22.73%,-3.03%,-17.25%,83.62%,38.18%,261.43%,2.16%,2.70%,2719.14,0.00,26.24,-2.02%,28
4027,"SLNG",3.01%,21.50%,49.81%,4.30%,27.91%,39.23%,14.57%,-12.08%,-74.02%,7.74%,8.71%,47.10,0.00,5.82,0.00%,0
4028,"SLQD",0.02%,0.12%,-0.38%,-1.39%,-0.97%,-1.01%,4.45%,-2.84%,-0.95%,0.07%,0.08%,223.89,0.00,50.21,0.00%,0
4029,"SLS",3.43%,37.23%,50.98%,181.71%,267.64%,621.88%,830.20%,48.71%,-99.89%,10.97%,8.65%,8648.02,0.01,13.86,0.95%,3914
4030,"SLSR",11.28%,18.88%,-9.20%,-13.37%,11.42%,65.67%,111.17%,-1.38%,,5.17%,4.51%,163.69,0.00,8.88,0.00%,0
4031,"SLV",-0.16%,18.92%,-9.94%,-23.48%,-4.43%,75.94%,177.06%,175.70%,247.42%,2.27%,2.27%,18115.78,0.51,61.56,-0.04%,463822
4032,"SLVP",3.23%,41.25%,14.64%,-10.54%,21.30%,98.95%,342.94%,199.06%,186.10%,3.45%,3.47%,305.09,0.24,41.57,1.37%,3656
4033,"SLVR",1.73%,36.42%,4.10%,-20.18%,15.05%,89.27%,,,,3.33%,3.46%,142.89,0.00,64.20,-0.12%,28
4034,"SLVY",2.30%,16.73%,,,11.56%,,,,,0.13%,0.16%,0.47,0.00,23.03,0.00%,0
4035,"SLX",1.78%,4.01%,-1.60%,6.81%,27.98%,53.31%,66.03%,75.33%,260.86%,1.28%,1.45%,45.33,0.00,108.60,0.00%,0
4036,"SLYG",2.49%,4.08%,7.76%,14.91%,25.52%,24.93%,55.30%,30.42%,158.83%,0.69%,1.00%,120.67,0.09,118.23,2.19%,523
4037,"SLYV",-0.53%,0.50%,4.86%,11.19%,20.96%,25.82%,45.29%,34.57%,115.99%,0.68%,0.95%,193.93,0.00,110.04,0.00%,0
4038,"SMAX",0.12%,1.06%,1.82%,4.05%,4.80%,6.80%,,,,0.10%,0.11%,7.18,0.00,28.25,0.00%,0
4039,"SMAY",-0.38%,1.23%,2.83%,7.63%,10.06%,14.61%,38.07%,,,0.24%,0.43%,12.05,0.00,28.58,0.00%,0
4040,"SMBK",0.06%,-4.58%,22.27%,23.28%,37.01%,37.34%,120.35%,106.02%,232.33%,2.27%,2.41%,118.20,0.00,50.68,0.00%,0
4041,"SMC",-1.65%,13.97%,19.16%,17.96%,27.51%,63.95%,145.99%,2.93%,-90.67%,2.81%,3.82%,58.81,0.00,34.02,0.00%,0
4042,"SMCC",2.56%,55.93%,,,44.91%,,,,,0.59%,4.09%,1.75,0.00,36.94,0.00%,0
4043,"SMCF",0.22%,-1.73%,6.84%,14.07%,22.25%,18.93%,,,,0.17%,0.31%,0.45,0.00,40.03,0.00%,0
4044,"SMCI",6.58%,51.36%,-5.81%,20.51%,32.90%,-13.09%,53.17%,988.72%,1720.31%,5.99%,6.58%,58835.93,0.16,38.90,4.04%,464544
4045,"SMCP",-0.14%,7.76%,10.15%,,7.74%,,,,,0.60%,0.60%,5.58,0.00,26.64,0.00%,0
4046,"SMFG",3.26%,1.52%,13.68%,10.95%,31.09%,53.48%,184.08%,265.13%,278.77%,1.01%,1.37%,1765.56,0.01,25.34,-0.31%,783
4047,"SMHD",2.25%,,,,1.37%,,,,,1.14%,,6.87,0.00,45.36,0.00%,0
4048,"SMIG",0.15%,-1.19%,3.60%,5.12%,14.86%,10.67%,39.81%,32.57%,,1.01%,0.95%,231.91,0.00,33.08,0.00%,0
4049,"SMIN",0.45%,3.37%,6.42%,7.54%,2.65%,-0.07%,25.56%,36.50%,120.83%,0.66%,0.71%,144.64,0.00,71.76,0.00%,1
4050,"SMJF",-1.02%,95.01%,130.61%,455.78%,119.68%,,,,,4.66%,6.23%,973.05,0.13,11.12,-1.89%,6184
4051,"SMLF",-0.81%,2.73%,4.65%,12.07%,19.00%,22.66%,67.78%,62.11%,183.43%,0.70%,0.95%,166.60,0.00,89.11,0.00%,0
4052,"SMLL",-0.52%,0.31%,7.67%,10.38%,10.26%,0.44%,,,,0.08%,0.41%,2.19,0.00,21.96,0.00%,0
4053,"SMLV",-0.07%,-1.20%,7.25%,11.71%,21.69%,20.52%,54.02%,40.86%,104.03%,0.37%,0.69%,3.07,0.00,159.57,0.00%,0
4054,"SMMD",0.19%,3.20%,3.01%,11.84%,22.10%,25.51%,61.92%,37.24%,,0.96%,1.00%,251.97,0.20,91.50,-0.08%,2575
4055,"SMMT",20.27%,16.80%,-14.13%,-5.38%,-14.52%,-39.73%,739.89%,80.77%,106.32%,6.58%,5.77%,5481.57,0.20,14.95,5.06%,54589
4056,"SMMU",0.22%,0.36%,-0.12%,-0.93%,-0.06%,-0.14%,2.19%,-2.10%,-0.14%,0.12%,0.11%,111.54,0.06,50.40,0.18%,308
4057,"SMMV",0.00%,0.64%,7.39%,4.81%,10.25%,11.23%,40.10%,26.18%,,0.34%,0.48%,8.42,0.00,47.77,0.00%,0
4058,"SMOM",-0.63%,4.13%,5.19%,11.16%,13.08%,,,,,0.48%,0.54%,6.51,0.00,29.18,0.00%,0
4059,"SMOT",-0.24%,1.26%,8.38%,10.66%,13.23%,12.27%,40.57%,,,0.59%,0.81%,24.44,0.00,40.99,0.00%,0
4060,"SMOX",-0.47%,0.65%,3.96%,9.20%,21.04%,,,,,1.21%,1.08%,43.52,0.00,30.44,0.00%,0
4061,"SMRF",3.26%,14.54%,-6.90%,-2.51%,2.24%,,,,,3.12%,3.37%,12.06,0.00,25.90,0.00%,0
4062,"SMRI",-0.41%,9.13%,19.95%,33.97%,33.53%,43.31%,,,,1.40%,1.20%,13.19,0.00,48.26,0.00%,0
4063,"SMRX",-1.31%,20.60%,,,-5.08%,,,,,6.23%,1.54%,0.40,0.00,23.60,0.00%,0
4064,"SMTC",15.12%,38.83%,-13.57%,58.87%,95.09%,147.31%,467.99%,104.32%,448.49%,7.56%,7.82%,3506.18,0.24,143.76,2.10%,42511
4065,"SMWB",8.50%,26.01%,134.11%,233.09%,20.96%,-3.10%,29.06%,-50.79%,,5.08%,5.21%,987.28,0.00,9.06,0.00%,0
4066,"SN",5.26%,18.99%,58.56%,49.31%,69.30%,57.49%,454.63%,,,2.21%,3.60%,1787.58,0.00,189.45,0.48%,195
4067,"SNAV",-0.59%,1.67%,1.82%,6.99%,11.67%,16.33%,49.35%,,,0.23%,0.33%,2.38,0.00,39.02,0.00%,0
4068,"SND",1.47%,17.19%,0.91%,-2.42%,26.12%,161.40%,203.37%,139.10%,,4.04%,5.38%,398.24,0.00,4.84,0.00%,0
4069,"SNOU",1.37%,27.92%,68.44%,163.08%,52.89%,49.98%,,,,7.51%,7.94%,172.98,0.08,63.77,5.16%,709
4070,"SNOV",0.15%,1.38%,3.28%,7.92%,11.33%,13.58%,,,,0.19%,0.28%,8.55,0.00,27.52,0.00%,0
4071,"SNOW",0.58%,14.22%,35.09%,86.72%,47.31%,61.26%,111.83%,8.54%,,4.14%,4.23%,6879.78,0.01,323.14,2.46%,4217
4072,"SNPD",0.23%,0.26%,7.95%,5.15%,16.62%,15.05%,26.61%,,,0.09%,0.31%,0.95,0.00,31.34,0.00%,0
4073,"SNPE",0.62%,6.86%,3.64%,11.81%,13.67%,21.87%,75.89%,78.97%,,0.49%,0.77%,284.42,0.00,70.99,0.28%,2
4074,"SNPG",-0.49%,5.93%,2.99%,14.30%,11.86%,19.42%,86.55%,,,0.23%,0.48%,1.41,0.00,59.64,0.00%,0
4075,"SNTH",-0.62%,2.94%,-0.53%,7.64%,8.57%,10.39%,,,,0.67%,1.95%,87.80,0.00,30.06,0.00%,0
4076,"SNX",2.30%,3.16%,4.19%,61.89%,70.76%,72.00%,157.93%,99.33%,384.84%,2.48%,2.89%,842.90,0.02,256.54,0.54%,898
4077,"SOBO",-0.61%,2.23%,3.01%,18.85%,38.97%,41.07%,,,,2.90%,2.35%,786.93,0.10,38.17,0.86%,4031
4078,"SOCA",0.15%,0.44%,0.93%,2.12%,2.94%,,,,,0.08%,0.05%,23.78,0.00,10.35,0.00%,0
4079,"SOEZ",17.61%,30.30%,14.76%,8.79%,-21.05%,,,,,2.22%,1.61%,13.92,0.00,16.73,0.00%,0
4080,"SOFA",3.91%,22.09%,21.30%,-24.03%,-34.92%,,,,,8.87%,8.21%,73.53,0.00,15.50,0.00%,0
4081,"SOFC",3.76%,22.00%,,,-4.97%,,,,,6.56%,2.80%,1.05,0.00,24.08,0.00%,0
4082,"SOFI",6.08%,24.65%,12.02%,-0.47%,-27.39%,-23.84%,129.31%,35.39%,,5.11%,4.55%,75290.23,0.04,19.01,0.90%,132895
4083,"SOGP",5.94%,10.83%,-3.15%,0.18%,22.60%,295.88%,127.21%,-64.69%,,5.23%,5.08%,18.43,0.44,13.20,-1.93%,401
4084,"SOHU",-0.91%,6.79%,1.94%,-16.16%,-9.46%,-11.50%,33.71%,-37.15%,-64.81%,3.99%,4.62%,52.81,0.00,14.16,0.00%,0
4085,"SOLC",17.58%,30.97%,17.15%,11.01%,-19.04%,,,,,1.56%,0.91%,2.29,0.00,19.48,0.00%,0
4086,"SOLV",4.24%,6.22%,20.61%,21.91%,15.51%,25.52%,,,,2.16%,2.98%,1547.17,0.00,91.53,0.00%,0
4087,"SONY",2.58%,3.94%,11.36%,7.07%,-5.52%,-10.91%,52.92%,20.11%,273.77%,1.10%,1.70%,5260.58,0.02,24.19,0.28%,4886
4088,"SOPH",3.02%,53.14%,67.91%,85.43%,82.66%,152.37%,255.42%,-55.53%,,5.31%,7.03%,370.21,0.00,8.53,0.00%,0
4089,"SOR",-0.25%,3.01%,3.40%,-4.79%,1.84%,5.05%,29.95%,15.53%,62.73%,1.40%,1.39%,10.43,0.00,46.60,0.00%,0
4090,"SORN",-0.60%,0.30%,0.71%,,1.11%,,,,,0.00%,0.00%,7.94,0.00,9.99,0.00%,0
4091,"SOUL",0.10%,0.58%,1.11%,1.95%,2.96%,3.52%,,,,0.12%,0.09%,38.48,0.00,10.45,0.00%,0
4092,"SOUN",1.29%,23.86%,-17.52%,-21.38%,-29.19%,-40.72%,204.31%,,,4.40%,6.12%,30547.10,0.05,7.06,0.71%,71034
4093,"SOVF",0.58%,3.18%,12.89%,13.86%,10.15%,3.93%,,,,0.60%,0.87%,10.63,0.00,32.14,0.00%,0
4094,"SPAI",-1.35%,38.27%,-5.18%,9.15%,23.32%,-25.76%,,,,6.48%,10.21%,302.69,0.01,5.13,0.00%,105
4095,"SPAM",-3.51%,6.48%,15.04%,48.37%,39.73%,34.47%,,,,1.14%,1.23%,2.64,0.00,42.82,0.00%,0
4096,"SPBC",1.27%,5.86%,3.17%,12.41%,11.64%,15.38%,104.02%,86.43%,,0.32%,0.67%,6.93,0.00,49.92,0.00%,0
4097,"SPBU",-0.35%,2.78%,1.32%,7.73%,9.03%,14.33%,,,,0.55%,1.05%,29.73,0.00,30.69,0.00%,0
4098,"SPBW",0.09%,1.42%,2.08%,5.40%,6.45%,9.91%,,,,0.40%,0.36%,17.67,0.00,29.19,0.00%,0
4099,"SPBX",-0.01%,1.83%,2.56%,6.62%,8.22%,12.21%,,,,2.14%,0.97%,23.48,0.00,29.74,0.00%,0
4100,"SPCT",-0.46%,-1.81%,1.12%,1.00%,9.18%,,,,,0.24%,0.37%,6.69,0.00,27.84,0.00%,0
4101,"SPCX",4.92%,24.91%,,,-6.27%,,,,,4.16%,7.15%,118357.61,0.14,140.59,0.69%,799722
4102,"SPD",-0.58%,3.41%,1.98%,8.07%,7.80%,10.22%,56.46%,34.22%,,0.52%,0.93%,7.70,0.00,42.32,0.00%,0
4103,"SPDF",-0.28%,3.55%,2.29%,,10.49%,,,,,0.77%,0.66%,16.46,0.00,28.13,0.00%,0
4104,"SPDG",0.01%,1.06%,1.04%,6.72%,15.50%,17.90%,,,,0.19%,0.38%,0.80,0.00,47.10,0.00%,0
4105,"SPDV",-3.20%,-2.23%,2.60%,4.81%,16.02%,16.09%,43.68%,32.83%,,0.50%,0.90%,10.31,0.00,40.20,-4.02%,1
4106,"SPDW",0.87%,5.62%,2.42%,4.43%,17.27%,24.53%,64.65%,40.57%,99.46%,0.55%,0.80%,2848.40,0.00,52.08,0.00%,0
4107,"SPE",0.82%,2.83%,-3.72%,-9.91%,-8.37%,-13.66%,19.43%,-10.28%,20.31%,1.24%,1.17%,32.97,0.00,13.46,0.00%,0
4108,"SPEG",0.34%,0.44%,1.22%,2.32%,2.93%,,,,,0.00%,0.06%,22.63,0.00,10.36,0.00%,0
4109,"SPEM",1.13%,5.11%,-0.04%,2.61%,12.45%,17.61%,54.69%,23.45%,77.09%,0.55%,0.74%,1999.06,0.00,52.64,0.00%,0
4110,"SPEU",0.60%,3.73%,3.22%,1.77%,10.01%,16.35%,53.51%,33.25%,89.02%,0.41%,0.51%,25.96,0.00,57.35,0.00%,0
4111,"SPGI",0.43%,3.42%,9.86%,4.88%,-12.20%,-16.55%,18.18%,4.69%,277.43%,1.97%,2.29%,2234.97,0.01,434.00,-0.57%,617
4112,"SPGM",0.07%,4.09%,1.93%,8.23%,14.37%,21.31%,70.18%,55.45%,167.84%,0.45%,0.68%,221.36,0.00,87.73,0.00%,0
4113,"SPGP",1.11%,2.11%,6.37%,9.81%,12.41%,13.43%,38.47%,38.23%,275.12%,0.55%,0.78%,80.18,0.00,127.99,0.05%,1
4114,"SPHB",2.85%,11.85%,1.82%,20.56%,28.75%,42.69%,106.16%,100.16%,365.82%,1.15%,1.70%,331.93,0.71,150.60,1.22%,11769
4115,"SPHD",-0.08%,-0.26%,6.37%,1.85%,11.00%,7.83%,30.68%,20.68%,36.34%,0.70%,1.03%,793.14,0.00,53.28,-0.06%,94
4116,"SPHR",0.75%,12.29%,17.68%,35.32%,65.54%,266.05%,365.13%,331.16%,,4.11%,5.33%,734.82,0.00,157.40,0.00%,3
4117,"SPHY",0.26%,0.56%,-0.43%,-1.60%,-1.27%,-1.97%,3.00%,-12.77%,-11.71%,0.19%,0.23%,5245.56,0.00,23.37,0.00%,0
4118,"SPIN",-0.25%,3.85%,3.20%,2.62%,2.81%,7.69%,,,,0.21%,0.20%,3.17,0.00,33.32,0.00%,0
4119,"SPLS",-0.11%,3.73%,2.39%,10.96%,11.08%,,,,,0.29%,0.35%,4.36,0.00,55.54,0.00%,0
4120,"SPMD",-0.50%,0.80%,2.99%,6.62%,15.96%,17.91%,48.37%,40.95%,146.28%,0.91%,1.00%,1516.32,0.00,67.15,0.00%,0
4121,"SPOT",2.60%,4.39%,5.86%,10.36%,-5.80%,-21.07%,298.63%,142.01%,,2.91%,4.34%,1858.87,0.01,547.00,-0.55%,492
4122,"SPPP",0.83%,12.78%,-2.14%,-20.98%,-13.00%,22.39%,32.58%,-12.17%,94.30%,1.85%,1.91%,602.89,0.00,14.65,0.00%,0
4123,"SPRE",0.75%,0.05%,1.75%,2.47%,10.01%,10.46%,13.45%,-13.01%,,0.96%,0.94%,71.27,0.00,21.54,1.08%,9
4124,"SPSB",0.03%,0.20%,-0.20%,-1.12%,-0.76%,-0.89%,2.15%,-4.13%,-2.57%,0.09%,0.09%,3683.32,0.00,29.97,0.00%,0
4125,"SPSK",0.45%,1.07%,-0.28%,-1.85%,-1.45%,-2.49%,2.24%,-10.14%,,0.28%,0.27%,309.80,0.00,17.99,0.33%,22
4126,"SPSM",-0.77%,0.32%,5.08%,12.10%,21.79%,24.31%,48.97%,33.92%,136.14%,0.75%,0.98%,1645.04,0.00,57.07,0.00%,0
4127,"SPTE",2.92%,13.00%,-0.25%,26.69%,36.34%,49.71%,,,,1.05%,1.70%,62.58,0.03,47.99,2.59%,79
4128,"SPTI",1.68%,1.62%,0.61%,-1.91%,-0.89%,-1.00%,2.78%,-12.38%,-6.49%,0.16%,0.18%,2212.71,0.00,28.58,1.53%,11
4129,"SPTM",-0.38%,3.17%,2.21%,10.32%,12.69%,18.77%,72.10%,69.01%,245.78%,0.49%,0.74%,465.32,0.00,92.97,0.00%,0
4130,"SPTX",14.00%,39.90%,54.24%,,32.57%,,,,,9.52%,7.11%,163.63,0.00,27.84,0.00%,0
4131,"SPUC",0.37%,3.76%,1.91%,7.68%,9.26%,13.97%,80.99%,67.48%,,0.58%,0.85%,84.87,0.00,49.80,0.00%,0
4132,"SPUS",0.79%,7.13%,1.19%,14.58%,15.27%,24.67%,85.59%,90.83%,,0.71%,0.97%,475.27,0.10,58.87,1.03%,2297
4133,"SPUT",-0.12%,2.30%,0.06%,4.72%,5.04%,7.77%,,,,0.18%,0.34%,2.33,0.00,28.66,0.00%,0
4134,"SPUU",-0.90%,6.25%,2.77%,18.97%,21.75%,33.98%,151.32%,118.91%,679.14%,0.77%,1.30%,20.64,0.00,224.15,0.00%,0
4135,"SPVM",0.11%,-0.52%,7.69%,8.26%,14.96%,21.29%,61.87%,56.02%,147.93%,0.64%,0.71%,15.30,0.00,77.92,0.00%,0
4136,"SPWO",3.20%,13.32%,1.93%,10.82%,27.02%,40.11%,,,,1.22%,1.55%,62.99,0.07,34.68,2.93%,213
4137,"SPXD",-0.31%,2.76%,6.61%,8.80%,16.02%,19.43%,,,,0.18%,0.13%,0.77,0.00,30.06,0.00%,0
4138,"SPXE",-0.25%,3.25%,1.84%,10.48%,11.54%,18.01%,75.58%,69.56%,265.80%,0.25%,0.36%,1.10,0.00,82.41,0.00%,0
4139,"SPXL",2.36%,15.96%,2.55%,30.13%,31.51%,49.04%,237.62%,136.00%,1131.17%,1.57%,2.32%,1868.05,0.31,290.12,1.21%,29145
4140,"SPXN",-0.58%,3.78%,0.64%,10.35%,13.10%,20.57%,75.71%,77.62%,269.27%,0.10%,0.26%,1.32,0.00,83.64,0.00%,0
4141,"SPXT",-0.14%,2.00%,3.45%,4.86%,8.33%,13.45%,54.20%,46.80%,152.97%,0.46%,0.76%,16.30,0.00,112.52,0.00%,0
4142,"SPXV",-0.24%,3.32%,0.89%,10.69%,12.16%,17.97%,80.88%,78.53%,269.73%,0.04%,0.24%,0.83,0.00,83.65,0.00%,0
4143,"SPXX",-0.31%,3.52%,4.83%,6.05%,5.88%,5.93%,25.58%,5.29%,35.65%,1.50%,1.28%,268.81,0.00,19.10,0.00%,0
4144,"SPY",0.86%,5.44%,1.93%,11.58%,12.79%,18.95%,74.82%,70.83%,253.97%,0.53%,0.78%,50661.48,0.08,769.15,0.40%,197288
4145,"SPYA",-0.38%,3.09%,1.64%,9.51%,9.27%,14.88%,,,,0.00%,0.00%,0.06,0.00,30.68,0.00%,0
4146,"SPYC",-0.64%,4.46%,2.03%,9.25%,9.04%,11.97%,62.56%,44.65%,,0.44%,1.07%,10.83,0.00,46.61,0.00%,0
4147,"SPYD",0.97%,0.77%,6.34%,5.96%,17.45%,13.11%,38.68%,25.46%,48.55%,0.69%,1.00%,1039.92,0.01,50.80,0.71%,405
4148,"SPYG",1.83%,9.02%,0.99%,16.74%,14.34%,21.89%,100.56%,80.85%,362.65%,0.76%,1.15%,2538.15,0.01,122.00,1.67%,1262
4149,"SPYH",-0.67%,1.29%,0.42%,1.94%,2.45%,5.17%,,,,0.26%,0.42%,14.07,0.00,56.45,0.00%,0
4150,"SPYI",0.71%,3.87%,-0.24%,2.68%,2.21%,4.25%,11.23%,,,0.35%,0.54%,2744.54,0.03,53.69,0.30%,4461
4151,"SPYM",0.85%,5.36%,1.91%,11.60%,12.86%,18.99%,75.54%,71.60%,258.12%,0.53%,0.77%,12433.97,0.05,90.54,0.41%,28352
4152,"SPYQ",-0.84%,6.13%,2.95%,17.18%,19.83%,31.47%,,,,0.48%,0.77%,7.68,0.00,194.03,0.00%,0
4153,"SPYU",2.81%,20.37%,-0.70%,30.56%,29.32%,44.53%,,,,2.04%,3.08%,717.71,0.05,35.46,1.60%,1681
4154,"SPYV",1.38%,3.07%,4.77%,7.80%,12.81%,17.42%,50.20%,57.47%,149.38%,0.55%,0.69%,2219.45,0.00,64.09,0.61%,59
4155,"SPYX",-0.32%,3.19%,2.18%,10.49%,11.73%,18.23%,75.27%,70.03%,261.05%,0.47%,0.71%,63.59,0.00,62.78,0.00%,0
4156,"SQBA",,,,,0.07%,,,,,,,0.71,0.00,30.65,0.00%,0
4157,"SQLT",-0.33%,1.69%,5.15%,,12.55%,,,,,0.08%,0.16%,0.36,0.00,29.16,0.00%,0
4158,"SQLV",-0.55%,0.75%,10.70%,18.01%,26.06%,26.10%,48.32%,43.15%,,0.47%,0.70%,5.15,0.00,54.44,0.00%,0
4159,"SQMX",-0.07%,1.31%,1.91%,2.80%,4.00%,7.35%,,,,0.20%,0.24%,8.84,0.00,34.70,0.00%,0
4160,"SQS",-1.30%,2.37%,-0.61%,,9.62%,,,,,0.42%,0.62%,15.51,0.00,28.01,0.00%,0
4161,"SR",0.17%,1.34%,-2.32%,-7.82%,1.16%,9.27%,42.16%,26.41%,28.00%,2.86%,2.31%,557.00,0.00,83.66,0.00%,0
4162,"SRCE",0.54%,-4.91%,16.92%,24.33%,37.89%,34.14%,95.09%,86.39%,147.47%,1.25%,1.67%,137.66,0.00,86.17,0.00%,0
4163,"SRHQ",0.61%,3.58%,14.22%,20.58%,26.46%,30.96%,72.06%,,,0.15%,0.28%,0.88,0.00,50.11,0.00%,0
4164,"SROI",0.32%,3.86%,2.12%,7.73%,13.32%,17.69%,51.40%,,,0.13%,0.16%,0.53,0.00,38.01,0.00%,0
4165,"SRRK",7.44%,20.99%,19.15%,32.38%,34.75%,72.20%,876.30%,47.92%,,4.78%,4.71%,1336.12,0.00,59.36,-1.13%,28
4166,"SRTA",0.67%,23.20%,-7.26%,35.44%,24.74%,31.00%,92.93%,-32.74%,,4.53%,4.95%,1136.51,0.00,6.00,-1.96%,2
4167,"SRVR",0.82%,4.48%,-8.35%,-4.12%,11.45%,1.69%,13.31%,-22.32%,,1.33%,1.46%,101.27,0.00,31.92,0.00%,2
4168,"SRZN",-1.25%,22.22%,-10.39%,-12.28%,4.91%,113.60%,167.46%,-80.61%,,6.14%,7.89%,198.75,0.00,23.71,0.00%,0
4169,"SSAC",-0.10%,0.30%,1.21%,,2.23%,,,,,0.12%,0.11%,116.30,0.00,10.07,0.00%,0
4170,"SSB",-0.68%,-0.23%,12.08%,3.80%,13.02%,6.32%,52.23%,54.28%,41.89%,1.44%,1.78%,824.10,0.00,106.36,0.00%,0
4171,"SSCP",-0.89%,2.73%,4.44%,,6.29%,,,,,0.70%,0.72%,5.33,0.00,26.20,0.00%,0
4172,"SSEA",-0.29%,0.00%,1.18%,1.98%,2.90%,,,,,0.04%,0.05%,19.28,0.00,10.30,0.00%,0
4173,"SSMR",7.25%,31.28%,,,22.27%,,,,,7.34%,6.93%,254.15,0.00,18.34,0.00%,0
4174,"SSNC",3.15%,8.17%,28.13%,12.14%,-3.10%,-5.34%,51.57%,11.11%,162.26%,1.55%,2.22%,2000.70,0.00,84.71,2.00%,25
4175,"SSO",1.61%,10.50%,2.33%,20.78%,22.12%,33.62%,149.93%,115.21%,695.05%,1.04%,1.54%,3179.02,0.12,70.73,0.81%,18766
4176,"SSPY",0.04%,2.22%,6.49%,9.01%,16.80%,19.00%,50.71%,49.33%,,0.16%,0.29%,1.04,0.00,101.50,0.00%,0
4177,"SSRM",3.23%,52.02%,26.10%,18.29%,73.45%,106.18%,162.21%,129.04%,195.42%,4.14%,4.46%,3163.02,0.00,38.02,-0.18%,159
4178,"SSS",4.65%,10.61%,7.83%,16.17%,5.68%,,,,,0.32%,0.39%,2.45,0.00,22.17,0.00%,0
4179,"SSUS",-0.34%,3.67%,1.78%,12.88%,15.22%,20.62%,60.39%,61.87%,,0.44%,0.65%,23.30,0.00,56.17,0.00%,0
4180,"SSXU",0.84%,4.95%,0.63%,-2.06%,6.65%,10.97%,37.38%,,,0.09%,0.31%,6.11,0.00,36.63,0.00%,0
4181,"STBQ",8.39%,12.41%,11.10%,8.00%,-5.42%,,,,,1.66%,1.20%,2.30,0.00,23.70,0.00%,0
4182,"STC",2.48%,0.61%,6.89%,1.11%,0.58%,-3.42%,58.98%,10.44%,50.87%,1.66%,2.11%,230.18,0.00,70.67,1.10%,1
4183,"STCE",8.22%,6.21%,-15.48%,12.91%,10.99%,14.17%,217.54%,,,4.18%,4.62%,130.79,0.00,66.55,0.00%,0
4184,"STDN",6.17%,87.86%,,,2.00%,,,,,10.29%,11.51%,1128.76,0.06,13.77,0.51%,3263
4185,"STE",-0.06%,2.79%,11.23%,-5.90%,-6.61%,-4.75%,4.58%,11.35%,237.57%,1.71%,2.34%,779.46,0.00,236.77,0.00%,0
4186,"STEN",-0.07%,2.89%,3.22%,9.21%,10.77%,,,,,0.11%,0.15%,3.94,0.00,28.30,0.00%,0
4187,"STEP",1.35%,15.12%,0.06%,6.69%,-21.89%,-19.99%,73.06%,8.25%,,3.28%,4.94%,1466.44,0.00,49.50,-0.56%,157
4188,"STEW",0.92%,0.48%,6.38%,4.48%,0.70%,2.13%,39.85%,34.32%,120.66%,1.04%,1.10%,80.98,0.00,18.67,0.00%,0
4189,"STK",1.58%,11.74%,-5.74%,26.99%,41.56%,68.12%,102.27%,106.16%,432.79%,2.50%,2.59%,68.51,0.00,52.08,0.00%,0
4190,"STLN",0.15%,37.32%,39.07%,119.80%,83.99%,89.31%,733.86%,-33.91%,,6.00%,6.80%,1845.15,0.00,6.55,-0.15%,50
4191,"STOK",0.18%,12.59%,5.21%,-6.79%,4.25%,70.83%,478.50%,27.96%,,5.17%,5.16%,839.89,0.00,33.09,0.00%,0
4192,"STOT",0.14%,0.03%,-0.34%,-1.18%,-0.78%,-1.10%,1.02%,-5.13%,-6.47%,0.09%,0.10%,62.73,0.00,46.91,0.00%,0
4193,"STOX",-0.90%,3.09%,2.76%,10.17%,12.42%,19.98%,,,,1.22%,1.28%,51.63,0.00,31.85,0.00%,0
4194,"STRC",2.30%,12.56%,2.11%,3.60%,6.84%,13.28%,,,,0.77%,1.33%,2622.69,0.07,97.44,0.29%,9075
4195,"STRZ",5.16%,11.13%,26.16%,207.65%,144.02%,114.66%,,,,5.82%,7.16%,170.16,0.00,28.55,0.00%,0
4196,"STT",5.50%,9.71%,22.54%,46.01%,49.70%,68.11%,185.91%,104.85%,179.61%,2.05%,2.15%,2158.21,0.00,193.13,-0.25%,306
4197,"STXD",0.07%,2.22%,5.77%,6.90%,9.56%,13.45%,48.50%,,,0.37%,0.46%,5.08,0.00,40.60,0.00%,0
4198,"STXE",2.75%,10.72%,-1.59%,13.28%,39.33%,58.91%,91.82%,,,0.65%,1.63%,10.84,0.00,50.05,0.00%,0
4199,"STXF",-0.28%,3.68%,2.44%,10.87%,12.40%,18.51%,76.15%,,,0.47%,0.72%,50.85,0.00,49.55,0.00%,0
4200,"STXG",-0.51%,4.11%,0.99%,11.36%,10.12%,16.50%,81.17%,,,0.40%,0.77%,6.35,0.00,56.04,0.00%,0
4201,"STXK",-0.68%,1.04%,4.79%,8.55%,16.47%,18.38%,48.58%,,,0.26%,0.69%,6.75,0.00,38.75,0.00%,0
4202,"STXV",0.06%,1.73%,6.62%,8.78%,19.00%,24.53%,58.44%,,,0.30%,0.56%,8.53,0.00,39.82,0.00%,0
4203,"SU",-3.33%,-0.18%,3.74%,18.34%,48.06%,60.12%,99.57%,241.91%,133.90%,2.21%,2.49%,4519.76,0.00,65.68,0.02%,32
4204,"SUB",0.06%,0.33%,-0.09%,-0.95%,-0.30%,-0.59%,2.71%,-1.37%,-0.13%,0.07%,0.09%,465.91,0.00,106.38,0.00%,1
4205,"SUMA",-0.10%,-0.10%,0.71%,,0.10%,,,,,1.15%,0.38%,41.08,0.00,9.91,0.00%,0
4206,"SUN",-2.33%,-1.83%,13.39%,21.96%,43.29%,44.95%,67.82%,102.43%,149.92%,2.26%,2.70%,432.98,0.00,75.10,0.00%,0
4207,"SUNC",-1.03%,0.34%,13.25%,30.66%,54.71%,,,,,1.98%,2.64%,461.44,0.00,76.24,0.00%,0
4208,"SUPL",0.63%,1.46%,3.33%,7.25%,20.44%,24.70%,23.37%,,,0.44%,0.39%,0.90,0.00,48.01,0.00%,0
4209,"SURE",-0.05%,1.29%,8.23%,14.67%,19.39%,24.27%,58.95%,58.24%,160.06%,0.19%,0.33%,0.53,0.00,152.13,0.00%,0
4210,"SUSA",-0.25%,3.46%,3.82%,11.90%,13.36%,20.09%,69.70%,57.47%,246.33%,0.49%,0.68%,38.46,0.00,157.96,0.00%,0
4211,"SUSL",1.12%,7.64%,3.82%,13.81%,13.91%,21.55%,77.51%,73.59%,,0.44%,0.66%,23.44,0.62,138.14,0.73%,729
4212,"SVAL",-0.61%,0.67%,8.29%,13.83%,26.30%,27.94%,59.21%,44.34%,,0.46%,0.73%,14.71,0.00,43.36,0.00%,0
4213,"SVCC",0.09%,0.24%,0.95%,2.50%,2.85%,3.80%,,,,0.08%,0.06%,10.35,0.00,10.66,0.00%,0
4214,"SVIV",0.20%,0.69%,1.69%,,1.39%,,,,,0.11%,0.17%,33.90,0.00,10.22,0.00%,0
4215,"SVM",2.87%,42.42%,4.70%,-5.57%,55.91%,177.85%,413.96%,196.20%,327.61%,4.72%,5.00%,3224.85,0.14,13.00,-0.51%,23003
4216,"SVXY",2.08%,12.56%,13.73%,16.73%,12.50%,27.25%,46.26%,116.70%,-12.81%,0.75%,1.23%,1458.06,0.02,62.30,0.24%,1648
4217,"SW",1.75%,-2.44%,24.27%,7.81%,28.16%,7.04%,29.26%,-12.95%,114.55%,2.94%,3.16%,5443.06,0.00,49.56,0.00%,0
4218,"SWAN",-0.50%,1.97%,-0.94%,1.32%,2.97%,6.44%,33.90%,-1.48%,,0.29%,0.72%,9.51,0.00,33.44,0.00%,0
4219,"SWIM",-1.13%,24.73%,29.10%,1.30%,10.39%,-14.72%,94.18%,-68.31%,,3.94%,4.76%,836.05,0.00,7.01,-1.54%,2
4220,"SWP",-0.54%,1.40%,0.06%,-0.99%,3.82%,8.66%,,,,0.38%,0.57%,8.38,0.00,28.84,0.00%,0
4221,"SWZ",0.67%,1.02%,-0.17%,-3.08%,-4.02%,-1.65%,7.96%,-11.56%,-15.52%,0.54%,0.67%,47.03,0.00,5.97,0.00%,0
4222,"SXQG",-0.31%,3.92%,4.88%,6.33%,2.10%,1.31%,40.10%,26.51%,,0.17%,0.38%,4.64,0.00,33.62,0.00%,0
4223,"SXT",2.81%,9.95%,16.27%,41.52%,45.78%,21.42%,127.92%,60.45%,87.39%,2.34%,2.62%,487.54,0.00,136.96,0.00%,0
4224,"SY",0.42%,22.45%,17.07%,-26.38%,-6.25%,-43.79%,96.88%,-57.97%,,5.85%,7.05%,391.08,0.00,2.40,0.00%,0
4225,"SYF",4.00%,6.42%,11.63%,7.84%,-4.37%,5.31%,150.49%,53.57%,197.02%,2.81%,2.32%,3658.57,0.00,79.78,0.00%,440
4226,"SYK",0.24%,-6.74%,6.78%,-14.91%,-6.54%,-16.44%,18.11%,20.14%,187.05%,2.82%,2.77%,2552.49,0.00,328.50,-0.35%,503
4227,"SYLD",0.60%,2.20%,9.59%,13.81%,24.73%,25.21%,40.28%,39.94%,195.29%,0.66%,0.85%,38.71,0.00,86.71,0.00%,0
4228,"SYY",0.53%,-2.13%,9.98%,-6.31%,13.31%,3.99%,19.70%,4.05%,60.21%,1.59%,2.03%,3352.60,0.00,83.50,0.28%,798
4229,"SYZ",-0.31%,0.66%,3.01%,11.80%,20.64%,,,,,0.65%,0.65%,3.11,0.00,30.51,0.00%,0
4230,"SZZL",0.05%,0.63%,1.21%,2.00%,2.90%,3.62%,,,,0.14%,0.12%,56.92,0.00,10.45,0.00%,0
4231,"T",1.91%,7.06%,3.01%,-6.66%,3.18%,-11.80%,81.64%,24.78%,-16.78%,1.51%,2.07%,62277.11,0.01,25.63,-0.93%,38240
4232,"TACH",-0.33%,0.48%,1.06%,1.85%,2.23%,3.35%,,,,0.02%,0.10%,109.30,0.00,10.48,0.00%,0
4233,"TACK",-0.15%,1.95%,4.91%,3.83%,9.58%,13.20%,41.07%,,,0.42%,0.54%,19.59,0.00,32.84,0.00%,0
4234,"TACN",0.62%,3.81%,5.22%,4.30%,15.28%,,,,,0.13%,0.28%,2.39,0.00,29.50,0.00%,0
4235,"TACO",0.29%,0.19%,-0.10%,2.84%,3.55%,1.84%,,,,0.16%,0.22%,72.01,0.00,10.50,0.00%,0
4236,"TACU",-0.18%,3.73%,3.13%,11.10%,12.92%,,,,,0.26%,0.34%,3.09,0.00,28.10,0.00%,0
4237,"TAK",-0.60%,4.05%,12.88%,-2.04%,16.93%,22.51%,19.70%,9.16%,-18.40%,0.94%,1.34%,3300.66,0.00,18.23,0.00%,0
4238,"TAL",-3.55%,11.97%,19.53%,6.37%,7.15%,7.44%,74.22%,137.60%,15.43%,3.52%,3.86%,4239.02,0.00,11.69,0.00%,0
4239,"TALK",,0.77%,0.96%,15.64%,44.63%,107.51%,224.07%,-0.19%,,0.27%,0.38%,1985.50,0.00,5.25,0.00%,0
4240,"TALV",0.08%,2.46%,6.82%,10.91%,17.14%,,,,,0.29%,0.40%,7.41,0.00,29.40,0.00%,0
4241,"TAOZ",-0.17%,4.12%,7.96%,,13.68%,,,,,0.07%,0.10%,1.25,0.00,92.26,0.00%,0
4242,"TAPR",0.14%,0.81%,1.35%,2.89%,3.12%,5.27%,,,,0.01%,0.04%,0.61,0.00,26.75,0.00%,0
4243,"TARK",5.06%,36.52%,13.81%,21.44%,6.89%,-19.58%,71.46%,,,3.02%,3.96%,17.09,0.00,51.89,0.00%,0
4244,"TARS",-3.80%,19.85%,17.63%,-2.75%,-13.72%,20.05%,306.50%,194.99%,,3.07%,4.52%,942.86,0.00,70.65,0.00%,0
4245,"TAVI",0.00%,-1.20%,0.61%,1.76%,2.59%,3.98%,,,,0.17%,1.05%,13.55,0.00,10.70,0.00%,0
4246,"TAWN",,,,,7.18%,,,,,,,0.60,0.00,26.14,0.00%,0
4247,"TAX",-0.14%,3.05%,3.82%,9.28%,11.45%,16.45%,,,,0.13%,0.16%,0.37,0.00,31.66,0.00%,0
4248,"TAXX",0.10%,0.13%,-0.26%,-0.90%,-0.28%,-0.06%,,,,0.06%,0.11%,58.52,0.00,50.58,0.00%,0
4249,"TAYD",4.00%,7.60%,13.23%,-29.38%,2.65%,16.77%,164.13%,409.86%,209.97%,5.07%,4.73%,40.33,0.00,60.01,0.00%,0
4250,"TBBB",0.79%,25.06%,38.10%,34.89%,49.48%,101.01%,,,,3.17%,4.25%,826.67,0.00,49.91,0.00%,0
4251,"TBCH",3.73%,-1.61%,0.79%,5.70%,-8.77%,-17.10%,19.85%,-53.25%,213.73%,3.78%,5.25%,326.12,0.00,12.80,0.00%,0
4252,"TBCVU",0.51%,,,,0.30%,,,,,0.21%,,1326.29,0.00,9.95,0.00%,0
4253,"TBF",-0.16%,1.21%,1.86%,7.11%,4.27%,2.03%,6.75%,54.48%,19.93%,0.58%,0.59%,171.46,0.00,25.15,0.00%,0
4254,"TBFC",0.10%,1.57%,0.02%,0.80%,3.02%,7.35%,,,,0.00%,0.07%,1.36,0.00,29.56,0.00%,0
4255,"TBFG",0.17%,2.92%,1.32%,4.68%,10.80%,16.55%,,,,0.08%,0.07%,1.62,0.00,33.15,0.00%,0
4256,"TBG",-0.43%,1.84%,6.16%,7.58%,17.76%,17.43%,,,,0.60%,0.80%,31.74,0.00,39.32,0.00%,0
4257,"TBLL",-0.13%,0.13%,0.12%,0.14%,0.04%,0.13%,0.28%,0.04%,,0.01%,0.02%,266.88,0.00,105.70,0.09%,1
4258,"TBLU",-0.27%,-0.20%,2.93%,-7.00%,1.96%,-5.07%,29.18%,7.60%,,0.27%,0.53%,2.07,0.00,51.80,0.00%,0
4259,"TBN",-2.94%,15.10%,8.20%,19.23%,35.73%,81.18%,,,,3.17%,3.59%,185.54,0.00,36.96,0.00%,0
4260,"TBPH",0.24%,0.83%,4.74%,-10.65%,-8.98%,23.41%,80.21%,106.93%,-39.57%,0.32%,0.27%,635.32,0.00,17.03,0.00%,0
4261,"TBT",-0.59%,1.99%,3.23%,13.32%,6.87%,3.09%,8.83%,113.49%,18.73%,1.09%,1.28%,378.19,0.00,37.34,0.00%,0
4262,"TBXU",-0.96%,29.49%,52.94%,22.59%,42.77%,,,,,1.90%,1.99%,3.16,0.00,44.35,0.00%,0
4263,"TCAF",0.54%,4.19%,5.09%,12.70%,11.90%,16.10%,67.92%,,,0.51%,0.76%,656.21,0.00,42.77,0.00%,0
4264,"TCBX",-1.14%,1.58%,15.44%,8.25%,16.65%,10.91%,131.78%,,,2.06%,2.10%,118.16,0.00,44.34,0.00%,0
4265,"TCHP",-0.61%,4.72%,-3.65%,5.25%,0.54%,5.56%,80.97%,51.25%,,0.76%,1.18%,243.81,0.00,50.13,0.00%,0
4266,"TCV",-0.78%,0.09%,6.39%,14.21%,28.48%,31.64%,,,,0.93%,1.02%,12.10,0.00,33.27,0.00%,0
4267,"TD",3.29%,3.16%,6.48%,22.18%,28.12%,58.51%,104.28%,82.67%,173.61%,1.68%,1.71%,2582.42,0.00,120.69,1.06%,497
4268,"TDAC",-0.23%,-0.18%,0.84%,2.75%,3.15%,4.74%,,,,0.30%,0.32%,122.19,0.00,10.82,0.00%,0
4269,"TDEC",1.08%,5.20%,3.08%,4.98%,12.21%,18.84%,,,,0.02%,0.19%,5.28,0.00,27.07,0.00%,0
4270,"TDF",-0.28%,2.84%,-2.86%,-6.29%,-3.46%,-2.77%,23.52%,-34.10%,30.11%,1.86%,2.14%,65.48,0.00,10.87,0.00%,0
4271,"TDI",1.13%,7.04%,3.92%,5.20%,22.39%,31.99%,,,,0.58%,0.91%,72.44,0.00,47.34,0.00%,0
4272,"TDIV",0.40%,5.66%,-1.99%,15.12%,18.41%,24.23%,99.24%,96.83%,296.99%,0.81%,1.27%,143.93,0.00,114.67,0.00%,0
4273,"TDSB",0.01%,2.58%,1.09%,0.09%,4.84%,10.70%,21.16%,-3.97%,,0.10%,0.16%,5.65,0.00,25.13,0.00%,0
4274,"TDSC",-0.60%,3.93%,3.12%,6.37%,13.39%,15.13%,31.56%,4.71%,,0.21%,0.32%,9.81,0.00,28.66,0.00%,0
4275,"TDV",0.87%,4.69%,0.21%,13.09%,18.22%,20.95%,57.41%,65.14%,,0.52%,0.88%,6.22,0.00,102.35,0.00%,0
4276,"TDVG",-0.30%,0.14%,4.81%,6.05%,11.50%,15.90%,51.25%,51.39%,,0.57%,0.67%,57.26,0.00,50.14,0.00%,0
4277,"TDVI",-0.22%,4.56%,-3.85%,10.48%,12.51%,15.57%,58.65%,,,0.90%,1.27%,120.18,0.00,31.21,0.00%,0
4278,"TDW",-6.15%,18.90%,18.27%,13.06%,75.83%,49.66%,45.28%,707.36%,-9.68%,3.04%,4.34%,724.63,0.00,88.81,0.00%,0
4279,"TDWD",0.20%,0.60%,1.00%,1.92%,2.54%,,,,,0.00%,0.04%,50.16,0.00,10.10,0.00%,0
4280,"TEC",-0.22%,6.61%,1.11%,19.39%,16.63%,27.88%,,,,0.10%,0.33%,0.51,0.00,32.90,0.00%,0
4281,"TECB",-0.47%,9.20%,6.00%,30.81%,23.03%,29.08%,100.54%,75.46%,,0.68%,1.01%,13.74,0.00,74.90,0.00%,0
4282,"TECK",7.32%,23.52%,7.43%,16.41%,48.26%,115.61%,79.06%,219.27%,364.32%,2.40%,2.74%,3212.24,0.01,71.00,-0.17%,893
4283,"TECL",5.72%,36.71%,-10.87%,93.56%,74.68%,110.36%,357.16%,225.09%,4668.03%,4.19%,5.75%,927.36,0.10,205.23,6.50%,4769
4284,"TECX",-2.89%,20.70%,18.21%,55.65%,72.44%,40.02%,98.51%,-49.87%,,6.04%,6.69%,186.39,0.00,35.97,0.00%,0
4285,"TEI",0.00%,2.71%,7.06%,-0.73%,5.74%,16.23%,40.99%,-7.65%,-34.03%,1.39%,1.26%,128.33,0.00,6.82,0.00%,0
4286,"TEM",2.30%,64.09%,32.93%,23.05%,15.46%,-6.90%,,,,9.69%,7.58%,6755.11,0.08,68.18,-0.44%,26939
4287,"TEMC",20.86%,128.69%,,,21.59%,,,,,12.03%,5.76%,0.99,0.00,26.98,0.00%,0
4288,"TEMX",2.33%,8.73%,0.10%,12.18%,25.94%,34.31%,,,,0.30%,0.21%,0.40,0.00,37.36,0.00%,0
4289,"TEN",-5.52%,2.57%,0.37%,21.56%,79.53%,86.43%,99.59%,476.59%,68.66%,2.70%,3.14%,259.27,0.00,40.25,0.00%,0
4290,"TEND",-0.07%,2.27%,2.65%,8.19%,9.47%,,,,,0.19%,0.23%,11.21,0.00,27.86,0.00%,0
4291,"TENJ",-0.14%,2.46%,3.46%,11.26%,10.45%,,,,,0.20%,0.26%,24.97,0.00,28.20,0.00%,0
4292,"TENM",0.07%,1.88%,2.62%,7.07%,8.69%,,,,,0.07%,0.13%,3.82,0.00,27.58,0.00%,0
4293,"TEO",2.29%,-0.36%,-2.23%,19.91%,16.29%,63.64%,158.06%,209.03%,14.83%,3.57%,3.77%,445.62,0.00,13.50,1.06%,2
4294,"TEQI",-0.09%,1.22%,5.59%,10.87%,16.61%,20.48%,54.06%,52.37%,,0.56%,0.75%,18.85,0.00,52.67,0.00%,0
4295,"TEVA",2.47%,8.67%,9.27%,11.70%,20.86%,108.98%,288.87%,303.42%,-26.83%,2.32%,2.83%,5797.06,0.01,37.72,-0.53%,2628
4296,"TEXN",-1.12%,5.54%,0.25%,9.89%,22.10%,25.36%,,,,0.28%,0.48%,2.51,0.00,33.08,0.00%,0
4297,"TEXU",-2.19%,15.49%,7.37%,21.40%,75.42%,,,,,0.90%,1.45%,2.05,0.00,42.07,0.00%,0
4298,"TEXX",-0.46%,4.90%,5.18%,9.16%,18.98%,,,,,0.42%,0.40%,1.02,0.00,30.47,0.00%,0
4299,"TFFI",0.10%,1.02%,1.83%,1.20%,1.55%,,,,,0.38%,0.68%,7.08,0.00,20.29,0.00%,0
4300,"TFGZ",-0.07%,5.56%,3.81%,,19.93%,,,,,0.09%,0.07%,0.84,0.00,36.53,0.00%,0
4301,"TFLO",0.06%,-0.04%,0.02%,0.04%,0.34%,0.06%,-0.14%,0.71%,0.96%,0.02%,0.02%,1445.31,0.00,50.63,0.02%,6
4302,"TFNS",1.23%,1.26%,13.62%,13.39%,8.75%,12.59%,,,,0.40%,0.62%,4.74,0.00,29.89,0.00%,0
4303,"TFPM",5.77%,22.68%,14.99%,-12.87%,5.99%,33.68%,160.62%,,,3.56%,3.09%,648.46,0.08,35.21,0.66%,2716
4304,"TFSL",3.09%,-0.93%,14.03%,24.93%,34.83%,26.77%,34.23%,-9.26%,-1.64%,1.72%,2.41%,919.88,0.00,18.04,0.67%,2
4305,"TGB",8.97%,34.16%,32.23%,11.47%,63.07%,189.34%,583.70%,449.40%,1855.09%,4.32%,5.28%,5637.68,0.00,9.23,0.00%,0
4306,"TGLB",1.28%,4.96%,5.91%,15.73%,16.72%,18.71%,,,,0.10%,0.51%,0.84,0.00,30.47,0.00%,0
4307,"TGRT",1.63%,7.28%,-0.70%,11.38%,5.54%,11.03%,82.95%,,,0.69%,1.10%,163.36,0.00,46.70,1.26%,1
4308,"TGRW",-0.66%,4.11%,-2.87%,6.93%,1.97%,7.03%,69.92%,40.28%,,0.39%,0.92%,19.71,0.00,46.92,0.00%,0
4309,"TGTX",8.90%,2.95%,41.83%,78.19%,84.70%,92.72%,425.38%,103.40%,768.45%,7.27%,4.89%,2447.35,0.02,55.06,0.05%,2358
4310,"THC",2.11%,4.40%,51.44%,15.67%,37.98%,52.29%,269.38%,272.74%,1080.84%,2.63%,2.93%,1251.05,0.00,274.19,0.00%,0
4311,"THEO",0.20%,,,,0.20%,,,,,0.12%,,665.50,0.00,9.87,0.00%,0
4312,"THEQ",-0.18%,2.23%,1.41%,6.22%,8.32%,12.00%,,,,0.13%,0.32%,5.00,0.00,30.31,0.00%,0
4313,"THFF",0.16%,-0.65%,14.52%,20.57%,31.08%,33.63%,119.76%,95.26%,101.76%,1.86%,2.12%,108.40,0.00,79.20,0.16%,5
4314,"THG",4.34%,1.90%,19.12%,29.70%,24.97%,31.93%,116.32%,64.11%,213.65%,1.96%,2.12%,328.47,0.00,228.41,0.00%,0
4315,"THIR",-0.41%,2.30%,-0.41%,3.79%,6.30%,13.11%,,,,0.36%,0.52%,42.48,0.00,34.25,0.00%,0
4316,"THLV",0.17%,-0.31%,0.96%,0.12%,10.84%,12.15%,32.23%,,,0.44%,0.47%,9.01,0.00,33.11,0.00%,0
4317,"THM",-5.65%,39.79%,6.37%,-17.59%,43.55%,97.78%,567.50%,214.04%,167.00%,5.20%,7.73%,1097.65,0.00,2.67,0.00%,0
4318,"THMZ",0.69%,5.06%,3.78%,7.48%,6.31%,12.59%,,,,0.02%,0.65%,1.66,0.00,34.75,0.00%,0
4319,"THNQ",0.93%,14.79%,2.97%,41.82%,43.03%,55.87%,162.84%,104.80%,,1.40%,2.01%,28.87,0.00,90.81,0.74%,3
4320,"THOR",0.36%,2.25%,,,6.88%,,,,,0.98%,1.18%,23.58,0.00,26.59,0.00%,0
4321,"THRO",-0.80%,3.64%,1.18%,12.62%,12.97%,18.53%,82.84%,,,0.57%,0.86%,1773.50,0.00,43.56,0.00%,0
4322,"THYP",14.28%,56.22%,36.11%,,92.40%,,,,,4.64%,4.34%,161.63,0.65,48.10,2.24%,5270
4323,"TIER",0.94%,5.48%,3.02%,5.59%,17.16%,25.80%,,,,0.28%,0.49%,9.82,0.00,33.10,0.00%,0
4324,"TIGO",6.33%,2.14%,14.76%,38.23%,76.23%,110.46%,556.74%,233.80%,136.82%,2.93%,3.88%,1737.81,0.00,96.20,0.04%,18
4325,"TIH",-0.02%,,,,0.39%,,,,,0.16%,,6.85,0.00,25.09,0.00%,0
4326,"TII",16.23%,47.39%,19.64%,-28.16%,-3.40%,106.16%,517.29%,653.87%,,6.81%,7.44%,1067.25,0.00,2.86,-1.06%,184
4327,"TIIV",0.90%,2.72%,4.55%,2.70%,14.17%,21.10%,,,,0.11%,0.08%,2.36,0.00,30.78,0.00%,0
4328,"TILC",0.70%,4.17%,,,3.47%,,,,,0.23%,0.36%,0.44,0.00,26.11,0.00%,0
4329,"TILE",-1.58%,12.34%,30.30%,21.74%,38.61%,43.76%,292.10%,178.42%,123.57%,2.86%,3.32%,516.16,0.00,38.70,0.00%,0
4330,"TILT",-0.22%,2.77%,3.85%,10.82%,14.18%,20.41%,69.59%,63.18%,214.23%,0.25%,0.48%,5.01,0.00,283.94,0.00%,0
4331,"TIME",-0.53%,2.73%,-1.67%,10.24%,8.30%,13.55%,32.15%,,,0.27%,0.37%,3.33,0.00,26.81,0.00%,0
4332,"TINS",0.57%,2.03%,2.14%,2.61%,14.31%,,,,,0.00%,0.00%,0.03,0.00,29.56,0.00%,0
4333,"TINT",-1.01%,5.19%,-4.58%,-1.29%,20.35%,22.45%,26.28%,,,0.14%,0.32%,0.59,0.00,40.14,0.00%,0
4334,"TIPT",0.82%,2.16%,6.34%,8.92%,0.93%,-20.41%,14.81%,85.27%,254.68%,2.30%,2.29%,254.97,0.00,18.44,0.00%,0
4335,"TISC",1.23%,4.85%,,,2.53%,,,,,0.04%,0.08%,35.18,0.00,24.19,0.00%,0
4336,"TISI",2.45%,30.52%,42.74%,56.32%,62.85%,17.28%,150.38%,-44.15%,-92.78%,4.73%,5.66%,15.14,0.00,23.01,0.00%,0
4337,"TJAN",0.09%,0.85%,1.60%,3.83%,4.24%,6.49%,,,,0.05%,0.07%,1.72,0.00,28.49,0.00%,0
4338,"TJUL",0.03%,0.79%,1.16%,2.62%,3.21%,5.14%,23.94%,,,0.10%,0.12%,15.92,0.00,30.54,0.00%,0
4339,"TJUN",1.19%,6.39%,-2.12%,-0.41%,2.72%,9.24%,,,,0.19%,0.26%,7.46,0.00,23.07,0.00%,0
4340,"TK",-6.99%,8.70%,2.17%,5.18%,46.65%,65.33%,158.94%,491.24%,160.89%,4.16%,4.00%,570.81,0.00,12.25,0.00%,0
4341,"TKNO",0.14%,41.85%,80.50%,219.47%,90.00%,57.99%,226.70%,-61.18%,,6.24%,8.75%,220.41,0.00,7.22,0.00%,0
4342,"TKNQ",7.18%,12.18%,8.90%,11.18%,1.45%,,,,,0.79%,0.49%,1.21,0.00,25.39,0.00%,0
4343,"TKNS",14.15%,23.26%,6.08%,,4.97%,,,,,0.00%,0.31%,0.45,0.00,26.61,0.00%,0
4344,"TKNZ",15.80%,26.10%,,,22.87%,,,,,2.43%,3.13%,6.47,0.00,30.41,0.00%,0
4345,"TLCI",0.42%,1.19%,7.78%,3.85%,7.56%,7.03%,,,,0.21%,0.30%,3.12,0.00,28.05,0.00%,0
4346,"TLG",0.02%,8.18%,0.84%,,12.49%,,,,,0.24%,1.03%,5.78,0.00,27.57,0.00%,0
4347,"TLIH",-0.70%,-0.70%,67.94%,26.89%,54.28%,-5.98%,,,,2.88%,4.20%,8.94,0.00,5.71,0.00%,0
4348,"TLTD",0.84%,5.15%,3.46%,2.21%,13.21%,20.97%,64.72%,42.81%,88.43%,0.34%,0.68%,6.67,0.00,104.98,0.00%,0
4349,"TLTE",1.75%,7.66%,-1.16%,3.42%,20.96%,27.26%,57.31%,26.52%,62.52%,0.22%,0.67%,4.54,0.00,77.24,0.00%,0
4350,"TM",-0.10%,-0.41%,0.10%,-20.85%,-10.29%,-2.39%,16.77%,10.44%,61.90%,1.03%,1.18%,479.15,0.01,192.04,0.10%,357
4351,"TMAR",1.52%,6.69%,2.29%,14.80%,16.86%,23.22%,,,,0.12%,0.32%,8.45,0.00,26.68,0.00%,0
4352,"TMC",27.46%,46.67%,-17.86%,-23.33%,-17.99%,-4.71%,298.43%,-49.25%,,9.76%,7.45%,5704.36,0.02,5.06,1.00%,6950
4353,"TMDV",-0.02%,-0.07%,8.80%,3.96%,14.64%,10.23%,16.69%,11.32%,,0.06%,0.01%,0.08,0.00,53.82,0.00%,0
4354,"TMDX",2.37%,19.23%,37.11%,-30.89%,-23.55%,-20.77%,48.78%,191.63%,,3.66%,4.94%,1003.27,0.01,93.00,0.85%,327
4355,"TMED",-1.26%,3.39%,16.83%,19.48%,21.78%,43.19%,,,,0.82%,1.00%,6.54,0.00,36.20,0.00%,0
4356,"TMFC",-0.56%,3.60%,0.91%,12.35%,9.53%,16.77%,95.74%,90.56%,,0.60%,0.91%,89.96,0.00,78.61,0.00%,0
4357,"TMFE",-0.30%,3.04%,3.50%,7.82%,5.93%,9.15%,66.59%,,,0.53%,0.75%,12.53,0.00,30.91,0.00%,0
4358,"TMFG",-0.18%,1.57%,2.57%,5.56%,5.00%,3.78%,41.47%,,,0.63%,1.39%,12.12,0.00,31.67,0.00%,0
4359,"TMFM",0.16%,4.93%,13.13%,7.19%,-0.32%,-9.94%,14.79%,,,1.79%,1.27%,9.37,0.00,23.37,0.00%,0
4360,"TMFS",-0.94%,2.29%,8.25%,2.99%,5.03%,2.28%,28.33%,-4.80%,,0.59%,1.05%,4.63,0.00,36.57,0.00%,0
4361,"TMFX",-0.98%,5.65%,12.43%,14.78%,14.64%,16.24%,60.92%,,,0.43%,0.81%,4.78,0.00,24.71,0.00%,0
4362,"TMGN",-1.33%,7.89%,,,-0.79%,,,,,1.09%,1.60%,33.67,0.00,24.16,0.00%,0
4363,"TMLP",1.06%,4.57%,5.93%,7.97%,21.44%,,,,,0.13%,0.34%,2.74,0.00,30.54,0.00%,0
4364,"TMP",0.43%,-1.91%,12.74%,21.33%,34.50%,37.54%,89.51%,20.99%,34.85%,1.63%,2.05%,94.43,0.30,97.54,0.00%,1414
4365,"TMQ",3.31%,28.42%,-15.92%,-16.11%,-12.99%,124.55%,682.88%,81.16%,581.82%,5.74%,4.99%,1732.54,0.01,3.75,0.81%,658
4366,"TMSL",-0.84%,1.07%,4.61%,10.82%,21.28%,25.84%,73.07%,,,0.82%,1.06%,419.71,0.00,43.54,0.00%,0
4367,"TMTS",0.00%,0.00%,0.70%,,1.21%,,,,,0.00%,0.04%,82.30,0.00,10.07,0.00%,0
4368,"TMV",-2.68%,-1.45%,7.71%,23.07%,11.25%,6.46%,14.55%,189.65%,0.52%,1.57%,1.75%,743.86,0.04,41.34,0.71%,1470
4369,"TMVE",-0.38%,-0.32%,3.66%,8.58%,18.87%,,,,,0.44%,0.53%,30.57,0.00,17.97,0.00%,0
4370,"TNA",0.63%,9.35%,3.05%,29.43%,58.19%,70.39%,121.05%,-21.66%,85.22%,2.23%,3.00%,5042.03,0.24,72.04,-0.40%,61265
4371,"TNGY",-0.76%,9.51%,10.06%,10.06%,22.23%,22.40%,,,,1.66%,1.64%,71.57,0.00,11.05,0.00%,0
4372,"TNK",-8.39%,8.36%,12.46%,12.73%,57.79%,77.64%,115.41%,710.59%,327.01%,3.94%,3.84%,381.77,0.00,83.20,0.00%,0
4373,"TNXT",-0.19%,6.26%,4.87%,17.76%,14.73%,,,,,0.10%,0.22%,1.92,0.00,28.56,0.00%,0
4374,"TOAK",0.07%,0.22%,0.89%,1.65%,2.15%,3.65%,,,,0.02%,0.05%,12.66,0.00,29.00,0.00%,0
4375,"TOAO",0.73%,4.39%,6.21%,,8.36%,,,,,0.02%,0.02%,0.02,0.00,27.44,0.00%,0
4376,"TOCT",0.02%,0.84%,0.96%,2.34%,2.90%,,,,,0.13%,0.15%,10.13,0.00,27.30,0.00%,0
4377,"TOGA",0.43%,4.57%,7.13%,8.63%,-7.36%,-8.05%,,,,0.41%,0.59%,6.16,0.00,31.75,0.00%,0
4378,"TOK",-0.11%,3.35%,2.51%,8.80%,12.14%,18.49%,69.95%,57.59%,186.79%,0.17%,0.45%,3.46,0.00,154.93,0.00%,0
4379,"TOLZ",0.52%,-0.43%,-1.95%,-2.55%,10.31%,11.15%,38.30%,28.80%,46.95%,0.92%,0.69%,20.65,0.00,59.74,0.00%,0
4380,"TONT",0.08%,-0.01%,0.22%,1.29%,0.97%,3.42%,,,,0.07%,0.12%,219.15,0.00,10.86,0.00%,0
4381,"TOPC",-0.31%,3.21%,2.63%,10.27%,13.23%,19.01%,,,,0.28%,0.47%,9.20,0.00,35.09,0.00%,0
4382,"TOPT",-1.16%,2.60%,-2.67%,8.61%,6.28%,14.37%,,,,0.68%,1.08%,324.15,0.00,33.19,0.00%,0
4383,"TORO",3.53%,21.02%,19.15%,95.45%,94.49%,270.72%,169.50%,,,6.72%,6.36%,34.34,0.00,6.16,0.00%,0
4384,"TOS",0.76%,10.62%,0.53%,12.19%,18.90%,,,,,0.34%,0.45%,1.82,0.00,30.04,0.00%,0
4385,"TOST",5.10%,13.87%,48.72%,33.77%,4.53%,-15.37%,74.85%,,,2.55%,3.49%,11395.14,0.00,37.12,0.41%,544
4386,"TOT",-0.36%,3.32%,2.64%,11.14%,13.23%,,,,,0.23%,0.29%,1.10,0.00,24.17,0.00%,0
4387,"TOUS",0.53%,4.63%,5.46%,4.96%,15.91%,20.34%,65.44%,,,0.53%,0.67%,150.62,0.00,39.99,0.00%,0
4388,"TOV",-0.49%,3.57%,2.10%,10.88%,12.52%,18.90%,,,,0.24%,0.43%,9.29,0.00,32.27,0.00%,0
4389,"TOWN",0.67%,-2.86%,10.25%,9.18%,14.71%,3.77%,63.31%,27.22%,62.55%,1.17%,1.42%,647.62,0.00,37.53,0.00%,0
4390,"TP",10.00%,,,,11.57%,,,,,9.35%,,56.63,0.00,7.81,0.00%,0
4391,"TPAY",-0.37%,2.49%,-0.33%,5.45%,6.30%,,,,,0.15%,0.27%,0.80,0.00,54.11,0.00%,0
4392,"TPB",-0.23%,9.12%,-2.14%,-38.41%,-18.76%,-11.01%,259.43%,77.90%,572.21%,3.75%,4.49%,387.35,0.00,88.06,0.00%,0
4393,"TPC",-2.04%,7.94%,18.83%,2.78%,32.04%,50.01%,889.82%,524.93%,276.23%,3.04%,4.42%,721.42,0.00,88.49,0.00%,0
4394,"TPFC",0.31%,7.52%,12.95%,,13.55%,,,,,0.40%,0.25%,8.20,0.00,28.56,0.00%,0
4395,"TPG",-0.71%,20.66%,26.89%,18.17%,-17.29%,-14.09%,98.65%,,,2.85%,4.18%,2564.25,0.00,52.80,0.00%,0
4396,"TPHD",-0.11%,-0.59%,4.60%,2.42%,13.21%,11.51%,37.95%,41.81%,,0.70%,0.85%,22.21,0.00,43.62,0.00%,0
4397,"TPIF",0.72%,3.98%,3.25%,0.72%,12.34%,17.86%,59.38%,31.89%,,0.45%,0.62%,30.29,0.00,38.96,0.00%,0
4398,"TPLC",-0.07%,0.57%,4.94%,4.97%,12.77%,11.52%,44.30%,40.77%,,0.67%,0.71%,19.92,0.00,51.26,0.00%,0
4399,"TPSC",-0.58%,0.02%,5.90%,7.44%,16.40%,16.05%,50.26%,45.13%,,0.81%,0.87%,22.86,0.00,48.25,0.00%,0
4400,"TPUT",0.20%,0.10%,,,0.78%,,,,,0.25%,0.20%,9.22,0.00,25.25,0.00%,0
4401,"TPYP",0.44%,2.14%,2.30%,6.59%,23.25%,22.64%,73.38%,103.94%,91.71%,1.48%,1.28%,54.08,0.00,43.50,0.00%,0
4402,"TQQQ",3.04%,25.75%,-13.22%,45.09%,37.75%,59.53%,281.81%,100.19%,2742.50%,2.71%,3.99%,66057.71,0.58,72.62,3.05%,1925845
4403,"TR",0.15%,5.63%,9.31%,1.67%,16.16%,5.40%,39.49%,51.65%,47.03%,1.91%,2.24%,226.22,0.00,41.31,0.00%,0
4404,"TRAD",0.00%,1.01%,1.21%,,1.93%,,,,,0.12%,0.13%,3.75,0.00,10.04,0.00%,0
4405,"TRAX",5.47%,5.54%,179.33%,,120.95%,,,,,7.44%,7.60%,757.15,0.03,44.19,0.00%,1011
4406,"TRGP",-2.72%,11.09%,12.17%,27.16%,59.37%,78.02%,248.05%,551.23%,575.31%,3.06%,2.81%,1252.54,0.00,294.03,0.00%,1
4407,"TRIN",1.78%,5.84%,10.56%,22.34%,26.93%,16.00%,29.86%,21.29%,,1.52%,1.97%,1049.51,0.00,18.60,-0.72%,49
4408,"TRIO",-0.02%,1.82%,2.48%,6.05%,7.62%,12.03%,,,,0.14%,0.12%,0.95,0.00,65.93,0.00%,0
4409,"TRND",-0.26%,3.16%,1.42%,5.79%,10.75%,13.51%,29.84%,21.14%,,0.37%,0.49%,3.56,0.00,37.27,0.00%,0
4410,"TRON",17.65%,50.68%,9.45%,61.76%,77.42%,-55.56%,33.74%,,,14.07%,8.36%,873.87,0.07,2.20,2.33%,2878
4411,"TRPA",-0.08%,0.02%,0.04%,-0.02%,0.21%,-0.19%,2.04%,-4.77%,,0.31%,0.27%,16.04,0.00,38.99,0.00%,0
4412,"TRST",1.12%,-1.12%,12.46%,26.87%,38.23%,46.34%,102.30%,76.33%,59.58%,1.73%,2.15%,128.39,0.00,57.13,0.00%,0
4413,"TRSY",0.07%,0.03%,0.12%,0.22%,0.45%,0.20%,,,,0.04%,0.04%,36.29,0.00,30.21,0.00%,0
4414,"TRTY",0.18%,3.55%,2.58%,1.99%,11.52%,16.95%,29.32%,17.27%,,0.18%,0.47%,110.26,0.00,31.77,0.00%,0
4415,"TRU",1.15%,0.84%,19.28%,13.80%,-1.46%,-5.13%,6.98%,-28.50%,155.98%,2.30%,3.21%,2344.36,0.00,84.50,0.00%,0
4416,"TRUD",-1.39%,6.50%,-4.43%,3.40%,-0.22%,2.71%,,,,0.75%,1.01%,60.46,0.00,26.11,0.00%,0
4417,"TRUF",1.36%,1.16%,12.41%,,18.72%,,,,,0.00%,0.15%,0.43,0.00,30.37,0.00%,0
4418,"TRUH",-1.12%,3.78%,16.64%,,18.05%,,,,,0.60%,0.41%,1.03,0.00,30.28,0.00%,0
4419,"TRUM",2.84%,3.88%,,,6.01%,,,,,0.36%,0.30%,0.21,0.00,26.51,0.00%,0
4420,"TRUN",-2.01%,7.93%,,,12.96%,,,,,0.33%,0.35%,0.32,0.00,29.32,0.00%,0
4421,"TRUO",-1.07%,-1.91%,,,2.96%,,,,,0.14%,0.37%,0.63,0.00,25.80,0.00%,0
4422,"TRUR",0.30%,-1.88%,,,1.30%,,,,,0.07%,0.05%,0.12,0.00,25.50,0.00%,0
4423,"TRUT",-0.69%,5.76%,-0.67%,20.59%,18.17%,27.62%,,,,0.94%,1.41%,203.79,0.00,31.28,0.00%,0
4424,"TRV",1.51%,-4.89%,25.72%,20.82%,27.56%,35.92%,128.90%,128.27%,215.86%,1.54%,1.95%,1958.11,0.00,370.00,-0.31%,281
4425,"TRVG",21.81%,9.29%,59.69%,102.60%,105.40%,79.95%,129.58%,-10.45%,,7.72%,6.67%,116.00,0.01,5.96,4.32%,35
4426,"TRX",1.80%,56.74%,8.28%,-34.91%,29.34%,233.83%,196.29%,191.86%,33.83%,4.73%,6.81%,2193.07,0.03,1.19,-1.56%,3468
4427,"TSBK",-0.91%,2.00%,12.08%,16.79%,28.24%,37.58%,61.09%,58.13%,211.93%,2.25%,2.51%,38.07,0.01,45.91,-0.56%,11
4428,"TSEL",0.10%,6.62%,-1.72%,10.47%,1.04%,-1.44%,,,,0.53%,1.19%,37.16,0.00,28.66,0.00%,0
4429,"TSEP",0.47%,3.89%,3.31%,5.44%,12.39%,17.74%,,,,0.15%,0.17%,3.31,0.00,26.73,0.00%,0
4430,"TSES",-1.83%,4.05%,1.17%,5.98%,25.10%,,,,,0.52%,0.56%,1.78,0.00,31.20,0.00%,0
4431,"TSIB",-1.07%,,,,17.02%,,,,,0.28%,,0.44,0.00,28.33,0.00%,0
4432,"TSIC",-0.46%,-0.50%,0.68%,-4.40%,3.34%,,,,,0.05%,0.12%,0.56,0.00,25.67,0.00%,0
4433,"TSM",2.17%,13.44%,0.04%,12.79%,39.86%,77.61%,356.51%,258.69%,1383.97%,1.97%,2.61%,13424.21,0.23,425.01,1.75%,151198
4434,"TSNF",-0.55%,8.25%,-6.22%,22.62%,26.09%,,,,,0.34%,0.74%,2.95,0.00,31.08,0.00%,0
4435,"TSOL",17.67%,30.84%,15.86%,9.02%,-24.54%,,,,,1.72%,1.46%,10.71,0.00,9.42,0.00%,0
4436,"TSPA",-0.39%,3.16%,1.71%,10.48%,12.83%,19.07%,79.35%,81.96%,,0.52%,0.81%,511.06,0.00,48.27,0.00%,0
4437,"TSPX",-0.26%,2.74%,2.01%,8.76%,9.91%,13.57%,,,,0.00%,0.00%,18.65,0.00,30.46,0.00%,0
4438,"TSSD",-3.44%,4.02%,12.84%,20.34%,20.49%,,,,,0.74%,0.82%,2.45,0.00,29.70,0.00%,0
4439,"TTE",-4.79%,-0.23%,-0.71%,9.65%,32.30%,38.01%,38.59%,96.74%,85.20%,1.32%,1.39%,1600.87,0.00,86.55,-0.67%,393
4440,"TTEQ",3.52%,15.17%,-3.18%,31.76%,30.96%,39.00%,,,,1.12%,1.94%,134.80,1.26,42.59,3.45%,8479
4441,"TTOP",15.63%,24.23%,6.74%,12.60%,-12.38%,,,,,0.64%,0.22%,0.24,0.00,18.64,0.00%,0
4442,"TTRX",-1.93%,25.06%,82.04%,176.72%,144.42%,,,,,6.33%,8.39%,80.52,0.00,9.63,0.00%,0
4443,"TTT",-0.92%,2.68%,4.84%,19.85%,9.42%,4.08%,-1.16%,147.89%,-9.10%,1.13%,1.27%,4.87,0.00,73.24,0.00%,0
4444,"TTXU",-1.04%,10.29%,3.04%,83.52%,52.53%,,,,,1.35%,3.16%,14.08,0.00,32.61,0.00%,0
4445,"TUG",-0.43%,4.72%,-0.93%,16.69%,16.55%,23.49%,75.11%,,,0.13%,0.46%,5.99,0.00,46.24,0.00%,0
4446,"TUR",-0.17%,4.67%,6.29%,-1.48%,17.90%,12.82%,9.74%,73.79%,5.46%,0.49%,0.76%,133.16,0.00,40.58,0.00%,0
4447,"TURF",2.63%,11.10%,5.54%,3.43%,23.90%,35.64%,,,,1.29%,1.09%,100.80,0.00,35.94,0.00%,0
4448,"TUSB",-0.02%,0.11%,0.04%,-0.06%,0.43%,0.11%,,,,0.18%,0.17%,19.31,0.00,50.56,0.00%,0
4449,"TUSI",0.00%,0.00%,-0.04%,-0.28%,0.10%,-0.15%,1.43%,,,0.14%,0.18%,279.52,0.00,25.36,0.00%,0
4450,"TVA",0.05%,0.43%,0.33%,-0.61%,-0.99%,4.30%,,,,0.11%,0.36%,30.88,0.00,10.55,0.00%,0
4451,"TVAI",0.18%,0.28%,0.96%,2.05%,2.66%,3.47%,,,,0.06%,0.04%,68.11,0.00,10.39,0.00%,0
4452,"TVAL",0.12%,1.48%,6.34%,13.50%,22.91%,28.72%,71.88%,,,0.47%,0.67%,144.42,0.00,43.29,0.00%,0
4453,"TVTX",4.13%,20.81%,40.54%,125.84%,75.66%,284.86%,417.90%,212.04%,309.77%,2.90%,4.02%,1844.39,0.00,67.12,0.00%,45
4454,"TW",4.08%,3.11%,6.57%,-10.96%,-0.03%,-15.19%,26.04%,22.97%,,2.22%,2.78%,1692.08,0.00,107.51,0.00%,0
4455,"TWIN",-0.68%,1.77%,34.48%,31.10%,41.01%,89.07%,65.75%,87.26%,84.04%,7.14%,5.15%,129.40,0.00,23.52,0.00%,0
4456,"TWLO",5.04%,22.70%,25.12%,93.11%,62.38%,123.92%,289.04%,-36.06%,325.76%,3.74%,5.16%,2363.48,0.01,230.98,1.10%,1202
4457,"TWLV",0.78%,1.38%,1.79%,2.20%,2.62%,,,,,0.12%,0.07%,51.58,0.00,10.13,0.00%,0
4458,"TWN",3.67%,22.54%,-0.54%,56.85%,87.99%,123.13%,334.39%,314.68%,956.42%,2.15%,2.50%,46.33,0.00,100.35,0.00%,0
4459,"TWOX",-0.10%,3.69%,4.42%,4.31%,6.53%,13.40%,,,,0.08%,0.20%,6.27,0.00,29.98,0.00%,0
4460,"TWST",10.30%,75.93%,117.83%,208.70%,374.05%,453.03%,660.20%,34.75%,,7.18%,7.99%,1805.97,0.03,150.37,0.21%,2464
4461,"TX",2.09%,11.76%,10.99%,26.68%,44.36%,66.25%,37.55%,0.77%,166.72%,3.45%,3.18%,602.83,0.00,55.13,0.00%,0
4462,"TXBC",17.98%,27.48%,11.88%,9.07%,-18.81%,,,,,1.78%,1.02%,1.23,0.00,16.88,0.00%,0
4463,"TXNM",-0.10%,-0.88%,-3.26%,-3.20%,-2.28%,1.48%,30.77%,15.89%,80.43%,0.56%,0.49%,1383.70,0.00,57.54,0.00%,0
4464,"TXRH",0.47%,-0.44%,12.34%,12.16%,22.82%,16.69%,95.19%,120.39%,358.05%,2.04%,2.39%,984.23,0.00,203.88,0.00%,0
4465,"TXS",-0.72%,2.47%,5.46%,8.56%,18.09%,18.57%,72.66%,,,0.44%,0.46%,3.09,0.00,41.98,0.00%,0
4466,"TXUE",0.76%,3.74%,5.52%,4.62%,16.73%,21.26%,,,,1.60%,1.05%,42.38,0.00,36.60,0.00%,0
4467,"TXUG",0.95%,6.19%,5.58%,8.62%,14.55%,7.89%,,,,0.02%,0.08%,0.56,0.00,27.99,0.00%,0
4468,"TXXH",30.05%,123.15%,32.45%,,182.79%,,,,,7.52%,7.71%,18.68,6.17,69.00,5.52%,5760
4469,"TY",0.06%,2.03%,3.60%,8.47%,10.99%,8.81%,47.41%,34.43%,138.55%,1.55%,1.53%,33.07,0.00,35.70,0.00%,0
4470,"TYG",-2.85%,0.00%,-3.73%,-13.08%,5.94%,0.96%,44.72%,64.88%,-65.57%,1.16%,1.30%,169.47,0.00,43.33,0.00%,0
4471,"TYLD",0.00%,0.40%,0.38%,0.45%,0.93%,0.02%,,,,0.05%,0.05%,12.32,0.00,25.40,0.00%,0
4472,"TYLG",-0.81%,5.81%,-0.86%,15.20%,13.35%,21.05%,39.40%,,,0.32%,0.63%,3.84,0.00,41.17,0.00%,0
4473,"TYO",0.48%,1.11%,3.11%,13.12%,9.80%,8.57%,1.57%,74.76%,8.33%,0.63%,0.65%,30.53,0.00,14.57,0.00%,0
4474,"U",-4.25%,39.08%,48.83%,127.58%,0.88%,10.46%,28.34%,-63.92%,,3.33%,5.14%,9517.56,0.01,44.56,0.41%,4795
4475,"UAC",-0.10%,0.10%,0.51%,0.00%,0.40%,,,,,0.06%,0.15%,3.62,0.00,9.95,0.00%,0
4476,"UAE",-0.15%,2.52%,1.83%,-11.27%,2.09%,-1.16%,29.19%,32.25%,15.23%,0.67%,0.93%,294.15,0.00,19.52,0.00%,0
4477,"UAN",1.40%,2.99%,2.82%,24.34%,23.15%,39.36%,64.36%,116.67%,115.04%,2.13%,2.73%,45.82,0.00,126.23,0.00%,1
4478,"UAPR",0.09%,1.35%,2.02%,7.82%,8.91%,12.09%,37.17%,37.88%,,0.20%,0.28%,8.41,0.00,35.69,0.00%,0
4479,"UAUG",-0.19%,1.44%,2.72%,6.37%,7.52%,11.00%,47.49%,49.29%,,0.29%,0.33%,38.85,0.00,42.92,0.00%,0
4480,"UBCP",3.19%,2.26%,2.26%,7.65%,11.70%,10.54%,37.67%,10.55%,70.73%,2.46%,2.11%,8.26,0.00,15.85,0.00%,0
4481,"UBER",0.04%,10.37%,10.80%,5.05%,-3.83%,-17.57%,78.75%,93.12%,,3.02%,3.32%,20294.75,0.03,78.58,0.11%,32020
4482,"UBOT",6.48%,19.36%,-18.87%,-19.14%,-5.51%,4.90%,36.63%,-48.71%,,1.52%,2.05%,17.46,0.07,24.17,7.71%,63
4483,"UBR",8.30%,-2.43%,-4.02%,-22.64%,17.67%,48.29%,14.65%,-3.58%,-45.94%,1.91%,2.07%,2.44,0.00,31.02,0.00%,0
4484,"UBS",1.48%,4.23%,15.26%,30.51%,18.09%,36.17%,129.00%,242.03%,329.77%,1.18%,1.27%,1858.92,0.51,53.99,-0.97%,47207
4485,"UBSI",-0.50%,-3.16%,9.51%,10.20%,23.57%,23.25%,62.89%,31.88%,22.36%,1.36%,1.40%,974.30,0.00,47.45,0.00%,0
4486,"UCC",-2.29%,7.79%,-9.31%,-4.67%,-9.63%,-8.29%,49.93%,-7.53%,245.75%,0.47%,0.85%,3.79,0.00,47.18,0.00%,0
4487,"UCIB",0.88%,19.10%,6.69%,22.58%,31.56%,37.36%,47.31%,89.82%,172.47%,4.12%,2.39%,4.09,0.00,36.92,0.00%,0
4488,"UCOP",2.99%,7.47%,2.40%,,7.79%,,,,,0.86%,0.83%,2.45,0.00,43.20,0.00%,0
4489,"UCYB",-4.14%,8.05%,24.50%,104.32%,53.84%,44.33%,176.46%,65.32%,,4.11%,4.77%,6.66,0.00,80.94,0.00%,0
4490,"UDEC",0.01%,1.76%,2.35%,6.42%,7.30%,13.27%,41.49%,43.52%,,0.16%,0.24%,34.22,0.00,42.53,0.00%,0
4491,"UDI",-0.06%,0.57%,7.44%,8.42%,16.36%,20.87%,50.98%,,,0.18%,0.26%,1.05,0.00,37.53,0.00%,0
4492,"UDIV",-0.43%,3.46%,1.88%,12.21%,15.76%,21.76%,80.45%,72.66%,131.58%,0.37%,0.84%,15.32,0.00,61.53,0.00%,0
4493,"UDN",-0.27%,2.64%,0.63%,-0.44%,0.33%,0.80%,1.02%,-9.86%,-14.68%,0.17%,0.29%,87.85,0.00,18.30,0.00%,0
4494,"UDOW",3.61%,10.05%,13.77%,18.32%,26.77%,43.21%,150.95%,85.27%,673.40%,1.89%,2.26%,1808.19,0.16,73.42,-0.33%,14914
4495,"UEC",19.28%,47.12%,-1.85%,-13.52%,13.87%,28.25%,210.02%,458.82%,1216.83%,7.35%,5.37%,9565.14,0.02,13.30,1.29%,10344
4496,"UEVM",1.22%,2.00%,0.67%,-1.97%,9.21%,10.03%,44.57%,24.14%,,0.38%,0.33%,3.31,0.00,60.55,0.00%,0
4497,"UFCS",2.39%,2.45%,20.00%,41.38%,48.69%,73.68%,164.43%,100.41%,31.87%,2.71%,2.83%,153.00,0.00,54.05,0.00%,0
4498,"UFEB",0.10%,1.69%,2.14%,5.58%,7.03%,11.91%,41.35%,42.54%,,0.16%,0.23%,24.20,0.00,39.37,0.00%,0
4499,"UFPT",0.11%,19.40%,33.59%,41.22%,37.18%,41.94%,79.23%,342.43%,1144.67%,3.18%,3.77%,197.95,0.00,304.57,0.00%,3
4500,"UGA",-0.48%,3.25%,14.79%,70.85%,97.86%,92.51%,68.17%,241.27%,378.79%,1.87%,2.03%,42.01,0.00,122.14,0.00%,0
4501,"UGE",-0.52%,-2.36%,2.84%,-8.23%,18.78%,9.21%,23.62%,-14.07%,94.89%,1.60%,1.98%,53.19,0.00,19.86,0.00%,0
4502,"UGI",-0.26%,4.09%,9.30%,3.36%,2.73%,10.46%,69.31%,-16.25%,-14.52%,2.09%,2.75%,1799.09,0.00,38.45,0.00%,0
4503,"UGL",2.01%,26.94%,0.58%,-27.46%,0.92%,54.53%,293.06%,273.54%,403.65%,2.63%,2.55%,2419.98,0.99,56.03,-0.78%,120165
4504,"UGLD",3.33%,27.63%,0.22%,,2.25%,,,,,2.56%,2.45%,33.54,0.22,24.89,0.62%,371
4505,"UGP",-6.11%,-1.28%,15.38%,18.50%,63.13%,78.78%,63.56%,123.59%,-44.13%,2.66%,2.92%,3586.82,0.00,6.15,-4.65%,11
4506,"UHS",3.38%,6.27%,19.04%,-12.54%,-18.03%,-2.03%,36.16%,13.98%,49.61%,2.35%,3.09%,987.20,0.00,178.71,0.01%,21
4507,"UI",1.04%,11.61%,-2.15%,-21.00%,7.85%,11.52%,236.05%,98.58%,1041.98%,7.47%,4.56%,121.21,0.00,596.80,0.00%,0
4508,"UIVM",0.74%,4.84%,6.19%,4.84%,20.66%,27.65%,83.87%,57.33%,,0.28%,0.38%,2.42,0.00,77.86,0.00%,0
4509,"UJAN",-0.07%,1.51%,2.18%,5.68%,6.63%,11.20%,40.72%,47.73%,,0.19%,0.23%,48.01,0.00,46.13,0.00%,0
4510,"UJB",0.44%,1.85%,0.88%,-0.65%,0.36%,1.61%,27.32%,2.00%,28.53%,0.09%,0.08%,15.92,0.00,79.29,0.00%,0
4511,"UJUL",-0.16%,1.71%,2.13%,5.36%,6.63%,10.01%,44.14%,51.63%,,0.27%,0.39%,56.04,0.00,41.32,0.00%,0
4512,"UJUN",-0.19%,1.81%,1.33%,3.57%,4.60%,7.77%,37.23%,35.22%,,0.27%,0.38%,68.84,0.00,39.13,0.00%,0
4513,"UL",1.04%,-2.94%,12.33%,-12.58%,-2.05%,-4.35%,17.46%,7.73%,28.16%,1.32%,1.22%,4233.91,1.11,64.06,-1.39%,234811
4514,"ULE",-0.32%,4.75%,0.46%,-3.02%,-2.40%,-1.27%,13.32%,-10.55%,-20.16%,0.38%,0.52%,4.22,0.00,12.84,0.00%,0
4515,"ULTA",5.99%,7.46%,4.97%,-21.51%,-9.75%,2.28%,34.10%,41.00%,114.24%,2.79%,3.15%,724.10,0.04,546.00,0.52%,1510
4516,"ULVM",-0.18%,-0.22%,5.62%,9.94%,20.16%,24.74%,73.69%,63.06%,,0.54%,0.56%,2.82,0.00,109.79,0.00%,0
4517,"UMAC",-5.83%,41.75%,-17.35%,77.80%,92.04%,139.16%,,,,8.01%,11.17%,6093.43,0.03,24.47,2.41%,10248
4518,"UMAR",-0.01%,1.68%,2.10%,6.12%,7.59%,11.65%,42.95%,46.51%,,0.20%,0.29%,32.42,0.00,42.98,0.00%,0
4519,"UMAY",-0.12%,1.61%,1.71%,4.55%,5.51%,8.57%,38.21%,36.53%,,0.18%,0.26%,15.83,0.00,38.59,0.00%,0
4520,"UMCU",9.41%,,,,-2.41%,,,,,1.98%,,2.73,0.00,25.34,0.00%,0
4521,"UMI",0.21%,2.35%,4.19%,9.26%,25.61%,26.38%,78.79%,128.82%,,3.64%,1.96%,17.71,0.00,61.65,0.00%,0
4522,"UMMA",1.91%,10.41%,0.34%,10.65%,29.31%,44.34%,84.16%,,,1.12%,1.40%,52.35,0.06,38.29,1.82%,148
4523,"UNF",-0.30%,-4.45%,7.37%,23.73%,49.19%,62.35%,65.48%,25.77%,125.49%,1.82%,1.65%,188.47,0.11,287.79,-0.07%,1053
4524,"UNM",5.89%,10.09%,11.67%,24.72%,18.80%,32.40%,87.97%,239.99%,165.03%,1.90%,2.65%,1460.69,0.01,92.07,0.61%,633
4525,"UNOV",-0.00%,2.06%,2.54%,6.60%,7.84%,10.86%,33.21%,40.31%,,0.12%,0.20%,6.67,0.00,41.04,0.00%,0
4526,"UNP",2.27%,6.39%,16.43%,17.11%,34.39%,40.69%,38.67%,40.39%,226.81%,1.80%,1.88%,2908.38,0.00,310.86,0.08%,303
4527,"UNTY",-1.10%,-0.56%,3.93%,9.58%,13.03%,11.44%,139.69%,151.01%,411.58%,2.23%,2.00%,65.23,0.00,58.46,0.22%,6
4528,"UNX",-12.07%,85.66%,129.12%,361.22%,-46.16%,,,,,2.64%,5.71%,5.98,0.00,104.47,0.00%,0
4529,"UOCT",0.21%,1.63%,2.60%,6.66%,7.52%,10.59%,39.12%,50.76%,,0.17%,0.24%,7.91,0.00,41.98,0.00%,0
4530,"UPAR",1.21%,5.48%,-0.85%,-5.08%,7.55%,16.44%,28.40%,,,0.42%,0.40%,13.61,0.00,16.63,0.00%,0
4531,"UPGD",-0.60%,-0.48%,4.79%,6.89%,13.36%,13.03%,46.31%,41.06%,133.18%,0.30%,0.44%,1.75,0.00,83.88,0.00%,0
4532,"UPRO",2.40%,15.90%,2.47%,29.80%,31.17%,48.11%,235.79%,132.20%,1130.84%,1.57%,2.32%,2286.85,0.14,151.85,1.25%,16098
4533,"UPSC",-1.94%,15.63%,,,-17.59%,,,,,0.00%,2.05%,0.56,0.00,19.94,0.00%,0
4534,"UPSD",0.08%,4.37%,6.64%,8.24%,13.29%,18.43%,,,,0.48%,0.73%,12.74,0.00,30.34,0.00%,0
4535,"UPV",0.87%,7.14%,7.91%,2.61%,18.96%,32.81%,108.71%,51.13%,195.07%,0.39%,0.36%,0.78,0.00,107.05,0.00%,0
4536,"URA",10.26%,28.84%,-4.75%,-11.90%,13.13%,21.82%,105.53%,143.90%,248.02%,3.71%,3.30%,3422.03,0.11,48.34,0.60%,19404
4537,"URAA",13.22%,43.32%,-14.79%,-39.08%,-5.98%,1.58%,,,,7.18%,6.36%,70.23,0.00,29.38,0.00%,0
4538,"URAN",6.69%,14.68%,-3.54%,-16.74%,0.51%,5.88%,,,,1.72%,1.88%,8.87,0.00,41.74,0.00%,0
4539,"URBN",14.32%,10.15%,10.96%,20.78%,10.35%,6.46%,149.25%,140.45%,123.13%,4.04%,3.45%,1138.25,0.00,83.05,0.12%,118
4540,"URE",0.56%,-4.36%,1.34%,5.88%,21.16%,11.45%,32.99%,-25.29%,13.31%,0.28%,1.01%,3.88,0.00,71.33,0.00%,0
4541,"URG",15.57%,30.26%,-5.12%,-8.51%,10.58%,13.02%,21.03%,27.03%,184.65%,4.88%,4.89%,10175.32,0.01,1.54,1.12%,3695
4542,"URGN",-2.01%,13.37%,59.84%,116.51%,95.81%,134.69%,144.97%,169.91%,,4.26%,5.14%,810.66,0.06,45.86,-0.18%,2607
4543,"URNJ",11.86%,29.88%,-0.36%,-21.90%,10.40%,17.98%,46.88%,,,4.31%,3.77%,305.55,0.00,27.82,0.00%,0
4544,"URNM",12.80%,29.37%,-0.62%,-15.68%,11.08%,23.20%,61.55%,108.77%,,3.85%,3.30%,531.05,0.05,60.97,-0.10%,1432
4545,"UROY",1.19%,52.52%,19.10%,-4.29%,19.77%,38.11%,77.41%,74.49%,,4.70%,6.80%,2901.60,0.00,4.24,0.00%,0
4546,"URSP",-0.17%,3.36%,12.95%,15.85%,29.29%,,,,,1.38%,1.80%,55.78,0.00,52.84,0.00%,0
4547,"URTH",-0.12%,3.55%,2.48%,8.62%,12.48%,18.77%,70.30%,59.88%,188.78%,0.47%,0.69%,630.57,0.00,208.96,0.00%,0
4548,"URTY",1.06%,9.79%,3.24%,29.39%,58.22%,69.50%,119.17%,-23.19%,84.94%,2.21%,2.95%,676.77,0.09,84.14,-0.02%,2886
4549,"USAC",0.82%,4.56%,-6.62%,-1.81%,17.70%,12.98%,31.60%,82.78%,72.97%,2.02%,2.55%,259.81,0.00,27.07,0.00%,0
4550,"USAF",0.43%,2.75%,3.71%,1.49%,6.05%,6.73%,,,,0.06%,0.26%,2.84,0.00,28.43,0.00%,0
4551,"USAI",-0.69%,1.98%,3.08%,4.68%,23.51%,19.14%,71.30%,101.62%,,1.33%,1.11%,19.33,0.01,47.12,-1.65%,5
4552,"USAR",12.27%,46.98%,-31.86%,-4.57%,61.43%,22.43%,88.89%,,,8.32%,7.78%,13339.62,0.15,19.21,1.53%,102669
4553,"USAS",5.71%,51.64%,-8.42%,-41.33%,8.61%,131.25%,455.00%,122.00%,-35.45%,5.57%,5.95%,4331.38,0.02,5.55,-0.36%,4305
4554,"USAU",-1.99%,25.77%,3.64%,-16.54%,-16.28%,21.81%,324.28%,71.96%,-65.60%,5.01%,4.57%,249.35,0.01,16.25,0.00%,171
4555,"USCA",-0.28%,3.69%,2.79%,10.30%,8.56%,13.23%,66.55%,,,0.26%,0.43%,117.23,0.00,45.42,0.00%,0
4556,"USCB",-0.45%,-1.68%,20.25%,13.16%,20.90%,28.73%,101.36%,60.10%,,2.89%,2.86%,56.30,0.00,22.27,0.00%,0
4557,"USCI",-0.84%,4.39%,6.18%,22.98%,34.05%,37.43%,77.08%,160.62%,147.83%,0.74%,0.77%,17.41,0.00,104.04,0.00%,0
4558,"USCL",-0.33%,3.68%,2.80%,10.26%,8.56%,13.17%,66.65%,,,0.00%,0.07%,13.16,0.00,86.27,0.00%,0
4559,"USDX",-0.08%,0.33%,-0.08%,1.14%,1.04%,2.52%,,,,0.25%,0.45%,49.00,0.00,25.54,0.00%,0
4560,"USEP",0.07%,0.91%,2.14%,5.64%,6.66%,10.42%,42.91%,48.97%,,0.17%,0.20%,8.81,0.00,41.95,0.00%,0
4561,"USEW",0.08%,2.65%,4.52%,10.02%,12.38%,,,,,0.05%,0.10%,0.78,0.00,57.04,0.00%,0
4562,"USFD",0.87%,6.89%,31.64%,13.12%,44.00%,39.48%,173.06%,219.75%,338.05%,2.07%,2.63%,2597.46,0.00,108.46,0.00%,0
4563,"USFE",1.26%,7.01%,8.90%,6.35%,8.34%,,,,,0.12%,0.19%,0.93,0.00,37.94,0.00%,0
4564,"USG",-0.07%,9.62%,-1.02%,-14.61%,0.91%,-2.16%,40.54%,,,0.22%,0.49%,4.96,0.00,35.06,0.00%,0
4565,"USGO",3.04%,26.57%,-8.32%,-19.32%,7.48%,5.10%,1.61%,,,6.38%,5.95%,71.23,0.00,9.48,0.00%,0
4566,"USGX",-1.31%,8.70%,,,-6.39%,,,,,0.22%,0.09%,0.26,0.00,22.88,0.00%,0
4567,"USHY",0.43%,0.79%,-0.40%,-1.41%,-1.16%,-1.91%,5.30%,-11.22%,,0.17%,0.20%,10462.53,0.00,36.96,0.00%,64
4568,"USL",-2.25%,5.37%,-1.50%,34.92%,52.91%,42.26%,37.72%,107.43%,172.00%,1.18%,1.36%,16.32,0.00,50.95,0.00%,0
4569,"USLM",-1.13%,3.82%,5.52%,4.64%,-1.38%,-2.88%,177.19%,304.14%,885.90%,3.49%,3.30%,216.17,0.00,118.09,0.00%,0
4570,"USLN",0.20%,0.37%,-0.28%,,0.57%,,,,,0.00%,0.02%,0.13,0.00,50.74,0.00%,0
4571,"USLV",0.21%,39.74%,-24.54%,,-22.53%,,,,,4.57%,4.36%,114.49,0.16,18.09,0.78%,922
4572,"USLX",-0.61%,5.85%,,,0.92%,,,,,0.53%,1.06%,2.62,0.00,24.95,0.00%,0
4573,"USMC",-0.43%,2.87%,2.65%,12.91%,10.90%,16.69%,73.77%,82.57%,,0.48%,0.76%,85.17,0.00,75.91,0.00%,0
4574,"USML",,5.02%,8.29%,8.68%,12.68%,16.16%,66.28%,46.26%,,0.03%,0.16%,0.33,0.00,47.26,0.00%,0
4575,"USMV",0.86%,3.24%,5.41%,4.90%,7.84%,7.95%,36.61%,31.09%,121.03%,0.58%,0.71%,2125.01,0.00,101.54,-0.01%,2
4576,"USMX",-0.31%,3.41%,,,6.49%,,,,,0.19%,0.05%,0.21,0.00,26.57,0.00%,0
4577,"USNZ",-0.17%,3.54%,2.22%,11.94%,12.15%,18.85%,71.38%,,,0.10%,0.21%,2.33,0.00,48.55,0.00%,0
4578,"USO",-5.03%,-1.19%,-2.30%,60.17%,84.75%,71.09%,76.36%,165.36%,45.86%,2.22%,2.36%,6224.34,0.20,127.77,0.33%,61415
4579,"USPX",-0.31%,3.59%,2.18%,10.58%,12.03%,18.16%,74.04%,64.04%,150.36%,0.42%,0.65%,63.57,0.00,66.97,0.00%,0
4580,"USSE",-0.42%,5.39%,3.11%,15.22%,20.88%,26.02%,,,,0.66%,0.87%,28.32,0.00,40.62,0.00%,0
4581,"USSG",-0.44%,5.55%,3.71%,11.72%,13.21%,21.00%,75.87%,73.18%,,0.36%,0.62%,12.92,0.00,71.89,0.00%,0
4582,"USSX",-0.22%,2.55%,,,4.15%,,,,,0.04%,0.05%,0.29,0.00,25.67,0.00%,0
4583,"USTB",0.07%,0.18%,0.20%,-0.64%,-0.27%,-0.39%,3.20%,-1.86%,,0.05%,0.08%,292.10,0.00,50.52,0.00%,0
4584,"USVM",-0.49%,-0.61%,4.46%,10.55%,20.35%,24.09%,65.25%,55.39%,,0.47%,0.78%,42.47,0.00,109.89,0.00%,0
4585,"USX",-0.97%,5.83%,,,1.37%,,,,,0.00%,0.14%,0.39,0.00,25.04,0.00%,0
4586,"USXF",-0.17%,3.44%,1.43%,14.52%,18.18%,20.56%,89.97%,80.27%,,0.73%,1.09%,60.08,0.00,68.05,0.00%,0
4587,"UUU",-12.07%,81.77%,-18.05%,13.42%,9.91%,98.09%,195.40%,5.24%,117.26%,11.11%,10.87%,30.84,0.20,5.67,0.20%,316
4588,"UUUC",9.24%,80.34%,,,19.70%,,,,,6.62%,3.67%,0.67,0.00,30.88,0.00%,0
4589,"UUUU",14.75%,48.51%,-13.50%,-30.17%,9.70%,39.91%,133.87%,210.31%,602.64%,7.08%,6.42%,8667.03,0.08,15.95,1.59%,33062
4590,"UVE",3.62%,-1.04%,14.68%,33.82%,29.47%,81.86%,246.63%,228.03%,95.15%,2.89%,2.60%,212.92,0.00,43.76,0.00%,0
4591,"UWM",0.76%,6.58%,3.20%,21.71%,40.11%,48.55%,100.55%,14.06%,183.60%,1.42%,1.95%,285.70,0.47,65.88,-0.03%,6729
4592,"UX",7.14%,12.17%,5.06%,-2.25%,4.66%,14.25%,,,,2.06%,1.44%,4.98,0.00,31.12,0.00%,0
4593,"UXAP",-0.44%,3.54%,1.89%,12.24%,11.98%,19.99%,,,,0.00%,0.10%,1.52,0.00,43.97,0.00%,0
4594,"UXJA",-0.51%,3.62%,1.88%,11.23%,13.06%,20.42%,,,,0.18%,0.27%,1.99,0.00,38.93,0.00%,0
4595,"UXJL",-0.54%,3.28%,1.58%,11.27%,11.93%,19.90%,,,,0.11%,0.09%,0.76,0.00,37.16,0.00%,0
4596,"UXOC",-0.45%,3.70%,2.03%,11.35%,12.89%,19.88%,,,,0.18%,0.29%,1.25,0.00,40.14,0.00%,0
4597,"UYG",2.64%,1.76%,26.91%,23.51%,8.78%,11.55%,141.41%,73.57%,372.21%,1.77%,1.68%,18.11,0.00,99.83,0.00%,0
4598,"UYLD",0.08%,0.06%,-0.06%,-0.31%,0.04%,-0.30%,1.14%,,,0.13%,0.16%,181.10,0.00,51.17,0.00%,0
4599,"UYM",4.27%,4.26%,8.04%,-1.21%,33.09%,27.46%,44.57%,35.94%,187.89%,2.07%,1.88%,11.88,0.00,32.65,0.00%,0
4600,"UYSC",2.14%,1.95%,2.71%,6.70%,7.22%,8.70%,,,,0.00%,0.57%,1.16,0.00,10.99,0.00%,0
4601,"V",4.03%,3.18%,17.09%,20.14%,8.49%,8.60%,56.85%,63.51%,372.22%,1.62%,1.93%,8082.64,0.01,380.47,-0.89%,4588
4602,"VABK",-0.64%,0.96%,8.09%,17.00%,16.39%,11.14%,33.66%,24.51%,104.54%,0.81%,1.96%,7.50,0.00,46.38,0.00%,0
4603,"VABS",-0.41%,0.40%,0.25%,-0.70%,-0.31%,-1.33%,3.91%,-3.32%,,0.05%,0.08%,22.81,0.00,24.18,0.00%,0
4604,"VACI",0.11%,1.19%,-0.68%,2.71%,3.43%,,,,,0.18%,0.14%,211.67,0.00,10.24,0.00%,0
4605,"VALE",6.18%,5.40%,-6.70%,-10.80%,18.50%,54.13%,31.09%,-9.29%,258.21%,2.92%,2.44%,23610.49,0.00,15.11,-0.33%,3184
4606,"VALQ",0.06%,2.90%,5.35%,5.47%,10.04%,13.80%,47.27%,41.41%,,0.36%,0.52%,5.61,0.00,72.78,0.00%,0
4607,"VAMO",-0.55%,0.40%,4.49%,3.37%,7.75%,13.83%,40.27%,59.73%,59.06%,0.51%,0.53%,39.35,0.00,36.78,0.00%,0
4608,"VAW",2.21%,4.41%,3.63%,-0.68%,15.89%,15.77%,35.30%,29.89%,122.12%,1.23%,1.20%,49.49,0.00,240.53,0.00%,0
4609,"VB",0.52%,3.89%,3.53%,8.74%,18.00%,20.32%,55.72%,33.90%,149.52%,0.75%,0.98%,537.77,0.00,304.39,0.14%,93
4610,"VBCA",0.09%,0.12%,0.07%,,0.79%,,,,,0.05%,0.10%,10.83,0.00,75.67,0.00%,0
4611,"VBCB",0.06%,0.25%,-0.02%,,0.73%,,,,,0.12%,0.10%,22.38,0.00,75.59,0.00%,0
4612,"VBIL",0.07%,-0.01%,0.04%,0.12%,0.33%,0.14%,,,,0.02%,0.01%,2473.00,0.00,75.68,0.00%,292
4613,"VBK",0.29%,6.90%,0.65%,10.38%,18.24%,22.20%,60.78%,22.69%,172.26%,0.97%,1.28%,218.57,0.12,357.21,0.27%,1346
4614,"VBNB",13.49%,22.64%,,,8.94%,,,,,1.42%,0.62%,2.27,0.00,27.15,0.00%,0
4615,"VBR",0.64%,1.66%,5.74%,7.37%,17.61%,18.77%,51.34%,41.80%,125.13%,0.71%,0.90%,279.86,0.08,249.08,0.00%,1119
4616,"VBX",-0.64%,2.12%,,,3.71%,,,,,0.04%,0.05%,0.31,0.00,25.57,0.00%,0
4617,"VCHY",0.23%,0.80%,,,0.28%,,,,,0.17%,0.20%,32.70,0.00,75.27,0.00%,0
4618,"VCR",-1.30%,2.97%,-2.36%,2.28%,0.03%,1.34%,42.59%,24.73%,210.39%,0.83%,1.11%,56.19,0.00,394.04,0.00%,0
4619,"VCTR",6.03%,23.02%,40.91%,66.90%,90.05%,67.69%,259.95%,242.18%,,3.51%,3.34%,533.78,0.12,119.90,-0.61%,3111
4620,"VDC",1.17%,-1.35%,2.09%,-3.32%,10.25%,6.39%,21.87%,24.90%,66.73%,0.83%,1.12%,158.16,0.00,232.90,0.06%,4
4621,"VDE",-2.10%,6.54%,9.47%,13.36%,39.72%,40.36%,43.54%,154.10%,82.89%,1.66%,1.79%,626.72,0.00,175.94,0.00%,20
4622,"VDG",0.83%,5.78%,4.37%,,9.35%,,,,,0.40%,0.75%,7.14,0.00,82.49,0.00%,0
4623,"VDI",0.72%,4.75%,4.75%,5.27%,17.78%,,,,,0.00%,0.06%,0.47,0.00,37.22,0.00%,0
4624,"VDIG",-0.22%,0.83%,3.94%,4.91%,4.78%,,,,,0.38%,0.46%,8.52,0.00,64.29,0.00%,0
4625,"VDV",0.91%,5.09%,2.22%,,5.56%,,,,,0.45%,0.64%,7.26,0.00,79.50,0.00%,0
4626,"VEA",0.92%,6.61%,2.58%,4.55%,17.67%,25.08%,63.87%,40.10%,98.41%,0.60%,0.81%,10927.58,0.00,73.51,0.08%,70
4627,"VECA",0.10%,0.20%,1.01%,,1.11%,,,,,0.03%,0.28%,61.84,0.00,10.01,0.00%,0
4628,"VEEV",4.64%,26.09%,59.48%,43.36%,17.43%,-10.71%,38.61%,-20.66%,575.47%,2.70%,3.43%,2192.74,0.04,262.15,7.04%,4332
4629,"VEFA",0.51%,6.11%,7.23%,,17.78%,,,,,0.00%,0.02%,0.04,0.00,84.80,0.00%,0
4630,"VEGA",-0.03%,2.81%,1.63%,4.84%,8.43%,12.24%,43.94%,32.00%,95.26%,0.15%,0.26%,5.61,0.00,53.24,0.00%,0
4631,"VEGI",4.99%,0.56%,6.11%,1.00%,20.64%,14.54%,19.58%,18.10%,94.42%,2.03%,1.33%,41.94,0.00,46.53,0.00%,0
4632,"VEM",2.74%,8.86%,0.27%,5.49%,11.61%,,,,,0.00%,0.03%,0.40,0.00,28.14,0.00%,0
4633,"VEON",7.17%,17.08%,5.01%,7.15%,14.93%,7.05%,275.51%,20.84%,-42.18%,4.01%,3.26%,83.94,0.00,60.42,0.00%,0
4634,"VERA",18.24%,13.69%,3.07%,-12.73%,-27.01%,67.85%,106.37%,132.31%,,6.46%,5.66%,2038.22,0.01,36.96,0.38%,1263
4635,"VEU",1.29%,6.77%,2.58%,4.97%,17.03%,24.05%,62.07%,36.13%,91.10%,0.54%,0.77%,2673.10,0.00,86.09,0.38%,109
4636,"VEXC",1.73%,6.47%,1.27%,6.80%,21.18%,,,,,0.55%,0.77%,26.85,0.00,96.55,0.00%,0
4637,"VFF",12.06%,46.56%,11.63%,-18.64%,-21.10%,-4.95%,280.40%,-69.81%,190.62%,5.61%,5.41%,1056.83,0.01,2.88,0.70%,307
4638,"VFH",2.95%,3.40%,13.90%,11.61%,7.43%,9.00%,74.38%,49.25%,187.22%,0.88%,0.94%,557.73,0.00,143.41,0.77%,37
4639,"VFLO",0.33%,10.02%,22.97%,37.37%,40.30%,49.16%,113.23%,,,0.97%,1.29%,1452.88,0.00,55.25,0.89%,126
4640,"VFMF",0.19%,2.10%,8.93%,14.30%,23.90%,31.64%,78.74%,83.19%,,0.64%,0.83%,47.81,0.00,186.74,0.00%,0
4641,"VFMV",-0.14%,0.41%,3.25%,5.17%,12.14%,11.94%,47.59%,43.65%,,0.40%,0.60%,15.92,0.00,146.20,0.00%,0
4642,"VFQY",-0.01%,2.71%,9.00%,13.35%,16.12%,18.74%,55.90%,46.70%,,0.37%,0.65%,6.71,0.00,178.14,0.00%,0
4643,"VFVA",0.66%,1.82%,10.71%,13.34%,21.69%,26.17%,59.11%,59.16%,,0.66%,0.90%,15.29,0.01,161.58,-0.15%,4
4644,"VG",0.07%,9.58%,14.04%,51.00%,109.68%,10.00%,,,,3.45%,4.51%,14288.01,0.01,14.30,0.00%,8296
4645,"VGK",0.26%,3.81%,3.62%,2.01%,10.33%,17.28%,53.72%,31.90%,89.81%,0.46%,0.61%,2265.59,0.00,92.25,-0.49%,87
4646,"VGNT",2.70%,11.37%,8.15%,,59.70%,,,,,4.01%,4.51%,1298.97,0.00,47.91,1.16%,40
4647,"VGSR",-0.04%,-2.37%,1.64%,3.08%,11.01%,9.22%,,,,0.87%,1.32%,97.03,0.00,11.55,0.00%,0
4648,"VGT",1.89%,11.46%,1.39%,30.34%,27.99%,37.65%,125.90%,126.96%,718.32%,1.30%,1.73%,4702.84,0.04,120.60,2.21%,9975
4649,"VGUS",0.07%,0.03%,0.01%,0.05%,0.25%,0.09%,,,,0.01%,0.02%,141.46,0.00,75.65,0.00%,0
4650,"VGZ",-6.48%,37.50%,2.67%,-18.37%,17.26%,104.42%,361.08%,208.08%,128.71%,4.34%,5.26%,2025.29,0.00,2.31,0.00%,0
4651,"VHC",-5.04%,1.46%,-13.82%,-8.59%,-20.97%,-0.68%,77.52%,-55.68%,-17.07%,10.06%,9.85%,24.75,0.00,13.19,0.00%,0
4652,"VHCP",-0.10%,0.30%,0.40%,1.41%,0.70%,,,,,0.00%,0.03%,24.74,0.00,10.04,0.00%,0
4653,"VHT",0.40%,4.39%,15.34%,11.52%,12.91%,27.74%,33.05%,24.54%,142.92%,1.22%,1.38%,255.08,0.01,325.00,-0.39%,132
4654,"VIA",4.66%,34.09%,92.54%,56.79%,-4.83%,,,,,3.81%,5.77%,1000.43,0.00,27.61,0.00%,0
4655,"VIDI",1.08%,5.47%,-0.76%,4.26%,20.26%,29.48%,77.68%,49.10%,88.30%,0.57%,0.66%,15.74,0.00,40.54,0.00%,0
4656,"VIG",1.08%,2.63%,4.69%,7.66%,11.40%,15.94%,52.18%,50.80%,187.58%,0.54%,0.66%,1073.04,0.00,244.84,0.30%,111
4657,"VIGI",0.30%,1.66%,5.04%,3.23%,7.68%,10.13%,34.16%,16.32%,84.44%,0.51%,0.61%,277.82,0.00,98.47,0.00%,0
4658,"VIOO",-0.83%,0.26%,5.42%,12.80%,22.58%,24.66%,50.13%,34.89%,142.80%,0.68%,0.93%,75.65,0.00,136.02,0.00%,0
4659,"VIOV",-0.52%,0.47%,4.93%,11.27%,21.12%,26.17%,46.97%,36.28%,121.16%,0.69%,0.97%,41.24,0.00,118.41,0.00%,0
4660,"VIRT",9.60%,12.05%,31.74%,61.33%,97.30%,52.32%,248.57%,156.90%,277.82%,7.40%,5.22%,1381.11,0.00,65.74,0.00%,0
4661,"VIST",-2.09%,4.58%,-5.59%,22.55%,41.86%,77.18%,164.28%,1413.82%,,3.31%,3.78%,909.88,0.06,69.03,0.54%,2623
4662,"VLGEA",1.61%,0.18%,-6.73%,11.24%,23.32%,20.88%,87.66%,99.59%,36.79%,3.06%,3.15%,60.42,0.00,43.65,0.00%,0
4663,"VLLU",0.24%,1.73%,4.77%,11.07%,14.94%,19.92%,,,,0.23%,0.15%,0.19,0.00,27.09,0.00%,0
4664,"VLO",1.31%,14.83%,41.31%,69.78%,112.54%,129.49%,159.92%,415.57%,525.90%,2.99%,3.46%,2847.86,0.00,346.00,-0.58%,410
4665,"VLOS",0.65%,-0.09%,-0.09%,0.65%,1.51%,2.23%,,,,0.32%,0.61%,249.57,0.00,10.79,0.00%,0
4666,"VLTO",-1.41%,0.22%,16.85%,4.58%,-1.09%,-7.86%,,,,1.57%,2.36%,2064.28,0.00,98.69,0.00%,0
4667,"VLU",0.21%,2.06%,5.28%,10.89%,18.24%,24.16%,68.37%,67.18%,200.51%,0.30%,0.56%,6.75,0.00,249.06,0.00%,0
4668,"VLUE",0.14%,7.29%,3.03%,33.59%,47.65%,68.51%,118.58%,91.30%,211.30%,0.86%,1.42%,1257.00,0.03,201.88,0.01%,2159
4669,"VLY",3.67%,2.51%,6.69%,9.49%,25.33%,39.54%,67.10%,9.24%,53.76%,1.93%,1.92%,6692.30,0.00,14.64,3.89%,13
4670,"VMAX",0.35%,2.91%,8.00%,13.94%,20.56%,24.57%,,,,0.34%,0.22%,0.20,0.00,65.47,0.00%,0
4671,"VMET",-0.10%,21.98%,-19.62%,2.04%,19.07%,,,,,5.09%,4.76%,270.37,0.00,10.49,0.77%,24
4672,"VMSB",0.25%,0.97%,0.03%,-0.83%,-0.38%,,,,,0.03%,0.03%,3.84,0.00,49.75,0.00%,0
4673,"VNAM",7.08%,9.58%,-3.05%,-1.82%,-1.35%,9.34%,38.36%,,,0.90%,1.11%,9.33,0.00,24.81,0.00%,0
4674,"VNLA",0.08%,0.00%,-0.16%,-0.67%,-0.35%,-0.57%,2.21%,-2.35%,,0.03%,0.04%,386.32,0.00,48.97,0.00%,0
4675,"VNM",6.37%,10.29%,-2.35%,-4.79%,-4.39%,1.23%,25.30%,-7.52%,20.26%,0.77%,0.84%,626.04,0.14,18.24,0.51%,4467
4676,"VNME",0.39%,0.29%,0.79%,1.88%,2.39%,3.53%,,,,0.13%,0.16%,19.61,0.00,10.27,0.00%,0
4677,"VNOM",-1.18%,3.77%,-0.43%,-2.63%,17.08%,15.94%,77.84%,168.67%,200.27%,1.86%,2.15%,1787.87,0.00,44.50,0.61%,13
4678,"VNQ",-0.15%,-2.20%,1.97%,3.07%,11.26%,7.03%,21.63%,-7.99%,11.65%,0.85%,1.11%,3139.57,0.00,98.45,-0.16%,564
4679,"VNQI",-0.07%,-0.59%,-0.59%,-10.05%,-0.39%,-3.47%,14.78%,-23.26%,-18.93%,0.44%,0.56%,289.19,0.00,45.66,0.00%,1
4680,"VNT",2.18%,2.62%,15.30%,-17.18%,-9.39%,-22.41%,9.95%,-5.13%,,1.94%,2.91%,1668.25,0.00,33.69,0.00%,0
4681,"VO",1.74%,4.16%,6.56%,9.39%,15.73%,15.64%,56.15%,35.51%,159.51%,0.68%,0.87%,2868.18,0.00,83.97,1.02%,26
4682,"VOD",-1.37%,-2.11%,5.76%,2.53%,19.53%,30.93%,74.48%,-8.36%,-49.05%,1.17%,1.35%,4024.80,0.00,15.79,-0.94%,321
4683,"VOE",0.76%,1.74%,7.65%,7.73%,18.12%,20.89%,54.06%,43.63%,124.34%,0.66%,0.84%,270.29,0.00,209.51,0.00%,11
4684,"VOGX",38.65%,,,,152.23%,,,,,23.24%,,323.16,0.00,32.79,-0.27%,30
4685,"VONE",-0.43%,3.51%,2.53%,10.50%,12.32%,18.35%,73.66%,66.96%,248.34%,0.48%,0.77%,88.68,0.00,347.12,0.00%,0
4686,"VONG",0.75%,7.70%,-3.38%,8.18%,3.87%,9.69%,80.37%,70.39%,372.17%,0.86%,1.25%,1262.30,0.02,126.46,0.85%,1547
4687,"VONV",-0.13%,2.60%,8.62%,14.79%,22.83%,28.64%,64.93%,59.38%,144.73%,0.53%,0.71%,848.64,0.00,113.37,0.00%,0
4688,"VOO",0.86%,5.43%,1.89%,11.53%,12.74%,18.94%,74.92%,70.84%,254.61%,0.52%,0.77%,7982.93,0.06,707.02,0.40%,25361
4689,"VOOG",1.96%,9.23%,1.06%,16.84%,14.44%,22.03%,100.97%,81.04%,365.19%,0.76%,1.17%,1476.28,0.01,84.80,1.75%,1038
4690,"VOOV",0.23%,1.88%,3.70%,6.53%,11.57%,16.14%,48.72%,55.65%,148.07%,0.50%,0.65%,67.67,0.00,228.54,-0.49%,2
4691,"VOOX",-1.32%,5.09%,,,0.19%,,,,,0.49%,1.08%,2.76,0.00,24.77,0.00%,0
4692,"VOT",-0.19%,3.84%,4.13%,10.14%,9.30%,6.02%,52.68%,24.40%,185.99%,0.82%,1.17%,196.67,0.00,305.09,0.00%,0
4693,"VOTE",-0.36%,3.54%,2.36%,11.12%,12.60%,18.95%,76.33%,70.25%,,0.44%,0.66%,25.56,0.00,90.33,0.00%,0
4694,"VOX",1.24%,1.53%,-5.50%,-1.21%,-2.92%,4.99%,78.15%,28.84%,99.09%,1.13%,1.43%,300.23,0.00,187.97,0.00%,0
4695,"VOXP",-0.32%,4.15%,2.89%,11.33%,12.62%,18.25%,75.11%,,,0.15%,0.11%,3.05,0.00,39.89,0.00%,0
4696,"VOXR",5.93%,34.27%,-3.38%,-1.55%,20.68%,58.45%,151.98%,161.01%,,4.70%,4.37%,496.26,0.00,5.72,0.00%,0
4697,"VOYA",3.51%,1.53%,25.42%,45.39%,36.31%,33.80%,43.74%,56.29%,257.79%,1.99%,2.25%,1085.63,0.00,101.54,0.00%,0
4698,"VOYG",-6.69%,56.42%,-31.66%,23.45%,35.35%,10.71%,,,,5.83%,8.19%,2156.84,0.01,35.38,2.17%,1265
4699,"VPFF",-0.16%,1.08%,,,0.68%,,,,,0.15%,0.12%,1.47,0.00,25.24,0.00%,0
4700,"VPL",1.29%,8.13%,0.53%,6.06%,27.42%,33.32%,70.05%,42.16%,94.68%,0.84%,1.35%,427.78,0.00,115.19,0.00%,0
4701,"VPV",1.97%,4.99%,4.12%,6.17%,8.60%,14.52%,19.33%,-16.16%,-17.74%,0.98%,1.18%,28.95,0.00,11.36,0.00%,0
4702,"VRAI",-0.27%,1.44%,3.64%,9.90%,24.38%,21.67%,25.76%,11.14%,,0.41%,0.35%,1.38,0.00,28.87,0.00%,0
4703,"VRSN",7.31%,4.21%,-0.90%,36.59%,20.60%,8.52%,42.41%,37.73%,290.60%,2.52%,2.94%,819.49,0.00,292.99,0.00%,0
4704,"VRTX",0.50%,12.34%,21.21%,13.09%,19.77%,39.55%,55.11%,171.60%,459.25%,1.95%,2.73%,1520.32,0.02,542.98,-0.79%,1482
4705,"VSDA",0.07%,0.73%,9.43%,4.04%,15.19%,12.01%,34.46%,33.41%,,0.48%,0.62%,17.53,0.00,60.80,0.00%,0
4706,"VSEC",6.16%,23.11%,28.72%,0.54%,31.81%,37.96%,326.94%,357.66%,568.03%,4.09%,4.85%,456.86,0.01,227.73,0.37%,208
4707,"VSGX",1.16%,6.10%,2.21%,4.72%,16.88%,23.48%,61.60%,31.91%,,0.60%,1.10%,176.15,0.00,83.71,0.00%,0
4708,"VSLU",-0.25%,2.46%,4.05%,9.02%,10.30%,18.28%,78.37%,81.15%,,0.41%,0.59%,35.77,0.00,48.82,0.00%,0
4709,"VSMV",-0.05%,-0.86%,1.28%,3.62%,10.23%,18.37%,52.38%,52.95%,,0.40%,0.56%,4.32,0.00,60.92,0.00%,0
4710,"VSNT",0.03%,5.45%,-9.52%,26.68%,-12.73%,,,,,2.65%,3.27%,1868.29,0.00,39.27,0.00%,0
4711,"VSOL",19.35%,44.03%,28.15%,23.75%,-13.43%,,,,,2.27%,1.69%,26.28,0.62,14.00,7.76%,810
4712,"VSS",0.67%,8.59%,-0.51%,0.29%,11.94%,14.83%,46.83%,15.18%,64.07%,0.56%,0.72%,238.04,0.00,160.44,0.00%,1
4713,"VSXY",6.41%,3.62%,54.97%,40.47%,70.50%,305.44%,412.54%,34.56%,,4.55%,4.61%,2092.24,0.00,92.36,1.73%,181
4714,"VT",0.97%,6.09%,2.29%,8.82%,14.48%,20.53%,68.83%,51.90%,166.04%,0.49%,0.73%,3080.58,0.03,161.49,0.38%,5359
4715,"VTHR",-0.40%,3.44%,2.57%,10.63%,12.83%,18.82%,72.88%,64.98%,240.51%,0.50%,0.74%,27.90,0.00,338.87,0.00%,0
4716,"VTI",0.82%,5.34%,2.16%,11.51%,13.24%,19.04%,73.69%,63.14%,240.39%,0.51%,0.78%,3336.46,0.01,379.67,0.38%,1022
4717,"VTIP",-0.08%,0.26%,-1.17%,-0.08%,0.71%,-1.68%,5.53%,-5.38%,1.03%,0.10%,0.11%,2402.84,0.00,49.81,0.00%,89
4718,"VTOL",-3.55%,-0.66%,6.80%,-3.55%,23.02%,19.62%,66.61%,43.06%,101.30%,3.35%,3.39%,232.58,0.00,45.05,0.00%,0
4719,"VTR",1.80%,-4.73%,6.19%,8.21%,20.83%,38.31%,120.47%,74.81%,32.16%,1.93%,2.53%,3672.35,0.00,93.50,0.00%,0
4720,"VTRS",3.91%,-6.00%,3.97%,9.84%,34.54%,60.75%,52.69%,16.56%,-61.07%,2.11%,2.81%,9871.43,0.01,16.75,-0.59%,4380
4721,"VTV",0.92%,3.39%,7.38%,9.82%,18.99%,24.14%,60.11%,59.77%,159.43%,0.54%,0.74%,2944.02,0.00,227.26,0.19%,62
4722,"VTVT",2.05%,8.01%,-0.44%,-12.84%,-16.05%,112.60%,66.22%,-53.89%,-84.11%,4.60%,5.89%,72.05,0.00,33.57,0.00%,0
4723,"VTWG",-1.22%,3.57%,1.46%,13.66%,19.18%,25.55%,65.19%,30.01%,162.92%,0.84%,1.10%,22.33,0.00,281.25,0.00%,0
4724,"VTWO",-0.95%,1.91%,3.02%,12.99%,21.42%,27.54%,62.44%,35.91%,144.74%,0.73%,0.98%,1683.25,0.00,120.84,0.00%,0
4725,"VTWV",-0.60%,0.17%,4.59%,12.39%,23.80%,29.64%,60.19%,41.08%,119.22%,0.57%,0.87%,32.27,0.00,198.00,0.00%,0
4726,"VUG",1.53%,7.83%,-0.81%,14.08%,8.84%,15.17%,89.95%,74.52%,373.09%,0.83%,1.16%,7341.01,0.00,88.50,1.25%,954
4727,"VUS",-0.16%,2.02%,1.58%,8.51%,19.58%,,,,,0.00%,0.08%,0.54,0.00,30.23,0.00%,0
4728,"VUSE",0.27%,3.54%,3.23%,11.67%,11.52%,14.21%,54.85%,67.40%,178.24%,0.42%,0.64%,12.15,0.00,73.65,0.00%,0
4729,"VUSG",-0.63%,7.01%,0.31%,9.50%,6.89%,,,,,0.72%,1.21%,78.45,0.00,65.02,0.00%,0
4730,"VUSI",0.08%,0.25%,0.19%,-0.15%,0.27%,,,,,0.00%,0.01%,25.18,0.00,50.33,0.00%,0
4731,"VUSV",-0.17%,3.72%,8.25%,10.77%,15.60%,,,,,0.38%,0.57%,12.60,0.00,72.42,0.00%,0
4732,"VV",0.58%,5.35%,1.77%,11.59%,12.26%,18.37%,75.59%,67.58%,255.01%,0.51%,0.78%,250.64,0.06,353.38,0.16%,719
4733,"VWO",1.28%,6.80%,1.49%,4.32%,13.08%,18.06%,51.11%,18.15%,62.24%,0.56%,0.77%,7890.24,0.00,60.79,0.21%,242
4734,"VXF",0.46%,4.73%,3.58%,11.57%,16.99%,18.83%,66.93%,28.20%,172.79%,0.83%,1.04%,447.22,0.00,244.65,0.14%,3
4735,"VXUS",1.23%,6.93%,2.45%,4.93%,16.78%,23.39%,60.71%,34.22%,87.89%,0.55%,0.78%,5564.22,0.01,88.10,0.32%,1851
4736,"VYLD",0.62%,3.37%,6.43%,9.52%,8.59%,15.91%,,,,0.05%,0.17%,1.68,0.00,30.73,0.00%,0
4737,"VYM",0.96%,2.41%,4.58%,6.87%,15.36%,19.03%,55.65%,53.39%,127.71%,0.57%,0.73%,1247.89,0.02,165.57,0.35%,1246
4738,"VYMI",1.55%,3.76%,5.75%,4.39%,17.56%,25.83%,69.88%,54.50%,89.10%,0.44%,0.55%,876.86,0.00,105.80,0.19%,43
4739,"VZ",1.01%,5.22%,3.49%,1.63%,21.99%,12.24%,48.99%,-9.28%,-4.58%,1.28%,2.06%,26941.57,0.01,49.69,-1.00%,9209
4740,"VZLA",3.36%,28.21%,5.82%,-4.76%,-26.87%,13.64%,306.59%,107.94%,,4.56%,4.44%,5635.06,0.00,4.00,-0.50%,777
4741,"W",-3.53%,10.01%,42.15%,37.29%,3.58%,42.49%,59.53%,-64.24%,166.74%,3.95%,4.95%,3405.20,0.00,104.00,0.00%,0
4742,"WAB",2.82%,3.01%,15.06%,14.10%,40.80%,53.87%,169.01%,233.53%,298.70%,2.14%,2.10%,940.95,0.00,300.54,0.00%,4
4743,"WAGN",1.54%,12.62%,6.47%,9.58%,11.99%,,,,,1.17%,1.30%,169.83,0.00,15.79,0.00%,0
4744,"WAMA",-0.44%,3.35%,1.96%,,9.14%,,,,,0.27%,0.31%,6.02,0.00,26.85,0.00%,0
4745,"WANT",-3.82%,11.19%,-15.15%,-10.29%,-17.71%,-17.16%,43.87%,-38.42%,,2.26%,3.03%,28.40,0.00,41.32,0.00%,0
4746,"WAT",2.49%,9.29%,13.11%,28.47%,9.19%,40.77%,51.72%,1.82%,162.15%,3.19%,3.05%,920.68,0.05,414.75,0.14%,2256
4747,"WBD",1.38%,11.62%,5.84%,-0.62%,-0.69%,135.56%,133.25%,1.20%,11.23%,1.01%,1.63%,22600.21,0.01,28.62,-0.45%,10071
4748,"WBIF",0.62%,2.02%,11.26%,14.44%,19.98%,23.65%,34.07%,16.58%,66.87%,0.27%,0.48%,4.74,0.00,37.15,0.00%,0
4749,"WBIL",-0.43%,1.79%,5.60%,11.74%,17.04%,24.46%,37.34%,28.33%,88.45%,0.40%,0.45%,5.15,0.00,40.71,0.00%,0
4750,"WBIY",0.58%,3.50%,12.06%,12.46%,22.59%,24.40%,48.85%,42.91%,,0.45%,0.78%,8.26,0.00,39.23,0.00%,0
4751,"WBS",,0.62%,6.29%,5.07%,23.24%,33.90%,85.31%,63.93%,106.96%,0.83%,0.75%,6020.53,0.00,77.57,0.00%,0
4752,"WCBR",4.21%,12.11%,25.80%,64.35%,45.91%,33.78%,105.08%,46.40%,,3.18%,3.32%,53.17,0.07,40.64,4.85%,181
4753,"WCC",2.72%,12.26%,-4.68%,17.39%,41.96%,52.86%,123.22%,188.68%,456.45%,2.72%,3.74%,627.24,0.00,347.28,-0.09%,109
4754,"WCEO",-0.15%,1.33%,7.82%,13.86%,19.57%,21.17%,54.69%,,,0.85%,1.11%,2.69,0.00,39.43,0.00%,0
4755,"WCLD",-1.06%,15.27%,36.18%,49.70%,14.51%,17.63%,31.40%,-32.59%,,2.55%,2.98%,960.00,0.00,40.09,0.00%,0
4756,"WCME",1.68%,7.08%,-3.14%,0.89%,11.50%,18.44%,,,,0.43%,0.70%,10.07,0.00,19.20,0.00%,0
4757,"WCMG",0.81%,4.02%,3.70%,,9.45%,,,,,0.34%,0.52%,2.93,0.00,21.83,0.00%,0
4758,"WCMI",0.97%,6.00%,4.41%,8.52%,16.81%,26.24%,,,,0.73%,1.11%,897.66,0.00,19.87,0.00%,0
4759,"WCN",-0.95%,-1.22%,10.30%,0.33%,-4.68%,-8.60%,21.25%,31.38%,227.15%,1.44%,1.98%,1512.71,0.00,167.15,0.00%,0
4760,"WDAI",0.16%,5.66%,8.71%,,12.30%,,,,,0.05%,0.15%,0.81,0.00,28.89,0.00%,0
4761,"WDEF",-3.17%,4.90%,3.40%,-7.34%,7.96%,8.45%,,,,1.25%,1.36%,33.37,0.00,31.32,0.00%,0
4762,"WDGF",-4.00%,3.12%,-0.44%,-6.44%,6.54%,,,,,0.17%,0.52%,4.39,0.00,32.58,0.00%,0
4763,"WDIG",4.54%,24.29%,-8.07%,,-13.06%,,,,,0.40%,0.70%,1.38,0.00,47.76,0.00%,0
4764,"WDIV",0.61%,2.29%,4.80%,3.79%,13.60%,17.26%,52.02%,26.81%,34.42%,0.24%,0.42%,7.56,0.00,85.71,0.00%,0
4765,"WEBL",8.02%,27.18%,7.71%,55.89%,8.77%,-3.16%,175.05%,-67.84%,,2.92%,4.67%,228.80,0.01,29.76,3.48%,59
4766,"WELL",1.10%,-0.45%,14.13%,15.14%,29.30%,43.07%,196.19%,180.24%,216.71%,1.75%,2.03%,3335.12,0.00,240.00,-0.65%,108
4767,"WENC",-0.20%,0.30%,0.81%,,1.22%,,,,,0.03%,0.07%,19.75,0.00,9.98,0.00%,0
4768,"WENN",0.10%,0.58%,1.17%,2.06%,2.87%,2.57%,,,,0.14%,0.07%,57.93,0.00,10.39,0.00%,0
4769,"WEPN",-3.07%,9.73%,-2.22%,,-9.46%,,,,,1.22%,1.70%,2.48,0.00,44.36,0.00%,0
4770,"WES",-0.98%,3.12%,9.03%,18.42%,22.86%,26.88%,81.22%,160.18%,34.57%,1.90%,2.01%,877.30,0.00,48.53,0.00%,0
4771,"WEYS",-1.22%,15.17%,25.49%,41.82%,47.89%,57.64%,96.45%,118.03%,97.75%,2.82%,3.95%,21.39,0.00,45.24,0.00%,0
4772,"WF",1.83%,9.39%,16.15%,-12.85%,22.23%,35.05%,174.69%,147.45%,159.89%,2.06%,2.11%,164.33,0.00,71.86,0.00%,0
4773,"WGS",7.96%,39.94%,77.71%,9.51%,-31.48%,-31.02%,1996.94%,-70.42%,,5.90%,7.43%,891.05,0.05,89.12,-1.29%,2032
4774,"WHD",-3.79%,26.61%,13.66%,28.47%,45.01%,58.70%,30.29%,70.55%,,3.54%,3.71%,782.53,0.05,66.24,-0.30%,1948
4775,"WHG",1.64%,0.51%,21.20%,16.57%,15.28%,9.49%,97.41%,-6.64%,-56.12%,3.14%,3.04%,24.91,0.00,19.84,0.00%,0
4776,"WIMA",0.56%,3.87%,4.15%,,12.23%,,,,,0.20%,0.17%,2.75,0.00,44.05,0.00%,0
4777,"WINN",-0.80%,4.80%,0.97%,11.90%,7.03%,10.45%,83.01%,,,0.70%,0.99%,109.75,0.00,33.29,0.00%,0
4778,"WKC",0.25%,-10.53%,26.53%,43.07%,53.69%,32.88%,65.72%,10.90%,-19.46%,2.64%,2.50%,1130.15,0.00,36.01,0.00%,1
4779,"WLCO",0.40%,,,,-0.66%,,,,,0.28%,,8.36,0.00,9.84,0.00%,0
4780,"WLDN",1.29%,22.74%,-7.64%,-26.61%,-17.09%,-26.30%,258.53%,137.14%,441.87%,3.38%,4.53%,301.57,0.00,85.94,0.00%,0
4781,"WLDR",1.03%,5.27%,6.71%,19.80%,33.64%,46.44%,122.73%,117.40%,,1.44%,1.54%,15.50,0.00,47.55,0.00%,0
4782,"WLDU",0.10%,7.60%,2.04%,,19.32%,,,,,0.99%,1.17%,8.84,0.00,17.91,0.00%,0
4783,"WLII",-0.00%,0.10%,1.48%,,1.08%,,,,,0.00%,0.16%,39.19,0.00,10.26,0.00%,0
4784,"WLTG",-0.68%,3.92%,3.11%,6.63%,11.07%,20.55%,85.12%,,,0.29%,0.46%,8.93,0.00,38.69,0.00%,0
4785,"WLY",2.19%,-2.19%,26.94%,79.24%,73.39%,32.81%,45.11%,-6.68%,-9.26%,2.37%,3.14%,513.94,0.00,53.11,0.00%,0
4786,"WMB",5.44%,7.77%,3.35%,1.08%,25.74%,31.47%,118.00%,207.12%,171.58%,3.90%,2.81%,6964.02,0.00,75.58,1.57%,1672
4787,"WNDR",-0.18%,-1.15%,5.27%,,6.53%,,,,,0.00%,0.05%,0.61,0.00,27.90,0.00%,0
4788,"WOMN",-0.02%,4.23%,6.77%,10.03%,9.90%,13.37%,47.46%,36.59%,,0.45%,0.44%,1.87,0.00,45.63,0.00%,0
4789,"WOR",1.12%,1.38%,3.37%,1.49%,12.41%,-13.32%,28.54%,63.57%,119.97%,1.98%,2.41%,254.88,0.00,57.97,0.00%,0
4790,"WPAC",0.10%,0.60%,0.80%,1.62%,1.41%,,,,,0.12%,0.06%,14.34,0.00,10.04,0.00%,0
4791,"WPM",3.45%,42.00%,19.50%,-3.47%,32.26%,60.93%,269.46%,246.09%,485.20%,3.66%,3.41%,2142.08,0.03,155.43,-0.38%,2949
4792,"WR",-2.47%,6.84%,7.51%,,9.01%,,,,,0.13%,0.51%,2.65,0.00,27.21,0.00%,0
4793,"WRLD",6.12%,5.19%,20.85%,40.04%,39.03%,13.26%,48.30%,1.49%,319.67%,3.37%,3.57%,120.96,0.25,195.19,2.13%,1498
4794,"WRN",5.71%,28.22%,-11.60%,-22.92%,-3.00%,82.39%,70.39%,52.35%,223.35%,3.48%,3.62%,1536.06,0.01,2.59,0.78%,612
4795,"WRND",-0.08%,6.65%,0.97%,9.12%,15.80%,24.67%,75.24%,,,0.05%,0.04%,0.38,0.00,42.93,0.00%,0
4796,"WRTH",-0.06%,0.99%,2.52%,,3.28%,,,,,0.29%,0.50%,53.89,0.00,25.83,0.00%,0
4797,"WSBC",-1.04%,-3.45%,16.61%,11.50%,21.70%,23.00%,61.68%,14.99%,25.94%,1.61%,1.59%,1289.42,0.00,40.45,0.03%,2
4798,"WSBF",0.19%,1.94%,12.60%,15.19%,26.89%,43.54%,68.54%,7.15%,48.93%,1.85%,1.80%,70.98,0.00,21.00,0.00%,0
4799,"WSDB",0.00%,0.13%,-0.17%,,-0.25%,,,,,0.18%,0.09%,2.16,0.00,24.96,0.00%,0
4800,"WSE",7.19%,12.58%,7.62%,17.82%,14.60%,-7.77%,66.67%,-2.75%,,2.01%,2.23%,1313.67,0.03,13.42,1.44%,1921
4801,"WSGE",0.25%,3.79%,3.51%,9.14%,15.28%,,,,,0.09%,0.11%,1.95,0.00,28.80,0.00%,0
4802,"WSM",0.73%,1.55%,15.48%,12.32%,32.95%,23.55%,238.05%,158.27%,800.55%,3.92%,2.88%,1079.91,0.00,237.43,0.00%,60
4803,"WSML",-0.67%,3.74%,2.56%,6.24%,17.19%,21.58%,,,,0.55%,0.66%,11.81,0.00,35.66,0.00%,0
4804,"WSTN",0.59%,0.49%,1.29%,2.20%,3.24%,,,,,0.02%,0.05%,50.79,0.00,10.21,0.00%,0
4805,"WT",9.05%,35.42%,34.31%,42.20%,102.63%,82.83%,252.86%,288.98%,149.24%,2.75%,4.06%,2834.65,0.01,24.70,-0.24%,1813
4806,"WTBA",-0.89%,0.88%,17.72%,13.18%,27.11%,41.10%,49.71%,-9.42%,48.68%,2.57%,2.37%,71.30,0.00,28.21,-0.33%,9
4807,"WTG",0.67%,0.76%,1.93%,3.03%,3.53%,4.87%,,,,0.42%,0.14%,75.08,0.00,10.55,0.00%,0
4808,"WTIB",11.86%,32.63%,2.03%,80.15%,60.01%,,,,,0.18%,1.46%,1.57,0.00,29.76,0.00%,0
4809,"WTIP",1.04%,5.42%,-10.58%,5.66%,10.06%,22.52%,,,,0.64%,0.64%,5.79,0.00,36.88,0.00%,0
4810,"WTLS",0.36%,2.94%,6.36%,22.64%,22.17%,,,,,0.50%,0.92%,2.74,0.00,62.32,0.00%,0
4811,"WTM",0.17%,-3.17%,1.47%,-3.94%,2.63%,16.18%,36.84%,89.88%,161.90%,1.76%,2.26%,20.76,0.00,2132.74,0.00%,0
4812,"WTMF",0.88%,3.27%,2.19%,5.87%,10.44%,14.68%,20.32%,1.93%,1.97%,0.36%,0.66%,26.28,0.00,41.99,0.00%,0
4813,"WTPI",2.32%,5.53%,2.41%,1.19%,2.91%,6.30%,10.51%,5.86%,42.58%,0.51%,0.62%,92.42,0.00,33.98,2.16%,2
4814,"WTS",2.24%,12.51%,21.57%,14.59%,37.02%,33.00%,106.46%,122.16%,479.17%,2.01%,2.39%,334.72,0.00,378.20,0.02%,2
4815,"WTV",1.28%,2.50%,6.56%,9.18%,16.69%,20.26%,73.26%,75.04%,242.01%,0.48%,0.75%,160.63,0.31,108.87,0.37%,2499
4816,"WTW",0.47%,8.49%,36.01%,11.18%,4.31%,3.84%,66.71%,56.29%,178.68%,1.96%,2.44%,621.44,0.00,342.75,-0.11%,15
4817,"WWJD",1.06%,5.41%,4.15%,2.31%,12.72%,17.28%,52.07%,32.50%,,0.75%,1.45%,66.92,0.00,41.12,0.00%,0
4818,"WWW",-3.60%,-3.69%,12.67%,11.42%,10.74%,-36.19%,153.15%,-44.69%,-18.49%,3.49%,4.21%,923.12,0.00,20.10,0.00%,0
4819,"WX",0.13%,7.68%,,,1.28%,,,,,0.06%,0.79%,0.28,0.00,25.04,0.00%,0
4820,"XA",-3.38%,6.16%,22.65%,,46.07%,,,,,1.70%,2.24%,2.91,0.00,38.02,0.00%,0
4821,"XAIX",-0.33%,8.15%,-0.67%,30.05%,29.67%,44.13%,,,,0.88%,1.38%,31.59,0.00,55.63,0.00%,0
4822,"XAPR",0.13%,1.43%,1.97%,4.55%,5.31%,7.89%,,,,0.06%,0.07%,2.02,0.00,38.38,0.00%,0
4823,"XAUG",0.28%,0.56%,1.64%,4.55%,5.54%,8.93%,32.37%,,,0.20%,0.11%,14.16,0.00,39.51,0.00%,0
4824,"XB",0.22%,0.93%,-0.10%,-0.66%,-0.56%,-0.64%,2.67%,,,0.18%,0.24%,11.16,0.00,39.26,0.00%,0
4825,"XBAP",0.06%,1.55%,2.30%,9.47%,10.35%,14.03%,46.96%,59.96%,,0.17%,0.22%,5.85,0.00,42.67,0.00%,0
4826,"XBB",0.22%,0.65%,-0.27%,-1.47%,-0.84%,-0.42%,5.90%,,,0.16%,0.20%,267.84,0.00,40.80,0.00%,0
4827,"XBCI",15.07%,21.73%,-11.40%,-9.09%,-21.94%,,,,,2.17%,2.44%,148.67,0.00,39.10,0.00%,0
4828,"XBFR",-0.46%,1.96%,1.15%,5.86%,6.76%,,,,,0.47%,0.51%,11.37,0.00,26.79,0.00%,0
4829,"XBI",3.13%,13.92%,23.91%,31.98%,38.19%,86.62%,114.13%,27.62%,175.78%,2.43%,2.54%,9050.83,0.00,168.50,0.07%,1913
4830,"XBIL",0.07%,0.37%,0.03%,0.01%,0.20%,0.04%,0.46%,,,0.02%,0.03%,86.56,0.00,50.17,0.00%,0
4831,"XBIX",5.92%,27.41%,,,63.45%,,,,,1.73%,0.94%,1.29,0.03,41.55,0.11%,2
4832,"XBJA",0.06%,1.49%,2.55%,6.51%,7.81%,11.53%,39.43%,,,0.10%,0.17%,7.09,0.00,34.47,0.00%,0
4833,"XBJL",-0.02%,2.15%,2.52%,5.52%,6.64%,10.51%,41.94%,56.48%,,0.17%,0.27%,4.21,0.00,40.79,0.00%,0
4834,"XBNB",27.44%,46.29%,3.33%,,10.53%,,,,,1.06%,0.37%,0.26,0.00,27.52,0.00%,0
4835,"XBOC",0.01%,1.32%,2.58%,6.63%,7.81%,11.15%,39.19%,,,0.15%,0.16%,2.64,0.00,36.17,0.00%,0
4836,"XBOX",0.06%,0.30%,1.11%,,1.74%,,,,,0.10%,0.14%,79.45,0.00,100.70,0.00%,0
4837,"XC",1.35%,2.48%,2.83%,-4.90%,0.99%,5.09%,31.62%,,,0.63%,0.65%,14.11,0.00,32.76,0.00%,0
4838,"XCBE",0.61%,1.02%,1.73%,,1.53%,,,,,0.03%,0.04%,69.04,0.00,10.05,0.00%,0
4839,"XCEM",1.69%,10.33%,-1.52%,11.34%,33.08%,47.59%,80.39%,56.59%,135.40%,0.81%,1.43%,182.99,0.00,51.05,0.00%,0
4840,"XCHG",-0.25%,2.61%,3.08%,8.59%,9.87%,,,,,0.12%,0.14%,2.85,0.00,27.52,0.00%,0
4841,"XCLR",-0.38%,2.45%,1.62%,2.78%,3.73%,7.18%,22.65%,16.71%,,0.15%,0.29%,1.01,0.00,27.97,0.00%,0
4842,"XCNY",1.60%,5.64%,0.29%,6.51%,19.59%,27.62%,,,,0.10%,0.12%,0.52,0.00,33.60,0.00%,0
4843,"XCOM",-1.81%,11.90%,,,-3.84%,,,,,0.00%,0.00%,0.42,0.00,24.45,0.00%,0
4844,"XCOR",-0.44%,4.45%,-2.11%,7.51%,9.78%,15.74%,74.78%,,,0.32%,0.39%,1.61,0.00,88.19,0.00%,0
4845,"XDAT",-0.73%,8.78%,6.79%,21.18%,0.45%,-0.42%,43.00%,-8.35%,,0.43%,0.58%,0.76,0.00,25.97,0.00%,0
4846,"XDEC",-0.21%,1.09%,1.86%,5.28%,6.15%,9.53%,32.28%,,,0.24%,0.19%,17.37,0.00,43.44,0.00%,0
4847,"XDEF",-2.42%,4.50%,4.92%,-4.17%,-4.74%,,,,,0.39%,0.41%,1.21,0.00,23.53,0.00%,0
4848,"XDIV",-0.43%,3.45%,2.33%,10.85%,12.46%,19.97%,,,,0.49%,0.68%,22.74,0.00,31.22,0.00%,0
4849,"XDSQ",-0.09%,3.68%,4.04%,4.22%,6.72%,13.56%,55.58%,58.41%,,0.35%,0.51%,12.38,0.00,44.41,0.00%,0
4850,"XEML",-0.25%,2.28%,2.74%,-2.86%,5.55%,,,,,0.06%,0.02%,0.03,0.00,26.53,0.00%,0
4851,"XENE",2.36%,-1.77%,18.35%,43.11%,42.32%,65.05%,67.65%,275.24%,695.39%,4.40%,3.67%,1286.44,0.00,63.79,0.00%,0
4852,"XERS",-1.14%,5.34%,39.33%,30.33%,10.57%,9.18%,303.72%,204.56%,,3.56%,4.09%,1879.81,0.00,8.68,0.00%,0
4853,"XES",-4.91%,10.40%,-4.85%,2.85%,40.91%,65.33%,27.99%,118.09%,-35.55%,2.20%,2.55%,91.58,0.00,115.50,-0.92%,10
4854,"XEUR",0.77%,6.70%,,,10.29%,,,,,0.00%,0.00%,0.21,0.00,27.01,0.00%,0
4855,"XFEB",0.05%,1.31%,2.08%,5.22%,6.41%,9.88%,,,,0.04%,0.06%,1.65,0.00,38.01,0.00%,0
4856,"XFLH",-0.10%,0.40%,1.01%,,1.52%,,,,,0.14%,0.10%,11.72,0.00,10.04,0.00%,0
4857,"XGN",3.23%,72.36%,53.09%,101.84%,26.15%,-22.53%,197.71%,-42.50%,,6.03%,6.84%,348.02,0.00,7.67,0.00%,0
4858,"XHLD",11.77%,571.54%,478.91%,421.38%,611.37%,77.54%,,,,11.35%,54.18%,3090.21,0.01,8.39,-1.82%,1803
4859,"XHLF",0.04%,0.00%,-0.01%,-0.09%,0.08%,0.15%,0.42%,,,0.02%,0.02%,356.03,0.00,50.29,0.00%,1
4860,"XHS",1.71%,1.23%,20.43%,27.10%,28.79%,41.27%,55.32%,27.15%,153.84%,0.99%,1.41%,26.42,0.00,137.63,0.00%,0
4861,"XIDV",-0.08%,3.48%,3.22%,4.43%,15.95%,20.52%,,,,0.29%,0.36%,11.39,0.00,39.48,0.00%,0
4862,"XIIIU",0.38%,,,,2.13%,,,,,0.61%,,516.05,0.00,10.53,0.00%,0
4863,"XIJN",0.06%,0.49%,0.05%,0.03%,-0.47%,-0.60%,,,,0.14%,0.14%,6.83,0.00,30.86,0.00%,0
4864,"XIMR",0.11%,0.17%,-0.40%,1.42%,0.95%,0.82%,,,,0.14%,0.15%,2.01,0.00,31.49,0.00%,0
4865,"XITK",-1.64%,11.65%,1.40%,31.24%,11.08%,7.75%,56.01%,-9.86%,236.42%,0.43%,1.02%,2.31,0.00,198.19,0.00%,0
4866,"XIWC",-2.10%,7.00%,,,6.68%,,,,,0.06%,0.28%,0.42,0.00,25.60,0.00%,0
4867,"XJAN",0.09%,1.32%,2.13%,5.44%,6.03%,9.58%,,,,0.09%,0.11%,2.13,0.00,39.06,0.00%,0
4868,"XJH",-0.33%,0.39%,3.29%,6.80%,16.15%,18.73%,48.14%,38.78%,,0.84%,0.94%,17.80,0.00,51.86,0.00%,0
4869,"XJUL",-0.03%,1.58%,2.46%,5.13%,6.16%,9.54%,36.18%,,,0.12%,0.21%,17.77,0.00,41.49,0.00%,0
4870,"XJUN",0.00%,1.69%,2.04%,4.14%,5.14%,8.07%,35.41%,50.58%,,0.20%,0.24%,24.07,0.00,45.16,0.00%,0
4871,"XLB",1.88%,3.22%,3.98%,0.77%,17.77%,15.91%,32.19%,24.27%,119.19%,1.47%,1.42%,11561.41,0.05,53.41,-0.49%,30203
4872,"XLBI",1.52%,1.95%,3.01%,-2.20%,4.68%,-1.96%,,,,0.91%,0.92%,5.20,0.00,24.76,0.00%,0
4873,"XLBX",4.40%,3.88%,,,4.13%,,,,,0.61%,0.29%,0.99,0.00,26.40,0.00%,0
4874,"XLC",1.74%,2.83%,-3.48%,-3.52%,-4.34%,1.28%,72.24%,32.92%,,1.15%,1.38%,6263.19,0.00,112.61,0.00%,1304
4875,"XLE",-2.73%,5.73%,8.88%,12.64%,38.69%,39.00%,41.59%,151.51%,84.10%,1.79%,1.87%,31270.10,0.07,62.01,-0.67%,106352
4876,"XLEI",-1.06%,3.07%,3.56%,4.67%,14.96%,9.79%,,,,1.23%,1.30%,65.38,0.52,27.72,0.08%,1693
4877,"XLEX",-3.64%,15.69%,,,7.91%,,,,,2.50%,2.75%,1.99,0.00,28.31,0.00%,0
4878,"XLF",1.58%,2.06%,12.83%,10.19%,5.62%,7.57%,70.20%,48.33%,195.49%,0.97%,1.01%,33969.67,0.05,57.85,-0.70%,89289
4879,"XLFI",1.47%,1.48%,8.94%,4.56%,-0.13%,-2.03%,,,,0.80%,0.83%,7.93,0.00,24.77,0.00%,0
4880,"XLFX",2.49%,1.38%,,,28.36%,,,,,0.53%,0.73%,1.65,0.00,31.32,0.00%,0
4881,"XLG",0.97%,6.58%,-2.71%,8.71%,5.43%,13.39%,79.39%,81.08%,307.94%,0.67%,1.01%,1504.41,0.01,62.50,0.81%,824
4882,"XLK",1.91%,12.02%,-0.14%,32.32%,29.60%,41.12%,121.20%,136.19%,693.16%,1.42%,1.91%,10635.82,0.05,186.59,2.05%,28440
4883,"XLKI",0.16%,5.45%,-5.81%,3.84%,3.85%,4.26%,,,,0.96%,1.29%,15.75,0.00,26.33,0.00%,0
4884,"XLP",0.33%,-2.01%,1.39%,-3.67%,10.20%,5.98%,18.20%,19.25%,57.61%,0.92%,1.23%,11372.66,0.00,85.60,-0.78%,1613
4885,"XLPX",-0.49%,-2.53%,,,7.88%,,,,,0.48%,0.34%,1.14,0.00,27.47,0.00%,0
4886,"XLRE",-0.02%,-1.94%,1.49%,3.30%,11.70%,6.83%,23.65%,-3.76%,36.16%,0.86%,1.18%,5170.57,0.02,45.07,-0.04%,4339
4887,"XLSR",-0.54%,3.42%,0.12%,6.92%,5.92%,14.72%,55.18%,47.19%,,0.52%,0.78%,61.94,0.00,66.00,0.00%,0
4888,"XLV",0.28%,3.99%,14.58%,9.82%,11.68%,26.22%,29.59%,28.41%,138.13%,1.32%,1.50%,10287.84,0.00,172.88,-0.38%,2137
4889,"XLVI",-0.59%,0.65%,7.61%,1.00%,2.72%,7.44%,,,,0.88%,0.84%,21.99,0.00,27.15,0.00%,0
4890,"XLVX",-2.37%,6.55%,,,35.47%,,,,,0.85%,0.71%,2.24,0.00,34.49,0.00%,0
4891,"XLY",0.27%,4.83%,-4.15%,-0.04%,-2.02%,0.11%,42.11%,28.68%,189.10%,0.92%,1.18%,7554.02,0.00,117.00,-0.14%,32
4892,"XMAG",-0.23%,2.77%,5.25%,12.34%,16.02%,21.08%,,,,1.10%,1.00%,83.81,0.00,26.19,0.00%,0
4893,"XMAR",0.10%,1.16%,1.95%,7.57%,8.56%,11.49%,37.27%,,,0.11%,0.13%,18.80,0.00,43.35,0.00%,0
4894,"XMAX",2.81%,8.42%,10.39%,48.14%,52.33%,354.73%,270.04%,-14.58%,-60.33%,4.09%,3.33%,1027.43,0.00,9.14,0.00%,0
4895,"XMAY",0.01%,1.59%,2.07%,4.24%,5.28%,8.34%,,,,0.05%,0.05%,2.28,0.00,36.72,0.00%,0
4896,"XME",4.89%,23.29%,-4.86%,0.23%,16.12%,48.48%,138.81%,168.43%,361.13%,2.82%,2.94%,2162.86,0.00,120.31,0.00%,152
4897,"XMHQ",0.23%,4.19%,9.63%,10.24%,16.93%,14.48%,53.75%,59.15%,206.98%,0.86%,0.95%,171.10,0.00,119.76,0.00%,0
4898,"XMLV",0.16%,-2.31%,4.69%,2.94%,9.42%,7.30%,33.86%,25.26%,74.25%,0.61%,0.75%,17.47,0.00,68.24,0.00%,0
4899,"XMVM",-0.13%,-0.47%,7.96%,10.04%,16.43%,23.82%,60.19%,60.30%,161.36%,0.94%,1.05%,28.57,0.00,74.70,0.00%,0
4900,"XNOV",0.20%,1.19%,2.18%,5.55%,6.24%,11.14%,,,,0.13%,0.17%,15.35,0.00,40.24,0.00%,0
4901,"XOCT",0.16%,1.13%,2.15%,5.39%,6.34%,9.99%,,,,0.10%,0.15%,30.69,0.00,40.13,0.00%,0
4902,"XOEF",0.32%,2.81%,5.20%,9.12%,17.85%,20.78%,,,,0.28%,0.44%,3.38,0.00,30.47,0.00%,0
4903,"XOEX",0.08%,3.30%,5.87%,12.84%,14.68%,22.97%,60.78%,,,0.30%,0.33%,54.23,0.00,41.96,0.00%,0
4904,"XOM",-5.50%,0.17%,6.84%,5.70%,30.47%,39.25%,45.04%,181.53%,79.91%,1.81%,2.07%,15828.87,0.02,157.01,-0.75%,13328
4905,"XOMX",-8.34%,6.39%,10.93%,4.51%,58.73%,76.71%,,,,3.24%,3.54%,22.66,0.00,45.99,0.00%,0
4906,"XOP",-1.99%,6.79%,11.37%,22.65%,45.51%,39.82%,25.87%,120.29%,23.30%,2.33%,2.41%,3403.46,0.02,183.72,-0.40%,3239
4907,"XOVR",2.80%,11.32%,0.98%,16.55%,2.09%,3.52%,76.36%,22.44%,,1.44%,1.99%,4581.08,0.01,20.56,0.34%,2977
4908,"XPH",-1.69%,5.52%,24.89%,24.65%,29.99%,54.52%,68.31%,50.28%,61.66%,1.37%,1.70%,100.87,0.00,72.81,0.00%,0
4909,"XPL",3.51%,14.90%,-2.73%,3.97%,17.51%,6.02%,36.01%,49.42%,3.65%,2.43%,3.53%,130.20,0.08,0.82,1.99%,500
4910,"XPP",-0.63%,-1.12%,-0.17%,-18.37%,-19.05%,-24.51%,21.75%,-58.71%,-58.05%,0.67%,1.02%,5.24,0.00,21.25,0.00%,0
4911,"XRLX",-0.17%,2.73%,-0.64%,4.58%,6.43%,7.53%,,,,0.08%,0.21%,1.66,0.00,48.92,0.00%,0
4912,"XRPN",-0.08%,0.40%,0.98%,1.87%,2.46%,2.16%,,,,0.26%,0.23%,44.97,0.67,10.49,-0.55%,1505
4913,"XSEP",0.04%,1.07%,2.04%,5.31%,6.28%,8.94%,31.36%,,,0.17%,0.13%,7.71,0.00,45.04,0.00%,0
4914,"XSHP",0.86%,21.38%,,,-33.91%,,,,,4.13%,5.42%,17.83,0.00,17.45,0.00%,0
4915,"XSHQ",-0.59%,1.31%,5.22%,8.64%,15.31%,9.82%,33.75%,31.77%,,0.60%,0.94%,47.56,0.00,48.54,0.00%,0
4916,"XSLL",-0.20%,0.30%,0.71%,,1.22%,,,,,0.03%,0.07%,38.22,0.00,9.95,0.00%,0
4917,"XSLV",-0.06%,-2.28%,5.97%,6.99%,14.47%,12.16%,29.49%,11.12%,36.91%,0.44%,0.62%,6.85,0.00,53.08,0.00%,0
4918,"XSOE",1.40%,7.90%,-2.52%,6.77%,22.14%,33.05%,72.12%,25.20%,104.25%,0.79%,1.19%,130.86,0.00,47.66,0.00%,0
4919,"XSPI",-0.17%,2.85%,-1.01%,1.50%,-0.18%,,,,,0.58%,0.82%,67.51,0.00,50.05,0.00%,0
4920,"XSW",0.74%,10.16%,18.62%,30.77%,7.47%,6.45%,55.15%,12.85%,270.04%,1.42%,2.04%,52.36,0.00,201.12,0.63%,4
4921,"XT",1.29%,7.64%,-0.34%,14.68%,19.19%,30.48%,65.61%,35.12%,241.02%,0.77%,0.95%,87.65,0.40,83.12,1.13%,1763
4922,"XTAI",3.28%,25.55%,,,-7.43%,,,,,0.17%,0.52%,2.56,0.00,22.96,0.00%,0
4923,"XTAP",0.10%,1.87%,2.92%,12.76%,13.95%,18.39%,63.41%,67.62%,,0.00%,0.05%,0.49,0.00,46.36,0.00%,0
4924,"XTERU",0.05%,,,,0.00%,,,,,0.17%,,1520.86,0.00,9.95,0.00%,0
4925,"XTJA",0.18%,2.14%,3.34%,8.94%,10.42%,15.17%,51.23%,,,0.07%,0.11%,2.57,0.00,34.92,0.00%,0
4926,"XTJL",0.00%,2.81%,3.03%,6.84%,8.39%,13.25%,54.57%,59.03%,,0.07%,0.20%,3.67,0.00,42.14,0.00%,0
4927,"XTOC",0.16%,1.73%,3.21%,8.84%,10.48%,14.42%,51.36%,,,0.04%,0.14%,6.90,0.00,36.99,0.00%,0
4928,"XTR",-0.36%,2.94%,1.24%,8.13%,9.39%,14.19%,33.18%,26.33%,,0.15%,0.32%,2.15,0.00,28.93,0.00%,0
4929,"XUDV",0.51%,3.08%,7.98%,16.67%,28.39%,27.44%,,,,0.38%,0.69%,12.10,0.00,34.00,0.00%,0
4930,"XUSP",-0.69%,4.06%,1.48%,11.89%,13.49%,21.85%,93.35%,,,0.45%,0.64%,5.08,0.00,53.90,0.00%,0
4931,"XVAP",-1.06%,,,,-1.13%,,,,,0.54%,,0.13,0.00,30.32,0.00%,0
4932,"XVO",-1.56%,2.11%,,,5.15%,,,,,0.19%,0.05%,0.23,0.00,26.24,0.00%,0
4933,"XVUG",-1.73%,8.24%,,,-6.78%,,,,,0.13%,0.04%,0.27,0.00,22.78,0.00%,0
4934,"XVV",-0.29%,3.46%,2.18%,10.86%,11.18%,17.06%,74.97%,70.26%,,0.45%,0.68%,17.06,0.00,58.59,0.00%,0
4935,"XW",1.73%,9.84%,,,-2.91%,,,,,0.00%,0.09%,0.31,0.00,24.82,0.00%,0
4936,"XXX",7.30%,10.17%,3.83%,7.62%,3.10%,,,,,0.57%,0.46%,1.01,0.00,21.62,0.00%,0
4937,"XYLG",-0.49%,2.28%,2.17%,6.10%,7.05%,12.53%,15.88%,5.60%,,0.30%,0.52%,16.42,0.00,29.44,0.00%,0
4938,"XYZ",3.47%,0.83%,11.45%,51.95%,27.30%,4.37%,48.34%,-69.08%,588.21%,3.03%,3.08%,5359.54,0.02,82.86,-0.29%,5289
4939,"XYZG",5.13%,-1.71%,25.90%,113.95%,27.55%,-26.88%,,,,2.89%,4.05%,10.12,0.00,18.79,0.00%,0
4940,"YALA",1.45%,2.95%,-7.91%,-21.05%,-19.45%,-29.06%,12.47%,-42.84%,,2.15%,2.79%,316.72,0.00,5.59,0.00%,0
4941,"YALL",0.28%,5.56%,1.78%,-0.24%,2.58%,2.11%,64.75%,,,0.48%,0.75%,8.94,0.00,44.35,0.00%,0
4942,"YCY",-0.10%,0.54%,0.98%,1.89%,2.99%,,,,,0.08%,0.04%,46.93,0.00,10.26,0.00%,0
4943,"YDEC",0.37%,2.13%,3.29%,3.61%,8.00%,11.10%,32.29%,30.31%,,0.37%,0.41%,9.29,0.00,28.28,0.00%,0
4944,"YGLD",2.50%,24.50%,4.88%,-23.40%,-6.43%,15.44%,,,,2.98%,2.64%,13.48,0.00,38.60,0.00%,0
4945,"YHNA",0.18%,0.46%,1.10%,2.91%,3.49%,5.07%,,,,0.21%,0.15%,3.78,0.00,10.98,0.00%,0
4946,"YJUN",0.40%,2.55%,2.93%,4.39%,7.59%,10.94%,37.77%,36.35%,,0.41%,0.49%,26.62,0.00,27.59,0.00%,0
4947,"YLD",0.13%,0.72%,-0.24%,-0.70%,0.05%,-1.48%,4.84%,-8.27%,-3.68%,0.25%,0.28%,180.92,0.00,19.01,0.00%,0
4948,"YLDE",0.42%,0.03%,3.47%,1.04%,6.87%,7.88%,37.99%,40.48%,,0.51%,0.63%,14.16,0.00,57.91,0.00%,0
4949,"YLDW",-0.05%,1.33%,0.25%,1.42%,3.52%,,,,,0.29%,0.47%,8.99,0.00,25.91,0.00%,0
4950,"YMAR",0.48%,1.98%,3.05%,6.00%,8.67%,13.01%,42.11%,40.18%,,0.30%,0.40%,11.63,0.00,29.36,0.00%,0
4951,"YNOT",0.22%,9.24%,-2.18%,12.03%,15.13%,23.23%,,,,1.30%,1.51%,54.94,0.00,32.47,0.00%,0
4952,"YPF",0.42%,0.86%,-2.56%,34.74%,39.02%,63.69%,240.81%,923.83%,195.01%,2.90%,3.60%,1492.90,0.00,50.27,0.00%,0
4953,"YRAM",,,,,0.71%,,,,,,,9.95,0.00,51.52,0.00%,0
4954,"YSAG",2.64%,19.44%,,,16.88%,,,,,0.68%,0.82%,1.52,0.00,68.29,0.00%,0
4955,"YSAU",2.00%,14.16%,,,13.02%,,,,,1.15%,1.06%,3.39,0.00,46.04,0.00%,0
4956,"YSEP",0.41%,2.34%,3.95%,4.67%,9.07%,13.64%,45.85%,,,0.26%,0.33%,12.33,0.00,28.38,0.00%,0
4957,"YSPC",3.22%,11.48%,,,-6.77%,,,,,3.15%,4.76%,16.15,0.19,47.47,-0.22%,156
4958,"YSWY",-2.68%,26.55%,13.75%,,13.95%,,,,,3.71%,5.61%,460.85,0.00,25.07,0.00%,0
4959,"ZALT",0.03%,1.65%,2.34%,4.66%,5.90%,9.35%,,,,0.28%,0.32%,137.29,0.00,34.49,0.00%,0
4960,"ZAPR",-0.02%,0.64%,1.11%,3.50%,4.31%,6.26%,,,,0.09%,0.17%,13.10,0.00,26.89,0.00%,0
4961,"ZAUG",-0.04%,0.87%,1.66%,3.55%,4.36%,6.33%,,,,0.13%,0.19%,50.02,0.00,27.88,0.00%,0
4962,"ZBIO",5.73%,2.32%,82.64%,26.93%,-9.01%,94.35%,,,,6.32%,6.31%,844.46,0.00,33.04,0.00%,0
4963,"ZCSH",39.55%,109.50%,56.93%,313.26%,101.24%,1707.71%,3283.42%,,,8.91%,6.66%,97.07,0.15,63.27,0.46%,738
4964,"ZDEK",-0.00%,0.81%,1.35%,3.21%,3.80%,6.97%,,,,0.09%,0.10%,8.32,0.00,26.72,0.00%,0
4965,"ZECP",-0.45%,1.51%,3.36%,6.37%,10.28%,16.84%,54.64%,53.40%,,0.48%,0.61%,44.33,0.00,38.33,0.00%,0
4966,"ZETA",2.98%,29.89%,42.12%,58.80%,40.93%,43.98%,270.54%,303.38%,,4.54%,5.54%,9045.27,0.02,28.68,1.59%,10392
4967,"ZETX",-4.30%,57.98%,77.38%,81.00%,90.16%,,,,,6.02%,8.72%,53.28,0.00,34.57,0.00%,0
4968,"ZFEB",0.02%,0.81%,1.21%,2.62%,3.49%,6.21%,,,,0.06%,0.10%,9.62,0.00,26.26,0.00%,0
4969,"ZHDG",-0.39%,2.56%,1.22%,5.71%,5.88%,8.91%,37.57%,17.85%,,1.04%,0.80%,4.80,0.00,23.96,0.00%,0
4970,"ZIG",0.05%,1.66%,3.09%,4.74%,13.02%,6.18%,32.32%,41.80%,,0.24%,0.36%,0.96,0.00,41.08,0.00%,0
4971,"ZIM",2.14%,12.86%,14.68%,-3.88%,30.66%,95.21%,143.16%,-41.13%,,2.62%,3.45%,1453.46,0.01,27.74,0.36%,728
4972,"ZINC",0.17%,-0.48%,,,6.32%,,,,,0.51%,0.62%,7.91,0.00,26.80,0.00%,0
4973,"ZJAN",0.04%,0.71%,1.29%,2.82%,3.40%,5.92%,,,,0.11%,0.12%,9.37,0.00,28.29,0.00%,0
4974,"ZJUL",-0.13%,0.88%,1.46%,3.19%,4.01%,5.85%,,,,0.27%,0.32%,60.29,0.00,30.23,0.00%,0
4975,"ZJUN",-0.09%,0.95%,0.98%,2.35%,3.07%,5.03%,,,,0.16%,0.19%,116.43,0.00,27.66,0.00%,0
4976,"ZKP",0.20%,0.40%,0.80%,1.21%,0.20%,,,,,0.00%,0.05%,57.10,0.00,10.02,0.00%,0
4977,"ZMAR",-0.04%,0.83%,1.21%,2.83%,3.75%,6.16%,,,,0.08%,0.10%,9.83,0.00,28.52,0.00%,0
4978,"ZMAY",-0.02%,1.00%,1.10%,2.70%,3.27%,5.18%,,,,0.20%,0.24%,48.43,0.00,26.25,0.00%,0
4979,"ZMUN",0.03%,0.21%,-0.21%,-0.19%,0.01%,,,,,0.07%,0.04%,6.61,0.00,50.09,0.00%,0
4980,"ZNOV",0.02%,0.94%,1.46%,3.43%,4.14%,6.02%,,,,0.17%,0.21%,24.36,0.00,27.78,0.00%,0
4981,"ZOCT",0.11%,0.83%,1.49%,3.48%,4.13%,5.95%,,,,0.15%,0.13%,11.07,0.00,27.94,0.00%,0
4982,"ZSB",0.09%,2.04%,-6.28%,-3.24%,4.53%,48.42%,9.73%,,,0.14%,0.09%,0.27,0.00,22.04,0.00%,0
4983,"ZSC",-0.08%,2.68%,0.67%,7.31%,10.15%,25.72%,7.15%,,,0.12%,0.22%,0.40,0.00,30.88,0.00%,0
4984,"ZSEP",0.18%,0.58%,1.50%,3.30%,3.92%,5.96%,,,,0.16%,0.14%,8.38,0.00,27.83,0.00%,0
4985,"ZTR",1.03%,0.73%,1.48%,-2.42%,8.89%,8.20%,20.77%,-27.60%,-40.93%,1.41%,1.01%,157.39,0.00,6.86,0.00%,0
4986,"ZYME",11.59%,34.71%,16.37%,24.53%,12.61%,98.59%,285.06%,-9.82%,,9.63%,5.64%,632.58,0.02,29.65,1.18%,788
